{"type":"FeatureCollection", "features": [
{"type":"Feature","geometry":{"type":"MultiPolygon","coordinates":[[[[150.00563513513512,-37.14263513513514],[150.006,-37.143],[150.006,-37.141],[150.00527976190475,-37.14172023809524],[150.005,-37.141],[149.873,-37.083],[149.945,-37.054],[149.905,-36.915],[150.149,-36.267],[150.15,-35.891],[150.237,-35.802],[150.177,-35.703],[150.307,-35.686],[150.33122977501196,-35.630172331258976],[150.335,-35.633],[150.334,-35.632],[150.33123622047242,-35.63015748031496],[150.478,-35.292],[150.702,-35.123],[150.679,-35.024],[150.76,-34.992],[150.834,-35.074],[150.75,-34.855],[150.904,-34.597],[150.797,-34.546],[150.922,-34.494],[150.928,-34.317],[151.172,-34.086],[151.061,-34.064],[151.232,-34.017],[151.018,-33.975],[151.266,-33.968],[151.281,-33.833],[151.2354362221126,-33.83121706956093],[151.204,-33.772],[151.302,-33.823],[151.335,-33.582],[151.312,-33.667],[151.293,-33.572],[151.149,-33.655],[151.247,-33.578],[151.1994143445602,-33.53510588805429],[151.237,-33.454],[151.259,-33.571],[151.35,-33.516],[151.323,-33.428],[151.383,-33.472],[151.345,-33.547],[151.417,-33.523],[151.504,-33.362],[151.442,-33.307],[151.562,-33.195],[151.502,-33.344],[151.579,-33.282],[151.666,-33.087],[151.568,-33.175],[151.51,-33.093],[151.614,-33.082],[151.614,-32.963],[151.661,-33.084],[151.803,-32.916],[151.80053398185882,-32.91403983173393],[152.116,-32.793],[152.188,-32.712],[151.943,-32.739],[151.945,-32.676],[151.97278625954198,-32.67867175572519],[151.975,-32.68],[151.97451585976629,-32.678838063439066],[152.205,-32.701],[152.336,-32.527],[152.54,-32.444],[152.544,-32.036],[152.755,-31.845],[152.938,-31.476],[153.091,-30.922],[152.989,-30.732],[153.032,-30.499],[153.273,-29.917],[153.346,-29.291],[153.59,-28.878],[153.527,-28.873],[153.609,-28.843],[153.586,-28.258],[153.556,-28.17],[153.553,-28.238],[153.493,-28.216],[153.552,-28.164],[153.177,-28.25],[153.108,-28.358],[152.88,-28.31],[152.751,-28.364],[152.614,-28.269],[152.58,-28.339],[152.463,-28.259],[152.388,-28.367],[151.955,-28.519],[152.076,-28.708],[152.011,-28.907],[151.777,-28.959],[151.706,-28.872],[151.46370951897484,-29.074128200203045],[151.394,-29.178],[151.36354013277005,-29.157693421846705],[151.338,-29.179],[151.32580303030304,-29.13253535353535],[151.28,-29.102],[151.2740218684676,-28.938597738114378],[151.044,-28.844],[151.01,-28.741],[150.751,-28.634],[150.442,-28.664],[150.29,-28.537],[149.704,-28.634],[149.503,-28.574],[148.958,-28.999],[140.999,-28.999],[141.001995759332,-34.03187567774964],[141.002,-34.039],[141.00770716793116,-34.03952315706036],[141.242,-34.061],[141.35623991614256,-34.127071593291404],[141.51,-34.216],[141.677,-34.101],[141.71257343280257,-34.100901458634894],[141.7990587344703,-34.10066188716213],[142.038,-34.1],[142.1417759976483,-34.1486108620563],[142.17055813953488,-34.16209302325581],[142.228,-34.189],[142.236,-34.307],[142.397,-34.338],[142.368,-34.53],[142.468,-34.564],[142.524,-34.759],[142.5524419092695,-34.76419373995356],[142.57565254237286,-34.76843220338983],[142.639,-34.78],[142.66752817231153,-34.73608162946777],[142.69597163574323,-34.69229366602687],[142.791,-34.546],[142.887,-34.68],[143.112,-34.681],[143.348,-34.792],[143.322,-35.037],[143.395,-35.192],[143.571,-35.207],[143.62,-35.388],[143.97,-35.5],[144.727,-36.118],[144.982,-36.072],[144.924,-35.989],[144.992,-35.852],[145.535,-35.802],[145.811,-35.992],[146.369,-36.051],[146.503,-35.958],[146.944,-36.116],[147.053,-36.108],[147.123,-35.994],[147.32,-36.061],[147.405,-35.943],[147.912,-35.995],[148.038,-36.141],[148.038,-36.39],[148.218,-36.598],[148.109,-36.801],[149.977,-37.505],[149.944,-37.278],[150.052,-37.262],[150.00563513513512,-37.14263513513514]],[[151.78982432432431,-32.90552702702703],[151.686,-32.823],[151.817,-32.824],[151.78982432432431,-32.90552702702703]],[[151.19847218766662,-33.534256619868515],[151.176,-33.514],[151.103,-33.588],[151.156,-33.467],[151.073,-33.449],[151.166,-33.427],[151.19847218766662,-33.534256619868515]],[[149.094,-35.64],[149.096,-35.846],[149.049,-35.92],[148.962,-35.897],[148.887,-35.719],[148.791,-35.703],[148.763,-35.495],[148.81,-35.307],[149.121,-35.124],[149.399,-35.319],[149.205,-35.347],[149.094,-35.64]]],[[[159.063,-31.516],[159.074,-31.598],[159.105,-31.564],[159.063,-31.516]]],[[[152.324,-32.616],[152.305,-32.607],[152.312,-32.627],[152.324,-32.616]]],[[[150.231,-36.245],[150.223,-36.246],[150.227,-36.26],[150.231,-36.245]]],[[[152.198,-32.746],[152.192,-32.74],[152.185,-32.75],[152.198,-32.746]]],[[[151.599,-33.099],[151.591,-33.088],[151.585,-33.092],[151.599,-33.099]]],[[[150.419,-35.531],[150.421,-35.526],[150.411,-35.53],[150.419,-35.531]]],[[[151.204,-33.533],[151.217,-33.53],[151.212,-33.528],[151.204,-33.533]]],[[[152.223,-32.689],[152.229,-32.687],[152.223,-32.684],[152.223,-32.689]]],[[[150.929,-34.492],[150.936,-34.493],[150.928,-34.488],[150.929,-34.492]]],[[[152.331,-32.619],[152.336,-32.625],[152.336,-32.62],[152.331,-32.619]]],[[[151.239,-33.537],[151.235,-33.542],[151.244,-33.537],[151.239,-33.537]]],[[[151.179,-33.515],[151.183,-33.519],[151.177,-33.507],[151.179,-33.515]]],[[[152.228,-32.706],[152.226,-32.709],[152.231,-32.71],[152.228,-32.706]]],[[[151.998,-32.701],[152.003,-32.706],[152.002,-32.702],[151.998,-32.701]]],[[[151.315,-33.556],[151.318,-33.559],[151.321,-33.557],[151.315,-33.556]]],[[[159.068,-31.501],[159.07,-31.497],[159.066,-31.498],[159.068,-31.501]]],[[[153.393,-29.932],[153.395,-29.933],[153.393,-29.927],[153.393,-29.932]]],[[[153.267,-30.203],[153.267,-30.208],[153.269,-30.206],[153.267,-30.203]]],[[[152.055,-32.703],[152.059,-32.702],[152.057,-32.7],[152.055,-32.703]]],[[[151.64,-33.058],[151.641,-33.062],[151.643,-33.062],[151.64,-33.058]]],[[[150.877,-34.545],[150.879,-34.547],[150.882,-34.546],[150.877,-34.545]]],[[[150.258,-35.751],[150.257,-35.749],[150.255,-35.752],[150.258,-35.751]]],[[[150.515,-35.273],[150.518,-35.272],[150.514,-35.271],[150.515,-35.273]]],[[[153.391,-29.926],[153.392,-29.924],[153.389,-29.923],[153.391,-29.926]]],[[[150.26,-35.748],[150.261,-35.751],[150.262,-35.748],[150.26,-35.748]]],[[[151.152,-33.528],[151.154,-33.528],[151.153,-33.525],[151.152,-33.528]]],[[[153.225,-30.16],[153.227,-30.162],[153.229,-30.161],[153.225,-30.16]]],[[[151.675,-33.087],[151.672,-33.087],[151.671,-33.089],[151.675,-33.087]]],[[[150.234,-35.819],[150.237,-35.818],[150.234,-35.817],[150.234,-35.819]]],[[[152.066,-32.695],[152.069,-32.694],[152.066,-32.693],[152.066,-32.695]]],[[[152.316,-32.63],[152.318,-32.631],[152.317,-32.628],[152.316,-32.63]]],[[[150.929,-34.456],[150.931,-34.457],[150.93,-34.454],[150.929,-34.456]]],[[[151.573,-33.291],[151.572,-33.289],[151.57,-33.29],[151.573,-33.291]]],[[[153.182,-30.241],[153.181,-30.239],[153.179,-30.24],[153.182,-30.241]]],[[[159.107,-31.54],[159.107,-31.542],[159.109,-31.539],[159.107,-31.54]]],[[[150.389,-35.553],[150.392,-35.555],[150.391,-35.553],[150.389,-35.553]]],[[[153.579,-28.196],[153.578,-28.195],[153.576,-28.196],[153.579,-28.196]]],[[[153.076,-30.43],[153.075,-30.43],[153.078,-30.433],[153.076,-30.43]]],[[[152.142,-32.768],[152.145,-32.768],[152.143,-32.767],[152.142,-32.768]]],[[[153.278,-29.919],[153.276,-29.92],[153.277,-29.921],[153.278,-29.919]]],[[[150.947,-34.465],[150.944,-34.464],[150.945,-34.465],[150.947,-34.465]]],[[[153.207,-30.13],[153.207,-30.131],[153.209,-30.13],[153.207,-30.13]]],[[[159.07,-31.496],[159.071,-31.496],[159.071,-31.494],[159.07,-31.496]]],[[[152.242,-32.701],[152.243,-32.702],[152.243,-32.7],[152.242,-32.701]]],[[[152.541,-32.448],[152.543,-32.448],[152.542,-32.447],[152.541,-32.448]]],[[[152.177,-32.756],[152.179,-32.756],[152.177,-32.755],[152.177,-32.756]]],[[[150.362,-35.576],[150.365,-35.578],[150.364,-35.577],[150.362,-35.576]]],[[[149.955,-37.109],[149.955,-37.108],[149.954,-37.108],[149.955,-37.109]]],[[[152.548,-32.071],[152.549,-32.072],[152.549,-32.071],[152.548,-32.071]]],[[[152.545,-32.08],[152.546,-32.081],[152.546,-32.08],[152.545,-32.08]]],[[[152.205,-32.742],[152.204,-32.743],[152.205,-32.743],[152.205,-32.742]]],[[[151.329,-33.661],[151.33,-33.661],[151.328,-33.66],[151.329,-33.661]]],[[[153.26,-29.974],[153.26,-29.975],[153.261,-29.975],[153.26,-29.974]]],[[[153.09,-30.911],[153.091,-30.911],[153.091,-30.91],[153.09,-30.911]]],[[[153.1,-30.938],[153.102,-30.939],[153.101,-30.938],[153.1,-30.938]]],[[[153.088,-30.911],[153.089,-30.911],[153.088,-30.91],[153.088,-30.911]]],[[[153.076,-30.879],[153.077,-30.879],[153.077,-30.878],[153.076,-30.879]]],[[[153.065,-31.056],[153.066,-31.056],[153.065,-31.055],[153.065,-31.056]]],[[[153.088,-30.916],[153.089,-30.916],[153.088,-30.915],[153.088,-30.916]]],[[[159.072,-31.487],[159.071,-31.487],[159.071,-31.488],[159.072,-31.487]]],[[[159.105,-31.541],[159.106,-31.541],[159.106,-31.54],[159.105,-31.541]]],[[[159.073,-31.502],[159.072,-31.503],[159.074,-31.502],[159.073,-31.502]]],[[[153.303,-29.773],[153.304,-29.774],[153.304,-29.773],[153.303,-29.773]]],[[[153.208,-30.095],[153.207,-30.096],[153.208,-30.096],[153.208,-30.095]]],[[[153.571,-28.874],[153.572,-28.874],[153.571,-28.873],[153.571,-28.874]]],[[[149.97,-36.786],[149.969,-36.786],[149.969,-36.787],[149.97,-36.786]]],[[[149.948,-37.018],[149.949,-37.018],[149.948,-37.017],[149.948,-37.018]]],[[[153.143,-30.296],[153.144,-30.296],[153.144,-30.295],[153.143,-30.296]]],[[[150.212,-35.725],[150.213,-35.726],[150.213,-35.725],[150.212,-35.725]]],[[[150.298,-35.691],[150.299,-35.692],[150.299,-35.691],[150.298,-35.691]]],[[[152.226,-32.692],[152.225,-32.692],[152.225,-32.693],[152.226,-32.692]]],[[[152.552,-32.463],[152.553,-32.463],[152.553,-32.462],[152.552,-32.463]]],[[[151.667,-33.094],[151.668,-33.094],[151.668,-33.093],[151.667,-33.094]]],[[[152.054,-32.695],[152.055,-32.695],[152.054,-32.694],[152.054,-32.695]]],[[[152.172,-32.762],[152.173,-32.763],[152.173,-32.762],[152.172,-32.762]]],[[[152.146,-32.766],[152.147,-32.766],[152.146,-32.765],[152.146,-32.766]]],[[[152.161,-32.764],[152.162,-32.765],[152.162,-32.764],[152.161,-32.764]]],[[[152.12,-32.79],[152.121,-32.789],[152.12,-32.789],[152.12,-32.79]]],[[[159.064,-31.502],[159.065,-31.502],[159.064,-31.501],[159.064,-31.502]]],[[[153.207,-30.13],[153.206,-30.129],[153.206,-30.13],[153.207,-30.13]]],[[[149.974,-36.778],[149.973,-36.777],[149.973,-36.778],[149.973,-36.779],[149.974,-36.778]]],[[[153.26,-29.974],[153.259,-29.973],[153.258,-29.973],[153.26,-29.974]]],[[[150.937,-34.495],[150.938,-34.495],[150.939,-34.494],[150.937,-34.495]]],[[[159.068,-31.505],[159.069,-31.504],[159.068,-31.504],[159.068,-31.505]]]]},"properties":{"state_code":"1","state_name":"New South Wales","boundary_edition":2026}},
{"type":"Feature","geometry":{"type":"MultiPolygon","coordinates":[[[[141.001995759332,-34.03187567774964],[140.97710249150384,-33.99854401404754],[140.966,-38.056],[141.295,-38.221],[141.374,-38.387],[141.626,-38.406],[141.602,-38.313],[141.742,-38.253],[142.146,-38.391],[142.373,-38.349],[143.07030113895215,-38.648349430523915],[143.069,-38.649],[143.069,-38.65],[143.07054561611375,-38.64845438388625],[143.554,-38.856],[144.037,-38.476],[144.429,-38.282],[144.672,-38.265],[144.623,-38.251],[144.706,-38.21],[144.692,-38.12],[144.478,-38.164],[144.362,-38.105],[144.926,-37.84],[145.118,-38.144],[144.923,-38.349],[144.652,-38.304],[144.937,-38.497],[145.234,-38.41],[145.184,-38.375],[145.255,-38.223],[145.489,-38.233],[145.549,-38.372],[145.416,-38.407],[145.372,-38.536],[145.607,-38.679],[145.766,-38.667],[145.921,-38.91],[146.034,-38.813],[146.134,-38.837],[146.375,-39.137],[146.483,-39.061],[146.432,-39.011],[146.479,-38.792],[146.293,-38.905],[146.212,-38.693],[146.551,-38.704],[146.5524150943396,-38.70358490566038],[146.552,-38.704],[146.562,-38.705],[146.55567581047382,-38.702628428927675],[146.7929371912491,-38.633031757233596],[146.852,-38.634],[146.88,-38.616],[146.79686383601756,-38.631879941434846],[146.926,-38.594],[146.883,-38.635],[147.788,-37.955],[148.29,-37.811],[149.485,-37.775],[149.775,-37.558],[149.976,-37.505],[148.109,-36.801],[148.218,-36.598],[148.038,-36.39],[148.038,-36.141],[147.912,-35.995],[147.405,-35.943],[147.32,-36.061],[147.123,-35.994],[147.053,-36.108],[146.944,-36.116],[146.503,-35.958],[146.369,-36.051],[145.811,-35.992],[145.535,-35.802],[144.992,-35.852],[144.924,-35.989],[144.982,-36.072],[144.727,-36.118],[143.97,-35.5],[143.62,-35.388],[143.571,-35.207],[143.395,-35.192],[143.322,-35.037],[143.348,-34.792],[143.112,-34.681],[142.887,-34.68],[142.791,-34.546],[142.69597163574323,-34.69229366602687],[142.699,-34.725],[142.66752817231153,-34.73608162946777],[142.639,-34.78],[142.57565254237286,-34.76843220338983],[142.5524419092695,-34.76419373995356],[142.524,-34.759],[142.468,-34.564],[142.368,-34.53],[142.397,-34.338],[142.236,-34.307],[142.17055813953488,-34.16209302325581],[142.1417759976483,-34.1486108620563],[141.7990587344703,-34.10066188716213],[141.71257343280257,-34.100901458634894],[141.51,-34.216],[141.35623991614256,-34.127071593291404],[141.023,-34.06],[141.00770716793116,-34.03952315706036],[141.002,-34.039],[141.001995759332,-34.03187567774964]]],[[[145.168,-38.466],[145.116,-38.518],[145.361,-38.566],[145.299,-38.452],[145.168,-38.466]]],[[[145.277,-38.388],[145.503,-38.353],[145.297,-38.282],[145.277,-38.388]]],[[[146.627,-38.724],[146.678,-38.708],[146.585,-38.714],[146.627,-38.724]]],[[[146.868,-38.646],[146.836,-38.654],[146.828,-38.679],[146.868,-38.646]]],[[[146.463,-38.714],[146.439,-38.728],[146.502,-38.716],[146.463,-38.714]]],[[[146.814,-38.677],[146.753,-38.69],[146.826,-38.684],[146.814,-38.677]]],[[[144.668,-38.255],[144.702,-38.243],[144.679,-38.238],[144.668,-38.255]]],[[[146.568,-38.742],[146.55144642857144,-38.74151785714285],[146.553,-38.741],[146.546,-38.74],[146.54533014354067,-38.74133971291866],[146.52783,-38.740829999999995],[146.527,-38.74],[146.5266028708134,-38.7407942583732],[146.465,-38.739],[146.52614457831325,-38.74171084337349],[146.526,-38.742],[146.52654298642534,-38.741728506787325],[146.54473253012048,-38.74253493975903],[146.544,-38.744],[146.54796521739132,-38.74267826086956],[146.6326956521739,-38.746434782608695],[146.622,-38.75],[146.643,-38.747],[146.64288659793814,-38.74688659793814],[146.668,-38.748],[146.64246808510637,-38.74646808510638],[146.64,-38.744],[146.63410169491524,-38.74596610169491],[146.568,-38.742]]],[[[146.815,-38.659],[146.794,-38.657],[146.786,-38.669],[146.815,-38.659]]],[[[146.63,-38.724],[146.653,-38.727],[146.669,-38.718],[146.63,-38.724]]],[[[146.724,-38.677],[146.728,-38.661],[146.71,-38.677],[146.724,-38.677]]],[[[146.697,-38.687],[146.716,-38.687],[146.708,-38.677],[146.697,-38.687]]],[[[149.906,-37.564],[149.918,-37.568],[149.905,-37.548],[149.906,-37.564]]],[[[146.669,-38.683],[146.683,-38.69],[146.685,-38.678],[146.669,-38.683]]],[[[146.322,-39.145],[146.329,-39.139],[146.312,-39.135],[146.322,-39.145]]],[[[142.009,-38.417],[141.993,-38.417],[141.999,-38.425],[142.009,-38.417]]],[[[145.338,-38.494],[145.333,-38.499],[145.346,-38.509],[145.338,-38.494]]],[[[146.239,-39.019],[146.242,-39.03],[146.246,-39.024],[146.239,-39.019]]],[[[146.626,-38.692],[146.622,-38.695],[146.634,-38.697],[146.626,-38.692]]],[[[146.763,-38.659],[146.774,-38.66],[146.756,-38.655],[146.763,-38.659]]],[[[146.803,-38.666],[146.809,-38.666],[146.822,-38.66],[146.803,-38.666]]],[[[145.366,-38.416],[145.372,-38.418],[145.369,-38.411],[145.366,-38.416]]],[[[146.31,-39.157],[146.315,-39.157],[146.309,-39.15],[146.31,-39.157]]],[[[146.237,-39.109],[146.241,-39.108],[146.237,-39.101],[146.237,-39.109]]],[[[146.224,-38.97],[146.234,-38.968],[146.224,-38.967],[146.224,-38.97]]],[[[146.642,-38.686],[146.645,-38.688],[146.651,-38.683],[146.642,-38.686]]],[[[146.514,-38.91],[146.506,-38.913],[146.512,-38.914],[146.514,-38.91]]],[[[146.732,-38.667],[146.737,-38.667],[146.729,-38.662],[146.732,-38.667]]],[[[145.213,-38.329],[145.209,-38.327],[145.209,-38.333],[145.213,-38.329]]],[[[146.356,-39.139],[146.36,-39.141],[146.368,-39.139],[146.356,-39.139]]],[[[146.741,-38.667],[146.738,-38.669],[146.748,-38.669],[146.741,-38.667]]],[[[146.746,-38.678],[146.745,-38.675],[146.74,-38.679],[146.746,-38.678]]],[[[146.662,-38.922],[146.661,-38.927],[146.665,-38.926],[146.662,-38.922]]],[[[146.692,-38.709],[146.7,-38.71],[146.695,-38.707],[146.692,-38.709]]],[[[146.235,-39.114],[146.237,-39.118],[146.239,-39.114],[146.235,-39.114]]],[[[146.676,-38.942],[146.679,-38.941],[146.674,-38.938],[146.676,-38.942]]],[[[146.51,-38.724],[146.517,-38.721],[146.51,-38.722],[146.51,-38.724]]],[[[146.231,-39.088],[146.237,-39.098],[146.222,-39.071],[146.231,-39.088]]],[[[146.529,-38.713],[146.532,-38.716],[146.536,-38.716],[146.529,-38.713]]],[[[146.565,-38.714],[146.568,-38.716],[146.572,-38.715],[146.565,-38.714]]],[[[146.573,-38.701],[146.571,-38.705],[146.574,-38.704],[146.573,-38.701]]],[[[144.667,-38.259],[144.666,-38.257],[144.662,-38.259],[144.667,-38.259]]],[[[146.24,-39.116],[146.244,-39.117],[146.242,-39.114],[146.24,-39.116]]],[[[146.368,-38.842],[146.371,-38.844],[146.371,-38.841],[146.368,-38.842]]],[[[146.725,-38.684],[146.719,-38.685],[146.722,-38.686],[146.725,-38.684]]],[[[146.82,-38.665],[146.829,-38.661],[146.827,-38.661],[146.82,-38.665]]],[[[146.758,-38.675],[146.762,-38.673],[146.754,-38.675],[146.758,-38.675]]],[[[146.705,-38.952],[146.707,-38.95],[146.704,-38.949],[146.705,-38.952]]],[[[146.874,-38.632],[146.879,-38.628],[146.872,-38.632],[146.874,-38.632]]],[[[146.68,-38.955],[146.684,-38.954],[146.681,-38.953],[146.68,-38.955]]],[[[146.651,-38.686],[146.658,-38.686],[146.652,-38.685],[146.651,-38.686]]],[[[146.293,-39.158],[146.295,-39.159],[146.296,-39.156],[146.293,-39.158]]],[[[146.728,-38.685],[146.73,-38.686],[146.733,-38.685],[146.728,-38.685]]],[[[149.844,-37.556],[149.843,-37.557],[149.847,-37.557],[149.844,-37.556]]],[[[146.464,-38.736],[146.464,-38.738],[146.466,-38.737],[146.464,-38.736]]],[[[146.757,-38.672],[146.761,-38.67],[146.759,-38.67],[146.757,-38.672]]],[[[146.687,-38.699],[146.69,-38.697],[146.688,-38.697],[146.687,-38.699]]],[[[145.11,-38.52],[145.112,-38.519],[145.11,-38.518],[145.11,-38.52]]],[[[146.727,-38.679],[146.73,-38.678],[146.729,-38.677],[146.727,-38.679]]],[[[146.751,-38.675],[146.748,-38.677],[146.751,-38.676],[146.751,-38.675]]],[[[146.542,-38.746],[146.539,-38.748],[146.542,-38.747],[146.542,-38.746]]],[[[146.277,-38.772],[146.28,-38.772],[146.277,-38.771],[146.277,-38.772]]],[[[146.687,-38.699],[146.687,-38.7],[146.69,-38.701],[146.687,-38.699]]],[[[146.796,-38.667],[146.8,-38.666],[146.798,-38.666],[146.796,-38.667]]],[[[143.062,-38.65],[143.066,-38.649],[143.064,-38.649],[143.062,-38.65]]],[[[146.689,-38.687],[146.69,-38.685],[146.689,-38.685],[146.689,-38.687]]],[[[146.579,-38.702],[146.58,-38.703],[146.581,-38.702],[146.579,-38.702]]],[[[146.689,-38.71],[146.689,-38.709],[146.687,-38.711],[146.689,-38.71]]],[[[146.681,-38.673],[146.685,-38.675],[146.682,-38.673],[146.681,-38.673]]],[[[146.701,-38.703],[146.704,-38.702],[146.703,-38.702],[146.701,-38.703]]],[[[143.022,-38.63],[143.023,-38.629],[143.022,-38.629],[143.022,-38.63]]],[[[143.072,-38.651],[143.073,-38.65],[143.072,-38.65],[143.072,-38.651]]],[[[146.746,-38.672],[146.746,-38.673],[146.747,-38.672],[146.746,-38.672]]],[[[146.302,-39.154],[146.303,-39.154],[146.302,-39.153],[146.302,-39.154]]],[[[146.394,-38.806],[146.393,-38.807],[146.394,-38.807],[146.394,-38.806]]],[[[143.082,-38.655],[143.081,-38.655],[143.082,-38.656],[143.082,-38.655]]],[[[143.088,-38.659],[143.089,-38.658],[143.088,-38.658],[143.088,-38.659]]],[[[146.577,-38.699],[146.578,-38.701],[146.578,-38.7],[146.577,-38.699]]],[[[146.803,-38.676],[146.804,-38.677],[146.804,-38.676],[146.803,-38.676]]],[[[146.823,-38.678],[146.824,-38.68],[146.823,-38.677],[146.823,-38.678]]],[[[146.299,-39.156],[146.3,-39.155],[146.299,-39.155],[146.299,-39.156]]],[[[146.305,-39.152],[146.306,-39.152],[146.304,-39.151],[146.305,-39.152]]],[[[146.794,-38.667],[146.795,-38.667],[146.795,-38.666],[146.794,-38.667]]],[[[144.889,-38.5],[144.89,-38.501],[144.89,-38.5],[144.889,-38.5]]],[[[146.72,-38.703],[146.679,-38.727],[146.732,-38.696],[146.72,-38.703]]]]},"properties":{"state_code":"2","state_name":"Victoria","boundary_edition":2026}},
{"type":"Feature","geometry":{"type":"MultiPolygon","coordinates":[[[[153.552,-28.164],[153.45,-28.084],[153.4164544095665,-27.9388639760837],[153.418,-27.935],[153.41511710037176,-27.933078066914497],[153.401,-27.872],[153.343,-27.91],[153.38357872340424,-27.836451063829784],[153.396,-27.84],[153.396,-27.833],[153.3840726256983,-27.835555865921787],[153.38637906137183,-27.831375451263536],[153.392,-27.832],[153.387518134715,-27.829310880829013],[153.3893728813559,-27.82594915254237],[153.397,-27.829],[153.39075321336762,-27.823447300771203],[153.40419540229883,-27.799083333333357],[153.412,-27.791],[153.40897601918465,-27.790418465227816],[153.439,-27.736],[153.41640774878925,-27.73073879081394],[153.512,-27.499],[153.544,-27.426],[153.44,-27.393],[153.4136939767469,-27.73010681650271],[153.31892523364485,-27.70803738317757],[153.319,-27.708],[153.3188865248227,-27.708028368794324],[153.293,-27.702],[153.318,-27.582],[153.192,-27.476],[153.202,-27.353],[152.888,-27.591],[153.161,-27.377],[153.065,-27.301],[153.115,-27.191],[153.029,-27.179],[153.144,-27.076],[153.0807333908542,-27.00897497842968],[153.086,-27.007],[153.079,-27.002],[153.07843278688526,-27.00653770491803],[153.043,-26.969],[153.0888761061947,-26.898061946902647],[153.089,-26.898],[153.08891616766468,-26.898],[153.1293485469271,-26.835479561696065],[153.117,-27.026],[153.207,-27.084],[153.13545028852522,-26.826044461261954],[153.151,-26.802],[153.061,-26.313],[153.192,-25.933],[153.046,-25.808],[153.017,-25.997],[153.021,-25.83],[152.936,-25.744],[152.87749738219895,-25.593],[152.879,-25.593],[152.879,-25.592],[152.87741666666668,-25.59279166666667],[152.862,-25.553],[152.956,-25.434],[152.86061643835617,-25.477356164383565],[152.863,-25.471],[152.858,-25.477],[152.8578380952381,-25.47861904761905],[152.84067741935485,-25.486419354838713],[152.839,-25.486],[152.8398125,-25.486812500000003],[152.824,-25.494],[152.924,-25.431],[152.914,-25.293],[152.547,-25.205],[152.633,-25.152],[152.508,-25.078],[152.468,-24.816],[152.044,-24.525],[151.765,-24.016],[151.716,-24.087],[151.7244312267658,-24.047855018587374],[151.728,-24.045],[151.72504615384614,-24.045],[151.73,-24.022],[151.611,-23.979],[151.682,-24.104],[151.574,-24.036],[151.545,-24.113],[151.544601722282,-24.07954467168999],[151.548,-24.078],[151.54456287425148,-24.076281437125747],[151.544,-24.029],[151.441,-23.992],[151.494,-24.067],[151.44,-24.077],[151.323,-23.855],[151.173,-23.816],[151.027,-23.572],[150.925,-23.623],[150.957,-23.55],[150.791,-23.506],[150.871,-23.481],[150.75,-23.129],[150.835,-22.684],[150.77,-22.522],[150.707,-22.636],[150.68189655172412,-22.571448275862068],[150.683,-22.572],[150.68086666666667,-22.5688],[150.679,-22.564],[150.644,-22.474],[150.759,-22.468],[150.736,-22.437077777777773],[150.736,-22.436],[150.73579833679833,-22.436806652806656],[150.669,-22.347],[150.666,-22.454],[150.626,-22.328],[150.54,-22.351],[150.608,-22.501],[150.552,-22.484],[150.549,-22.617],[150.177,-22.36],[150.06,-22.132],[149.998,-22.146],[149.913,-22.346],[150.047,-22.661],[150.0164649122807,-22.624901315789472],[150.019,-22.623],[150.014,-22.618],[150.01458483530143,-22.622678682411433],[149.811,-22.382],[149.752,-22.436],[149.7577,-22.411299999999997],[149.763,-22.406],[149.7596875,-22.402687499999995],[149.7611935483871,-22.396161290322585],[149.767,-22.391],[149.76226315789475,-22.391526315789474],[149.767,-22.371],[149.597,-22.281],[149.422,-21.772],[149.485,-21.532],[149.443,-21.593],[149.396,-21.493],[149.297,-21.511],[149.299,-21.273],[149.179,-21.285],[149.2143867735471,-21.147384769539077],[149.223,-21.148],[149.227,-21.063],[149.017,-20.993],[149.046,-20.903],[148.845,-20.876],[148.662,-20.586],[148.68,-20.441],[148.764,-20.48],[148.756,-20.419],[148.93,-20.534],[148.80207027027024,-20.29721081081075],[148.769,-20.236],[148.673,-20.282],[148.678,-20.179],[148.583,-20.198],[148.563,-20.067],[148.342,-20.153],[148.231,-20.045],[148.26,-19.975],[148.08,-19.882],[147.918,-19.908],[147.824,-19.71],[147.752,-19.707],[147.765,-19.837],[147.671,-19.828],[147.414,-19.313],[147.441,-19.421],[147.126,-19.422],[147.016,-19.182],[146.958,-19.309],[146.883,-19.304],[146.768,-19.184],[146.454,-19.074],[146.29,-18.892],[146.338,-18.527],[146.189,-18.474],[146.016,-18.245],[146.149,-17.649],[146.068,-17.51],[146.028,-17.55],[146.073,-17.395],[145.889,-17.058],[145.958,-16.897],[145.849,-16.871],[145.779,-16.94],[145.41,-16.459],[145.477,-16.076],[145.229,-15.462],[145.357,-15.277],[145.267,-15.256],[145.234,-15.141],[145.352,-14.953],[145.281,-14.955],[145.23,-14.832],[145.023,-14.795],[144.91,-14.614],[144.683,-14.551],[144.516,-14.167],[144.338,-14.307],[144.195,-14.261],[144.032,-14.483],[143.784,-14.406],[143.531,-13.755],[143.597,-13.423],[143.502,-13.124],[143.544,-12.843],[143.39962724014336,-12.883272401433695],[143.399,-12.877],[143.396,-12.884],[143.39609872029249,-12.884256672760518],[143.37602391904323,-12.889856485740573],[143.377,-12.884],[143.365,-12.884],[143.37103914590747,-12.89124697508897],[143.354,-12.896],[143.438,-12.612],[143.305,-12.551],[143.247,-12.379],[143.079,-12.337],[143.079,-12.159],[143.244,-11.969],[142.856,-11.846],[142.869,-11.382],[142.786,-11.074],[142.63731274685816,-10.918519928186717],[142.638,-10.916],[142.63568445772844,-10.916817250213494],[142.589,-10.868],[142.482,-10.978],[142.609,-10.749],[142.438,-10.708],[142.35837681159418,-10.842],[142.355,-10.842],[142.354,-10.847],[142.35592599277976,-10.846124548736473],[142.315,-10.915],[142.133,-10.948],[142.12,-11.369],[141.942,-11.945],[142.012,-12.039],[141.913,-12.164],[141.909,-11.955],[141.85,-11.984],[141.592,-12.559],[141.709,-12.519],[141.894,-12.594],[141.583,-12.997],[141.695,-13.27],[141.523,-13.572],[141.467,-13.864],[141.599,-14.117],[141.5896072234763,-14.16460722347629],[141.588,-14.163],[141.58924748138415,-14.166430573806382],[141.526,-14.487],[141.666,-15.03],[141.435,-15.658],[141.373,-15.917],[141.433,-16.075],[141.296,-16.496],[140.958,-16.998],[140.828,-17.465],[140.385,-17.678],[140.004,-17.715],[139.238,-17.32],[139.158,-17.029],[139.039,-16.912],[138.629,-16.768],[138.324,-16.75],[137.995,-16.538],[137.99899989435988,-25.9967501875733],[137.999,-25.997],[140.999,-25.996],[140.999,-28.999],[148.958,-28.999],[149.503,-28.574],[149.704,-28.634],[150.29,-28.537],[150.442,-28.664],[150.751,-28.634],[151.01,-28.741],[151.044,-28.844],[151.2740218684676,-28.938597738114378],[151.275,-28.939],[151.32580303030304,-29.13253535353535],[151.338,-29.179],[151.36354013277005,-29.157693421846705],[151.46370951897484,-29.074128200203045],[151.706,-28.872],[151.777,-28.959],[152.011,-28.907],[152.076,-28.708],[151.955,-28.519],[152.388,-28.367],[152.463,-28.259],[152.58,-28.339],[152.614,-28.269],[152.751,-28.364],[152.88,-28.31],[153.108,-28.358],[153.177,-28.25],[153.552,-28.164]]],[[[152.94646679316887,-25.57811005692603],[152.949,-25.557],[152.94655555555556,-25.558333333333337],[152.95,-25.548],[152.941,-25.556],[152.9449864864865,-25.55918918918919],[152.938,-25.563],[152.94539202965709,-25.580556070435605],[152.943,-25.586],[152.9535074090705,-25.60494925909295],[152.953,-25.605],[152.956,-25.613],[152.9571509881423,-25.61152015810275],[152.95963507109005,-25.616],[152.953,-25.616],[152.955,-25.633],[152.96046912442398,-25.61750414746544],[153.06,-25.797],[153.36,-25.007],[153.268,-24.886],[153.265,-24.697],[153.121,-24.809],[153.229,-24.981],[152.994,-25.218],[153.052,-25.245],[153.03,-25.388],[152.94646679316887,-25.57811005692603]]],[[[139.159,-16.65],[139.313,-16.73],[139.376,-16.642],[139.451,-16.666],[139.547,-16.461],[139.594,-16.555],[139.702,-16.486],[139.551,-16.391],[139.31,-16.461],[139.159,-16.65]]],[[[151.25960365853658,-23.790003048780488],[151.262,-23.792],[151.2616410958904,-23.790564383561644],[151.285,-23.797],[151.239,-23.488],[151.183,-23.541],[151.085,-23.486],[150.977,-23.491],[151.187,-23.77],[151.25960365853658,-23.790003048780488]]],[[[146.199,-18.379],[146.224,-18.479],[146.328,-18.483],[146.306,-18.24],[146.223,-18.194],[146.247,-18.296],[146.071,-18.247],[146.199,-18.379]]],[[[142.2215221546481,-10.742424847958295],[142.224,-10.748],[142.226,-10.74],[142.22537423312883,-10.739895705521471],[142.277,-10.706],[142.196,-10.594],[142.11,-10.663],[142.178,-10.771],[142.2215221546481,-10.742424847958295]]],[[[139.485,-17.118],[139.578,-17.094],[139.494,-16.98],[139.394,-17.083],[139.485,-17.118]]],[[[153.432,-27.032],[153.361,-27.061],[153.428,-27.364],[153.432,-27.032]]],[[[148.99,-20.227],[148.958,-20.157],[148.963,-20.329],[149.063,-20.294],[148.99,-20.227]]],[[[150.472,-22.286],[150.486,-22.35],[150.561,-22.295],[150.489,-22.207],[150.472,-22.286]]],[[[142.119,-10.149],[142.187,-10.152],[142.182,-10.059],[142.114,-10.069],[142.119,-10.149]]],[[[142.315,-10.217],[142.268,-10.116],[142.186,-10.19],[142.315,-10.217]]],[[[146.58,-18.765],[146.695,-18.759],[146.574,-18.676],[146.58,-18.765]]],[[[149.862,-22.17],[149.901,-22.233],[149.908,-22.053],[149.862,-22.17]]],[[[142.133,-9.269],[142.295,-9.263],[142.222,-9.229],[142.133,-9.269]]],[[[153.42105063291137,-27.807797468354465],[153.422,-27.804],[153.42,-27.806],[153.42097202797203,-27.807944055944066],[153.407,-27.834],[153.426,-27.934],[153.444,-27.765],[153.42105063291137,-27.807797468354465]]],[[[148.924,-20.079],[148.882,-20.162],[148.933,-20.179],[148.924,-20.079]]],[[[146.84,-19.111],[146.779,-19.129],[146.846,-19.182],[146.84,-19.111]]],[[[142.69,-9.376],[142.598,-9.408],[142.801,-9.382],[142.69,-9.376]]],[[[142.246,-10.593],[142.266,-10.642],[142.327,-10.613],[142.246,-10.593]]],[[[149.067,-20.526],[149.083,-20.435],[149.037,-20.504],[149.067,-20.526]]],[[[150.248,-21.676],[150.302,-21.665],[150.248,-21.619],[150.248,-21.676]]],[[[153.366,-27.66],[153.385,-27.709],[153.416,-27.642],[153.366,-27.66]]],[[[148.479,-20.002],[148.445,-19.974],[148.445,-20.044],[148.479,-20.002]]],[[[139.183,-16.698],[139.146,-16.692],[139.141,-16.754],[139.183,-16.698]]],[[[150.94,-23.198],[150.988,-23.192],[150.976,-23.149],[150.94,-23.198]]],[[[150.014,-22.106],[149.943,-22.171],[150.04,-22.111],[150.014,-22.106]]],[[[151.326,-23.775],[151.389,-23.876],[151.333,-23.754],[151.326,-23.775]]],[[[144.236,-14.136],[144.209,-14.185],[144.268,-14.15],[144.236,-14.136]]],[[[150.358,-21.734],[150.3,-21.745],[150.332,-21.772],[150.358,-21.734]]],[[[150.421,-22.295],[150.463,-22.259],[150.464,-22.225],[150.421,-22.295]]],[[[139.605,-17.138],[139.629,-17.062],[139.596,-17.112],[139.605,-17.138]]],[[[139.137,-16.805],[139.095,-16.843],[139.15,-16.824],[139.137,-16.805]]],[[[152.914,-25.526],[152.952,-25.482],[152.909,-25.5],[152.914,-25.526]]],[[[149.624,-20.857],[149.578,-20.87],[149.617,-20.884],[149.624,-20.857]]],[[[142.216,-10.522],[142.195,-10.575],[142.231,-10.537],[142.216,-10.522]]],[[[146.172,-18.368],[146.145,-18.358],[146.179,-18.41],[146.172,-18.368]]],[[[144.252,-14.169],[144.232,-14.185],[144.283,-14.196],[144.252,-14.169]]],[[[142.701,-10.943],[142.652,-10.915],[142.692,-10.959],[142.701,-10.943]]],[[[139.726,-16.495],[139.718,-16.45],[139.701,-16.475],[139.726,-16.495]]],[[[150.185,-21.979],[150.152,-21.971],[150.169,-22.004],[150.185,-21.979]]],[[[146.157,-18.177],[146.192,-18.167],[146.161,-18.152],[146.157,-18.177]]],[[[142.637,-10.629],[142.647,-10.657],[142.667,-10.63],[142.637,-10.629]]],[[[146.172,-17.965],[146.152,-17.928],[146.134,-17.935],[146.172,-17.965]]],[[[148.851,-20.344],[148.874,-20.395],[148.854,-20.316],[148.851,-20.344]]],[[[139.456,-16.673],[139.446,-16.706],[139.478,-16.679],[139.456,-16.673]]],[[[149.029,-20.451],[149.065,-20.453],[149.033,-20.43],[149.029,-20.451]]],[[[149.395,-20.92],[149.423,-20.925],[149.414,-20.897],[149.395,-20.92]]],[[[145.446,-14.668],[145.478,-14.671],[145.455,-14.646],[145.446,-14.668]]],[[[142.67,-9.373],[142.725,-9.368],[142.689,-9.358],[142.67,-9.373]]],[[[142.319,-9.564],[142.258,-9.554],[142.307,-9.574],[142.319,-9.564]]],[[[142.899,-9.858],[142.949,-9.856],[142.917,-9.843],[142.899,-9.858]]],[[[142.175,-9.969],[142.2,-9.946],[142.165,-9.95],[142.175,-9.969]]],[[[142.835,-10.036],[142.868,-10.041],[142.848,-10.017],[142.835,-10.036]]],[[[152.984,-25.311],[152.943,-25.273],[152.993,-25.336],[152.984,-25.311]]],[[[153.363,-27.588],[153.347,-27.622],[153.362,-27.632],[153.363,-27.588]]],[[[149.434,-20.93],[149.453,-20.906],[149.425,-20.908],[149.434,-20.93]]],[[[149.282,-20.803],[149.249,-20.806],[149.266,-20.823],[149.282,-20.803]]],[[[153.235,-27.338],[153.271,-27.338],[153.248,-27.321],[153.235,-27.338]]],[[[149.801,-21.594],[149.781,-21.613],[149.819,-21.607],[149.801,-21.594]]],[[[153.344,-27.513],[153.373,-27.492],[153.339,-27.496],[153.344,-27.513]]],[[[142.309,-10.514],[142.284,-10.527],[142.3,-10.542],[142.309,-10.514]]],[[[150.907,-23.085],[150.892,-23.054],[150.885,-23.077],[150.907,-23.085]]],[[[144.264,-14.235],[144.278,-14.217],[144.245,-14.22],[144.264,-14.235]]],[[[148.847,-20.271],[148.83,-20.256],[148.827,-20.285],[148.847,-20.271]]],[[[149.276,-20.791],[149.301,-20.798],[149.285,-20.772],[149.276,-20.791]]],[[[148.961,-20.348],[148.947,-20.332],[148.953,-20.377],[148.961,-20.348]]],[[[142.158,-9.244],[142.188,-9.232],[142.164,-9.224],[142.158,-9.244]]],[[[149.684,-21.328],[149.694,-21.313],[149.668,-21.302],[149.684,-21.328]]],[[[142.385,-10.748],[142.408,-10.709],[142.39,-10.718],[142.385,-10.748]]],[[[153.222,-27.39],[153.238,-27.402],[153.239,-27.373],[153.222,-27.39]]],[[[148.897,-20.852],[148.915,-20.854],[148.902,-20.827],[148.897,-20.852]]],[[[142.178,-10.592],[142.145,-10.596],[142.169,-10.606],[142.178,-10.592]]],[[[142.286,-10.724],[142.305,-10.724],[142.295,-10.702],[142.286,-10.724]]],[[[146.553,-18.677],[146.567,-18.67],[146.545,-18.652],[146.553,-18.677]]],[[[149.846,-22.008],[149.862,-22.013],[149.881,-21.994],[149.846,-22.008]]],[[[144.957,-14.507],[144.99,-14.503],[144.977,-14.493],[144.957,-14.507]]],[[[139.87,-16.655],[139.855,-16.677],[139.888,-16.654],[139.87,-16.655]]],[[[153.327,-27.642],[153.329,-27.67],[153.341,-27.649],[153.327,-27.642]]],[[[142.101,-10.988],[142.116,-10.995],[142.112,-10.968],[142.101,-10.988]]],[[[149.148,-20.686],[149.167,-20.683],[149.163,-20.664],[149.148,-20.686]]],[[[149.036,-20.159],[149.021,-20.163],[149.039,-20.183],[149.036,-20.159]]],[[[142.649,-9.765],[142.628,-9.758],[142.622,-9.773],[142.649,-9.765]]],[[[148.884,-20.06],[148.898,-20.05],[148.881,-20.037],[148.884,-20.06]]],[[[146.183,-18.414],[146.193,-18.429],[146.179,-18.373],[146.183,-18.414]]],[[[142.528,-9.422],[142.532,-9.436],[142.552,-9.421],[142.528,-9.422]]],[[[149.48,-21.833],[149.498,-21.821],[149.47,-21.821],[149.48,-21.833]]],[[[143.776,-9.576],[143.761,-9.599],[143.783,-9.587],[143.776,-9.576]]],[[[142.126,-10.363],[142.136,-10.389],[142.138,-10.362],[142.126,-10.363]]],[[[150.252,-22.365],[150.262,-22.371],[150.283,-22.352],[150.252,-22.365]]],[[[142.222,-10.57],[142.209,-10.589],[142.23,-10.581],[142.222,-10.57]]],[[[146.504,-18.546],[146.491,-18.538],[146.488,-18.558],[146.504,-18.546]]],[[[149.473,-20.748],[149.484,-20.741],[149.466,-20.727],[149.473,-20.748]]],[[[144.064,-9.912],[144.041,-9.913],[144.042,-9.925],[144.064,-9.912]]],[[[149.914,-22.23],[149.899,-22.26],[149.911,-22.254],[149.914,-22.23]]],[[[144.202,-14.231],[144.231,-14.214],[144.229,-14.206],[144.202,-14.231]]],[[[142.154,-10.571],[142.172,-10.554],[142.147,-10.563],[142.154,-10.571]]],[[[149.879,-22.252],[149.893,-22.251],[149.881,-22.234],[149.879,-22.252]]],[[[150.297,-22.242],[150.304,-22.25],[150.323,-22.236],[150.297,-22.242]]],[[[146.485,-18.617],[146.491,-18.667],[146.484,-18.567],[146.485,-18.617]]],[[[143.498,-12.528],[143.454,-12.504],[143.473,-12.52],[143.498,-12.528]]],[[[148.908,-20.272],[148.921,-20.271],[148.922,-20.252],[148.908,-20.272]]],[[[149.186,-20.687],[149.194,-20.672],[149.181,-20.666],[149.186,-20.687]]],[[[149.895,-21.017],[149.911,-21.019],[149.904,-21.003],[149.895,-21.017]]],[[[146.005,-16.925],[145.991,-16.925],[145.986,-16.942],[146.005,-16.925]]],[[[146.516,-18.682],[146.506,-18.659],[146.52,-18.715],[146.516,-18.682]]],[[[152.888,-25.582],[152.9,-25.597],[152.899,-25.578],[152.888,-25.582]]],[[[149.92,-22.2],[149.932,-22.187],[149.927,-22.175],[149.92,-22.2]]],[[[153.397,-27.344],[153.408,-27.346],[153.405,-27.327],[153.397,-27.344]]],[[[150.141,-21.979],[150.15,-21.961],[150.141,-21.957],[150.141,-21.979]]],[[[149.102,-20.55],[149.124,-20.544],[149.113,-20.538],[149.102,-20.55]]],[[[142.604,-10.736],[142.622,-10.746],[142.584,-10.714],[142.604,-10.736]]],[[[149.095,-20.272],[149.103,-20.251],[149.075,-20.301],[149.095,-20.272]]],[[[150.254,-21.523],[150.276,-21.517],[150.245,-21.517],[150.254,-21.523]]],[[[148.83,-20.241],[148.825,-20.225],[148.81,-20.214],[148.83,-20.241]]],[[[139.266,-16.998],[139.279,-16.991],[139.264,-16.985],[139.266,-16.998]]],[[[150.684,-21.96],[150.698,-21.953],[150.686,-21.946],[150.684,-21.96]]],[[[149.561,-21.988],[149.583,-21.974],[149.578,-21.969],[149.561,-21.988]]],[[[146.209,-18.461],[146.19,-18.471],[146.206,-18.472],[146.209,-18.461]]],[[[148.601,-20.148],[148.614,-20.152],[148.613,-20.138],[148.601,-20.148]]],[[[143.402,-9.749],[143.401,-9.757],[143.424,-9.75],[143.402,-9.749]]],[[[139.061,-16.889],[139.046,-16.885],[139.077,-16.905],[139.061,-16.889]]],[[[153.319,-27.681],[153.339,-27.695],[153.333,-27.682],[153.319,-27.681]]],[[[150.339,-21.67],[150.351,-21.667],[150.326,-21.659],[150.339,-21.67]]],[[[150.852,-23.513],[150.865,-23.517],[150.872,-23.506],[150.852,-23.513]]],[[[149.133,-20.468],[149.121,-20.469],[149.132,-20.482],[149.133,-20.468]]],[[[150.271,-21.49],[150.281,-21.483],[150.266,-21.477],[150.271,-21.49]]],[[[152.889,-25.569],[152.904,-25.572],[152.899,-25.56],[152.889,-25.569]]],[[[153.334,-27.565],[153.319,-27.573],[153.335,-27.575],[153.334,-27.565]]],[[[142.488,-10.249],[142.474,-10.251],[142.483,-10.261],[142.488,-10.249]]],[[[153.389,-27.622],[153.383,-27.616],[153.372,-27.631],[153.389,-27.622]]],[[[142.165,-10.226],[142.173,-10.226],[142.173,-10.207],[142.165,-10.226]]],[[[148.278,-20.038],[148.294,-20.032],[148.283,-20.027],[148.278,-20.038]]],[[[142.782,-9.902],[142.765,-9.895],[142.769,-9.905],[142.782,-9.902]]],[[[149.574,-22.126],[149.589,-22.139],[149.578,-22.12],[149.574,-22.126]]],[[[144.328,-14.097],[144.336,-14.102],[144.34,-14.087],[144.328,-14.097]]],[[[146.602,-19.037],[146.621,-19.03],[146.601,-19.03],[146.602,-19.037]]],[[[149.616,-20.779],[149.626,-20.773],[149.623,-20.761],[149.616,-20.779]]],[[[142.616,-10.601],[142.629,-10.599],[142.612,-10.591],[142.616,-10.601]]],[[[139.232,-17.024],[139.207,-17.003],[139.266,-17.058],[139.232,-17.024]]],[[[151.155,-23.405],[151.163,-23.397],[151.145,-23.398],[151.155,-23.405]]],[[[149.711,-21.455],[149.719,-21.459],[149.713,-21.439],[149.711,-21.455]]],[[[143.266,-11.988],[143.276,-11.987],[143.263,-11.975],[143.266,-11.988]]],[[[142.05,-10.367],[142.062,-10.355],[142.05,-10.356],[142.05,-10.367]]],[[[150.111,-21.932],[150.119,-21.915],[150.108,-21.922],[150.111,-21.932]]],[[[146.543,-18.837],[146.531,-18.835],[146.55,-18.849],[146.543,-18.837]]],[[[144.804,-14.434],[144.814,-14.438],[144.816,-14.426],[144.804,-14.434]]],[[[149.406,-20.769],[149.39,-20.774],[149.412,-20.775],[149.406,-20.769]]],[[[150.125,-21.994],[150.14,-21.998],[150.13,-21.987],[150.125,-21.994]]],[[[146.632,-19.024],[146.629,-19.033],[146.643,-19.032],[146.632,-19.024]]],[[[151.434,-24.052],[151.435,-24.036],[151.427,-24.044],[151.434,-24.052]]],[[[146.15,-18.009],[146.152,-17.997],[146.141,-18.004],[146.15,-18.009]]],[[[146.017,-17.156],[146.005,-17.154],[146.012,-17.165],[146.017,-17.156]]],[[[149.889,-21.5],[149.897,-21.499],[149.891,-21.485],[149.889,-21.5]]],[[[151.186,-23.497],[151.174,-23.498],[151.207,-23.505],[151.186,-23.497]]],[[[153.335,-27.624],[153.352,-27.635],[153.339,-27.62],[153.335,-27.624]]],[[[149.805,-21.987],[149.82,-21.996],[149.809,-21.982],[149.805,-21.987]]],[[[149.917,-21.497],[149.906,-21.497],[149.917,-21.507],[149.917,-21.497]]],[[[139.549,-17.129],[139.56,-17.114],[139.552,-17.115],[139.549,-17.129]]],[[[150.362,-22.018],[150.374,-22.023],[150.367,-22.011],[150.362,-22.018]]],[[[146.227,-18.278],[146.241,-18.293],[146.238,-18.282],[146.227,-18.278]]],[[[152.961,-25.491],[152.97,-25.482],[152.966,-25.474],[152.961,-25.491]]],[[[149.835,-21.662],[149.842,-21.66],[149.834,-21.647],[149.835,-21.662]]],[[[142.235,-9.225],[142.252,-9.233],[142.244,-9.223],[142.235,-9.225]]],[[[142.513,-10.195],[142.516,-10.187],[142.504,-10.184],[142.513,-10.195]]],[[[146.189,-18.438],[146.177,-18.437],[146.171,-18.445],[146.189,-18.438]]],[[[153.407,-27.88],[153.41,-27.869],[153.401,-27.868],[153.407,-27.88]]],[[[149.081,-20.526],[149.09,-20.524],[149.081,-20.515],[149.081,-20.526]]],[[[148.873,-20.617],[148.864,-20.607],[148.865,-20.619],[148.873,-20.617]]],[[[148.652,-20.106],[148.654,-20.092],[148.646,-20.1],[148.652,-20.106]]],[[[151.707,-23.301],[151.717,-23.295],[151.701,-23.295],[151.707,-23.301]]],[[[149.908,-22.478],[149.909,-22.47],[149.898,-22.462],[149.908,-22.478]]],[[[149.11,-20.286],[149.107,-20.265],[149.104,-20.276],[149.11,-20.286]]],[[[152.909,-25.548],[152.902,-25.557],[152.907,-25.564],[152.909,-25.548]]],[[[139.807,-16.497],[139.814,-16.491],[139.803,-16.487],[139.807,-16.497]]],[[[152.88,-25.563],[152.874,-25.57],[152.883,-25.575],[152.88,-25.563]]],[[[139.067,-16.868],[139.063,-16.861],[139.059,-16.877],[139.067,-16.868]]],[[[146.176,-18.432],[146.179,-18.419],[146.171,-18.423],[146.176,-18.432]]],[[[143.385,-12.865],[143.378,-12.874],[143.388,-12.874],[143.385,-12.865]]],[[[149.123,-20.358],[149.127,-20.348],[149.12,-20.343],[149.123,-20.358]]],[[[149.658,-21.978],[149.665,-21.975],[149.656,-21.966],[149.658,-21.978]]],[[[151.078,-23.154],[151.069,-23.161],[151.079,-23.163],[151.078,-23.154]]],[[[149.034,-20.404],[149.026,-20.393],[149.024,-20.401],[149.034,-20.404]]],[[[152.898,-25.55],[152.885,-25.555],[152.894,-25.558],[152.898,-25.55]]],[[[143.389,-12.872],[143.401,-12.869],[143.389,-12.865],[143.389,-12.872]]],[[[146.179,-18.411],[146.168,-18.414],[146.174,-18.42],[146.179,-18.411]]],[[[149.793,-21.838],[149.804,-21.831],[149.794,-21.83],[149.793,-21.838]]],[[[143.084,-11.766],[143.095,-11.775],[143.094,-11.767],[143.084,-11.766]]],[[[153.336,-27.62],[153.341,-27.604],[153.333,-27.614],[153.336,-27.62]]],[[[149.083,-20.433],[149.092,-20.418],[149.085,-20.421],[149.083,-20.433]]],[[[150.67,-22.094],[150.677,-22.091],[150.67,-22.083],[150.67,-22.094]]],[[[149.88,-22.259],[149.895,-22.258],[149.878,-22.254],[149.88,-22.259]]],[[[149.841,-21.445],[149.855,-21.448],[149.848,-21.441],[149.841,-21.445]]],[[[149.824,-21.374],[149.839,-21.382],[149.828,-21.371],[149.824,-21.374]]],[[[149.201,-20.686],[149.205,-20.698],[149.209,-20.691],[149.201,-20.686]]],[[[148.921,-20.856],[148.928,-20.852],[148.918,-20.847],[148.921,-20.856]]],[[[149.892,-22.243],[149.901,-22.236],[149.889,-22.237],[149.892,-22.243]]],[[[139.279,-16.269],[139.272,-16.265],[139.273,-16.276],[139.279,-16.269]]],[[[143.719,-13.871],[143.723,-13.863],[143.716,-13.859],[143.719,-13.871]]],[[[150.518,-22.373],[150.529,-22.374],[150.521,-22.367],[150.518,-22.373]]],[[[149.79,-20.989],[149.78,-20.983],[149.772,-20.985],[149.79,-20.989]]],[[[149.488,-21.6],[149.493,-21.605],[149.499,-21.598],[149.488,-21.6]]],[[[146.536,-18.778],[146.542,-18.788],[146.549,-18.789],[146.536,-18.778]]],[[[143.464,-11.904],[143.471,-11.907],[143.471,-11.898],[143.464,-11.904]]],[[[151.457,-24.05],[151.461,-24.056],[151.46,-24.039],[151.457,-24.05]]],[[[139.15,-16.757],[139.142,-16.755],[139.14,-16.762],[139.15,-16.757]]],[[[149.654,-21.93],[149.643,-21.932],[149.651,-21.936],[149.654,-21.93]]],[[[149.667,-21.727],[149.674,-21.728],[149.663,-21.718],[149.667,-21.727]]],[[[143.579,-13.183],[143.578,-13.173],[143.574,-13.192],[143.579,-13.183]]],[[[142.077,-10.26],[142.069,-10.265],[142.079,-10.266],[142.077,-10.26]]],[[[143.772,-14.221],[143.779,-14.224],[143.775,-14.214],[143.772,-14.221]]],[[[146.278,-18.14],[146.287,-18.143],[146.282,-18.135],[146.278,-18.14]]],[[[146.179,-18.436],[146.187,-18.433],[146.184,-18.427],[146.179,-18.436]]],[[[145.25,-14.659],[145.258,-14.656],[145.255,-14.65],[145.25,-14.659]]],[[[149.063,-20.651],[149.054,-20.637],[149.057,-20.648],[149.063,-20.651]]],[[[150.272,-22.226],[150.261,-22.227],[150.272,-22.231],[150.272,-22.226]]],[[[144.925,-14.607],[144.935,-14.612],[144.926,-14.602],[144.925,-14.607]]],[[[142.349,-10.709],[142.358,-10.698],[142.349,-10.703],[142.349,-10.709]]],[[[139.829,-16.703],[139.84,-16.699],[139.832,-16.697],[139.829,-16.703]]],[[[149.172,-20.25],[149.178,-20.25],[149.174,-20.241],[149.172,-20.25]]],[[[143.244,-11.989],[143.252,-11.996],[143.247,-11.985],[143.244,-11.989]]],[[[143.299,-9.617],[143.311,-9.609],[143.3,-9.612],[143.299,-9.617]]],[[[148.933,-20.854],[148.938,-20.852],[148.932,-20.844],[148.933,-20.854]]],[[[143.409,-12.286],[143.407,-12.292],[143.416,-12.291],[143.409,-12.286]]],[[[145.495,-16.294],[145.507,-16.304],[145.499,-16.293],[145.495,-16.294]]],[[[143.403,-12.76],[143.398,-12.754],[143.401,-12.768],[143.403,-12.76]]],[[[144.916,-14.51],[144.919,-14.505],[144.91,-14.503],[144.916,-14.51]]],[[[143.485,-11.92],[143.477,-11.915],[143.478,-11.922],[143.485,-11.92]]],[[[153.232,-27.421],[153.226,-27.42],[153.235,-27.43],[153.232,-27.421]]],[[[144.966,-14.524],[144.972,-14.527],[144.981,-14.523],[144.966,-14.524]]],[[[153.372,-27.636],[153.36,-27.637],[153.386,-27.639],[153.372,-27.636]]],[[[142.506,-10.159],[142.515,-10.161],[142.513,-10.155],[142.506,-10.159]]],[[[152.924,-25.612],[152.922,-25.617],[152.929,-25.624],[152.924,-25.612]]],[[[150.496,-22.553],[150.5,-22.55],[150.497,-22.54],[150.496,-22.553]]],[[[152.925,-25.59],[152.921,-25.574],[152.924,-25.598],[152.925,-25.59]]],[[[153.414,-27.81],[153.422,-27.794],[153.414,-27.804],[153.414,-27.81]]],[[[145.374,-15.091],[145.38,-15.097],[145.385,-15.094],[145.374,-15.091]]],[[[142.149,-10.204],[142.146,-10.2],[142.142,-10.21],[142.149,-10.204]]],[[[150.97,-23.217],[150.973,-23.209],[150.965,-23.215],[150.97,-23.217]]],[[[144.997,-14.54],[144.996,-14.536],[144.986,-14.541],[144.997,-14.54]]],[[[152.921,-25.566],[152.918,-25.557],[152.915,-25.563],[152.921,-25.566]]],[[[142.818,-10.209],[142.825,-10.211],[142.83,-10.206],[142.818,-10.209]]],[[[153.399,-27.819],[153.402,-27.821],[153.408,-27.81],[153.399,-27.819]]],[[[149.035,-20.427],[149.037,-20.423],[149.027,-20.421],[149.035,-20.427]]],[[[153.44,-27.74],[153.449,-27.738],[153.445,-27.734],[153.44,-27.74]]],[[[148.546,-20.059],[148.542,-20.057],[148.536,-20.065],[148.546,-20.059]]],[[[151.336,-23.83],[151.338,-23.836],[151.342,-23.826],[151.336,-23.83]]],[[[152.956,-25.507],[152.955,-25.509],[152.953,-25.513],[152.966,-25.501],[152.956,-25.507]]],[[[149.247,-21.163],[149.247,-21.157],[149.24,-21.161],[149.247,-21.163]]],[[[149.965,-22.477],[149.974,-22.492],[149.966,-22.474],[149.965,-22.477]]],[[[139.289,-16.749],[139.296,-16.752],[139.289,-16.743],[139.289,-16.749]]],[[[150.925,-23.169],[150.914,-23.162],[150.919,-23.169],[150.925,-23.169]]],[[[149.073,-20.642],[149.089,-20.661],[149.055,-20.618],[149.073,-20.642]]],[[[148.996,-20.353],[148.991,-20.35],[148.989,-20.357],[148.996,-20.353]]],[[[148.936,-20.363],[148.928,-20.337],[148.94,-20.381],[148.936,-20.363]]],[[[143.75,-13.939],[143.758,-13.939],[143.759,-13.934],[143.75,-13.939]]],[[[150.661,-22.34],[150.663,-22.335],[150.657,-22.33],[150.661,-22.34]]],[[[143.381,-12.881],[143.391,-12.881],[143.384,-12.877],[143.381,-12.881]]],[[[145.507,-14.745],[145.515,-14.749],[145.515,-14.744],[145.507,-14.745]]],[[[149.067,-20.305],[149.075,-20.305],[149.068,-20.3],[149.067,-20.305]]],[[[145.679,-16.728],[145.688,-16.726],[145.686,-16.722],[145.679,-16.728]]],[[[149.879,-21.468],[149.889,-21.469],[149.878,-21.464],[149.879,-21.468]]],[[[150.294,-22.027],[150.303,-22.024],[150.29,-22.024],[150.294,-22.027]]],[[[149.465,-20.931],[149.468,-20.937],[149.47,-20.928],[149.465,-20.931]]],[[[150.125,-21.942],[150.128,-21.936],[150.12,-21.939],[150.125,-21.942]]],[[[152.937,-25.602],[152.931,-25.586],[152.938,-25.611],[152.937,-25.602]]],[[[143.445,-12.624],[143.45,-12.621],[143.449,-12.614],[143.445,-12.624]]],[[[146.515,-18.769],[146.521,-18.774],[146.52,-18.767],[146.515,-18.769]]],[[[143.694,-13.668],[143.688,-13.669],[143.689,-13.675],[143.694,-13.668]]],[[[144.267,-14.057],[144.268,-14.051],[144.262,-14.05],[144.267,-14.057]]],[[[150.515,-22.379],[150.506,-22.38],[150.516,-22.383],[150.515,-22.379]]],[[[152.713,-24.118],[152.718,-24.116],[152.717,-24.109],[152.713,-24.118]]],[[[150.15,-21.52],[150.153,-21.529],[150.156,-21.526],[150.15,-21.52]]],[[[142.37,-10.767],[142.376,-10.756],[142.37,-10.761],[142.37,-10.767]]],[[[143.02,-11.488],[143.029,-11.488],[143.022,-11.484],[143.02,-11.488]]],[[[148.716,-20.104],[148.725,-20.102],[148.716,-20.1],[148.716,-20.104]]],[[[142.919,-11.24],[142.933,-11.248],[142.927,-11.242],[142.919,-11.24]]],[[[146.173,-18.039],[146.182,-18.041],[146.177,-18.036],[146.173,-18.039]]],[[[150.45,-22.32],[150.45,-22.315],[150.443,-22.312],[150.45,-22.32]]],[[[142.155,-10.227],[142.154,-10.22],[142.149,-10.219],[142.155,-10.227]]],[[[149.939,-22.224],[149.941,-22.213],[149.937,-22.218],[149.939,-22.224]]],[[[149.819,-21.824],[149.823,-21.837],[149.825,-21.835],[149.819,-21.824]]],[[[150.884,-23.278],[150.893,-23.281],[150.886,-23.275],[150.884,-23.278]]],[[[148.361,-19.985],[148.37,-19.984],[148.364,-19.981],[148.361,-19.985]]],[[[143.303,-12.039],[143.299,-12.036],[143.296,-12.042],[143.303,-12.039]]],[[[142.1,-10.295],[142.106,-10.29],[142.103,-10.287],[142.1,-10.295]]],[[[148.574,-20.104],[148.572,-20.096],[148.57,-20.104],[148.574,-20.104]]],[[[150.906,-23.155],[150.908,-23.151],[150.9,-23.151],[150.906,-23.155]]],[[[145.52,-14.828],[145.53,-14.83],[145.521,-14.825],[145.52,-14.828]]],[[[142.075,-10.231],[142.079,-10.241],[142.081,-10.238],[142.075,-10.231]]],[[[150.938,-23.347],[150.939,-23.342],[150.933,-23.341],[150.938,-23.347]]],[[[143.45,-12.498],[143.435,-12.483],[143.434,-12.484],[143.45,-12.498]]],[[[144.022,-9.943],[144.024,-9.947],[144.032,-9.948],[144.022,-9.943]]],[[[148.359,-19.725],[148.357,-19.729],[148.364,-19.73],[148.359,-19.725]]],[[[152.887,-25.566],[152.893,-25.56],[152.887,-25.561],[152.887,-25.566]]],[[[148.604,-20.099],[148.613,-20.094],[148.607,-20.094],[148.604,-20.099]]],[[[145.442,-14.693],[145.445,-14.696],[145.451,-14.692],[145.442,-14.693]]],[[[144.768,-14.508],[144.765,-14.501],[144.762,-14.504],[144.768,-14.508]]],[[[142.147,-9.231],[142.152,-9.226],[142.145,-9.227],[142.147,-9.231]]],[[[141.575,-9.515],[141.573,-9.513],[141.568,-9.523],[141.575,-9.515]]],[[[144.528,-14.121],[144.532,-14.125],[144.526,-14.112],[144.528,-14.121]]],[[[149.797,-21.85],[149.8,-21.852],[149.799,-21.842],[149.797,-21.85]]],[[[149.869,-22.148],[149.869,-22.144],[149.862,-22.145],[149.869,-22.148]]],[[[149.937,-22.142],[149.943,-22.138],[149.942,-22.134],[149.937,-22.142]]],[[[143.061,-10.05],[143.078,-10.051],[143.072,-10.049],[143.061,-10.05]]],[[[143.257,-9.768],[143.268,-9.763],[143.258,-9.765],[143.257,-9.768]]],[[[149.148,-20.983],[149.152,-20.977],[149.148,-20.976],[149.148,-20.983]]],[[[149.123,-20.272],[149.123,-20.265],[149.119,-20.272],[149.123,-20.272]]],[[[149.777,-21.671],[149.776,-21.675],[149.782,-21.679],[149.777,-21.671]]],[[[149.862,-21.603],[149.87,-21.606],[149.863,-21.6],[149.862,-21.603]]],[[[153.416,-27.792],[153.416,-27.795],[153.425,-27.784],[153.416,-27.792]]],[[[148.311,-20.105],[148.318,-20.103],[148.315,-20.1],[148.311,-20.105]]],[[[142.159,-9.946],[142.165,-9.947],[142.156,-9.941],[142.159,-9.946]]],[[[150.646,-22.004],[150.643,-22.01],[150.648,-22.009],[150.646,-22.004]]],[[[144.032,-11.591],[144.039,-11.593],[144.035,-11.588],[144.032,-11.591]]],[[[142.975,-9.797],[142.972,-9.803],[142.974,-9.808],[142.975,-9.797]]],[[[149.155,-20.243],[149.157,-20.237],[149.153,-20.236],[149.155,-20.243]]],[[[153.413,-27.813],[153.419,-27.811],[153.418,-27.807],[153.413,-27.813]]],[[[149.93,-22.16],[149.935,-22.166],[149.931,-22.156],[149.93,-22.16]]],[[[144.036,-9.952],[144.041,-9.948],[144.037,-9.946],[144.036,-9.952]]],[[[150.994,-22.732],[150.999,-22.734],[150.992,-22.726],[150.994,-22.732]]],[[[143.015,-11.171],[143.02,-11.171],[143.012,-11.166],[143.015,-11.171]]],[[[150.9,-23.095],[150.907,-23.09],[150.902,-23.09],[150.9,-23.095]]],[[[142.155,-9.236],[142.16,-9.231],[142.158,-9.228],[142.157,-9.230666666666616],[142.157,-9.229],[142.154,-9.235],[142.15583333333333,-9.233777777777785],[142.155,-9.236]]],[[[143.286,-9.954],[143.285,-9.958],[143.294,-9.947],[143.286,-9.954]]],[[[148.931,-20.863],[148.93,-20.859],[148.924,-20.86],[148.931,-20.863]]],[[[150.202,-22.323],[150.207,-22.318],[150.202,-22.318],[150.202,-22.323]]],[[[151.871,-24.168],[151.876,-24.168],[151.88,-24.163],[151.871,-24.168]]],[[[146.635,-18.965],[146.643,-18.962],[146.632,-18.963],[146.635,-18.965]]],[[[146.554,-18.77],[146.548,-18.769],[146.554,-18.774],[146.554,-18.77]]],[[[143.642,-13.772],[143.642,-13.768],[143.636,-13.774],[143.642,-13.772]]],[[[149.873,-22.208],[149.877,-22.204],[149.871,-22.204],[149.873,-22.208]]],[[[145.424,-15.112],[145.426,-15.119],[145.428,-15.114],[145.424,-15.112]]],[[[153.078,-26.953],[153.073,-26.955],[153.075,-26.959],[153.078,-26.953]]],[[[143.287,-11.975],[143.29,-11.972],[143.286,-11.968],[143.287,-11.975]]],[[[148.813,-20.256],[148.815,-20.261],[148.816,-20.252],[148.813,-20.256]]],[[[143.114,-9.989],[143.127,-9.985],[143.118,-9.986],[143.114,-9.989]]],[[[142.709,-9.835],[142.717,-9.836],[142.708,-9.832],[142.709,-9.835]]],[[[144.884,-14.561],[144.891,-14.562],[144.886,-14.558],[144.884,-14.561]]],[[[151.634,-24.025],[151.635,-24.023],[151.624,-24.022],[151.634,-24.025]]],[[[152.874,-25.559],[152.879,-25.56],[152.882,-25.556],[152.874,-25.559]]],[[[149.268,-21.175],[149.266,-21.17],[149.263,-21.174],[149.268,-21.175]]],[[[143.44,-9.748],[143.453,-9.733],[143.448,-9.737],[143.44,-9.748]]],[[[149.032,-20.474],[149.037,-20.466],[149.033,-20.468],[149.032,-20.474]]],[[[143.543,-9.509],[143.549,-9.507],[143.544,-9.505],[143.543,-9.509]]],[[[152.957,-25.539],[152.942,-25.547],[152.956,-25.541],[152.957,-25.539]]],[[[149.162,-20.755],[149.163,-20.75],[149.159,-20.749],[149.162,-20.755]]],[[[146.202,-18.052],[146.205,-18.051],[146.199,-18.046],[146.202,-18.052]]],[[[152.917,-25.489],[152.923,-25.486],[152.924,-25.482],[152.917,-25.489]]],[[[149.105,-20.466],[149.109,-20.461],[149.104,-20.462],[149.105,-20.466]]],[[[145.197,-14.734],[145.206,-14.737],[145.201,-14.733],[145.197,-14.734]]],[[[139.151,-16.784],[139.156,-16.774],[139.153,-16.776],[139.151,-16.784]]],[[[152.95,-25.561],[152.954,-25.559],[152.95,-25.556],[152.95,-25.561]]],[[[142.148,-9.226],[142.152,-9.222],[142.146,-9.223],[142.148,-9.226]]],[[[150.383,-22.013],[150.388,-22.016],[150.383,-22.009],[150.383,-22.013]]],[[[150.879,-23.243],[150.875,-23.24],[150.871,-23.242],[150.879,-23.243]]],[[[149.921,-21.494],[149.921,-21.489],[149.917,-21.488],[149.921,-21.494]]],[[[153.118,-26.86],[153.12,-26.866],[153.123,-26.865],[153.118,-26.86]]],[[[143.487,-9.571],[143.498,-9.561],[143.496,-9.561],[143.487,-9.571]]],[[[151.284,-23.805],[151.282,-23.801],[151.286,-23.819],[151.284,-23.805]]],[[[143.359,-9.716],[143.366,-9.713],[143.362,-9.712],[143.359,-9.716]]],[[[141.419,-9.825],[141.43,-9.823],[141.426,-9.822],[141.419,-9.825]]],[[[149.461,-21.453],[149.457,-21.456],[149.462,-21.457],[149.461,-21.453]]],[[[143.391,-9.872],[143.398,-9.869],[143.394,-9.868],[143.391,-9.872]]],[[[146.167,-18.029],[146.17,-18.028],[146.166,-18.023],[146.167,-18.029]]],[[[148.88,-20.602],[148.882,-20.606],[148.879,-20.591],[148.88,-20.602]]],[[[149.972,-22.038],[149.975,-22.034],[149.969,-22.036],[149.972,-22.038]]],[[[151.726,-23.537],[151.72,-23.538],[151.732,-23.539],[151.726,-23.537]]],[[[148.766,-20.692],[148.766,-20.689],[148.76,-20.689],[148.766,-20.692]]],[[[142.664,-9.365],[142.67,-9.363],[142.664,-9.362],[142.664,-9.365]]],[[[147.898,-19.853],[147.905,-19.848],[147.9,-19.849],[147.898,-19.853]]],[[[150.449,-22.04],[150.452,-22.037],[150.451,-22.032],[150.449,-22.04]]],[[[149.988,-22.059],[149.989,-22.052],[149.986,-22.056],[149.988,-22.059]]],[[[146.093,-17.229],[146.096,-17.227],[146.092,-17.224],[146.093,-17.229]]],[[[151.216,-23.819],[151.219,-23.821],[151.223,-23.818],[151.216,-23.819]]],[[[139.37,-17],[139.371,-17.004],[139.376,-17.007],[139.37,-17]]],[[[142.38,-10.705],[142.385,-10.701],[142.382,-10.7],[142.38,-10.705]]],[[[151.775,-23.249],[151.783,-23.246],[151.78,-23.245],[151.775,-23.249]]],[[[149.113,-20.592],[149.112,-20.583],[149.11,-20.582],[149.113,-20.592]]],[[[142.348,-10.549],[142.343,-10.55],[142.344,-10.553],[142.348,-10.549]]],[[[150.337,-21.653],[150.341,-21.653],[150.342,-21.649],[150.337,-21.653]]],[[[152.39,-23.909],[152.394,-23.909],[152.395,-23.905],[152.39,-23.909]]],[[[139.456,-16.667],[139.459,-16.666],[139.455,-16.662],[139.456,-16.667]]],[[[152.373,-23.857],[152.381,-23.853],[152.379,-23.852],[152.373,-23.857]]],[[[142.083,-10.245],[142.086,-10.246],[142.087,-10.241],[142.083,-10.245]]],[[[142.938,-11.593],[142.946,-11.593],[142.943,-11.591],[142.938,-11.593]]],[[[145.475,-14.858],[145.481,-14.86],[145.477,-14.856],[145.475,-14.858]]],[[[145.377,-14.699],[145.381,-14.695],[145.375,-14.697],[145.377,-14.699]]],[[[143.368,-12.879],[143.375,-12.881],[143.369,-12.877],[143.368,-12.879]]],[[[149.914,-22.305],[149.92,-22.307],[149.916,-22.303],[149.914,-22.305]]],[[[145.457,-14.702],[145.451,-14.701],[145.453,-14.704],[145.457,-14.702]]],[[[149.888,-22.268],[149.892,-22.264],[149.887,-22.265],[149.888,-22.268]]],[[[152.287,-23.807],[152.289,-23.809],[152.293,-23.805],[152.287,-23.807]]],[[[149.142,-20.703],[149.146,-20.702],[149.142,-20.699],[149.142,-20.703]]],[[[146.529,-18.765],[146.537,-18.773],[146.533,-18.767],[146.529,-18.765]]],[[[145.57,-16.39],[145.572,-16.387],[145.569,-16.384],[145.57,-16.39]]],[[[149.908,-21.481],[149.913,-21.486],[149.908,-21.478],[149.908,-21.481]]],[[[152.911,-25.602],[152.913,-25.603],[152.914,-25.596],[152.911,-25.602]]],[[[151.916,-23.441],[151.91,-23.442],[151.919,-23.443],[151.916,-23.441]]],[[[149.138,-20.715],[149.141,-20.709],[149.137,-20.712],[149.138,-20.715]]],[[[149.04,-20.234],[149.045,-20.231],[149.04,-20.231],[149.04,-20.234]]],[[[142.033,-10.885],[142.037,-10.882],[142.035,-10.88],[142.033,-10.885]]],[[[142.623,-10.722],[142.626,-10.72],[142.622,-10.718],[142.623,-10.722]]],[[[151.47,-24.045],[151.464,-24.037],[151.475,-24.054],[151.47,-24.045]]],[[[143.404,-12.295],[143.401,-12.3],[143.405,-12.298],[143.404,-12.295]]],[[[139.19,-16.991],[139.203,-16.995],[139.2,-16.993],[139.19,-16.991]]],[[[142.415,-10.723],[142.413,-10.729],[142.416,-10.727],[142.415,-10.723]]],[[[153.355,-27.661],[153.354,-27.649],[153.356,-27.687],[153.355,-27.661]]],[[[149.074,-20.162],[149.073,-20.156],[149.071,-20.157],[149.074,-20.162]]],[[[149.005,-20.425],[149.008,-20.427],[149.007,-20.422],[149.005,-20.425]]],[[[148.863,-20.583],[148.866,-20.582],[148.859,-20.58],[148.863,-20.583]]],[[[142.614,-10.611],[142.618,-10.606],[142.613,-10.609],[142.614,-10.611]]],[[[146.157,-17.739],[146.164,-17.738],[146.158,-17.737],[146.157,-17.739]]],[[[146.304,-18.159],[146.307,-18.157],[146.302,-18.156],[146.304,-18.159]]],[[[149.871,-21.458],[149.875,-21.461],[149.87,-21.454],[149.871,-21.458]]],[[[142.21,-9.958],[142.212,-9.957],[142.209,-9.952],[142.21,-9.958]]],[[[148.927,-20.319],[148.924,-20.311],[148.928,-20.326],[148.927,-20.319]]],[[[147.369,-19.351],[147.371,-19.349],[147.374,-19.34],[147.369,-19.351]]],[[[146.145,-18.182],[146.142,-18.185],[146.144,-18.187],[146.145,-18.182]]],[[[143.179,-11.701],[143.181,-11.705],[143.181,-11.699],[143.179,-11.701]]],[[[151.255,-23.809],[151.257,-23.807],[151.255,-23.803],[151.255,-23.809]]],[[[142.438,-10.464],[142.442,-10.462],[142.438,-10.461],[142.438,-10.464]]],[[[152.88,-25.576],[152.88,-25.582],[152.882,-25.576],[152.88,-25.576]]],[[[143.019,-11.111],[143.023,-11.109],[143.017,-11.109],[143.019,-11.111]]],[[[150.22,-21.654],[150.217,-21.657],[150.225,-21.653],[150.22,-21.654]]],[[[148.554,-19.997],[148.56,-19.989],[148.554,-19.995],[148.554,-19.997]]],[[[145.436,-15.02],[145.442,-15.02],[145.438,-15.018],[145.436,-15.02]]],[[[153.291,-27.53],[153.295,-27.531],[153.291,-27.527],[153.291,-27.53]]],[[[143.209,-11.928],[143.208,-11.931],[143.212,-11.931],[143.209,-11.928]]],[[[145.443,-15.749],[145.446,-15.754],[145.443,-15.745],[145.443,-15.749]]],[[[142.447,-10.464],[142.45,-10.463],[142.447,-10.46],[142.447,-10.464]]],[[[146.328,-18.357],[146.331,-18.356],[146.328,-18.353],[146.328,-18.357]]],[[[143.484,-9.886],[143.487,-9.883],[143.485,-9.881],[143.484,-9.886]]],[[[142.528,-10.686],[142.528,-10.68],[142.526,-10.685],[142.528,-10.686]]],[[[139.362,-16.956],[139.365,-16.957],[139.364,-16.953],[139.362,-16.956]]],[[[152.886,-25.587],[152.885,-25.593],[152.887,-25.592],[152.886,-25.587]]],[[[152.881,-25.589],[152.883,-25.592],[152.882,-25.585],[152.881,-25.589]]],[[[142.211,-9.952],[142.212,-9.947],[142.209,-9.951],[142.211,-9.952]]],[[[142.16,-9.956],[142.165,-9.958],[142.163,-9.955],[142.16,-9.956]]],[[[145.203,-14.706],[145.206,-14.704],[145.202,-14.703],[145.203,-14.706]]],[[[152.883,-25.559],[152.879,-25.562],[152.884,-25.561],[152.883,-25.559]]],[[[150.97,-23.197],[150.972,-23.202],[150.972,-23.197],[150.97,-23.197]]],[[[139.379,-17.03],[139.381,-17.03],[139.383,-17.025],[139.379,-17.03]]],[[[152.913,-25.604],[152.91,-25.602],[152.911,-25.606],[152.913,-25.604]]],[[[144.891,-14.464],[144.895,-14.466],[144.892,-14.462],[144.891,-14.464]]],[[[153.073,-26.93],[153.074,-26.937],[153.074,-26.927],[153.073,-26.93]]],[[[150.257,-21.488],[150.258,-21.485],[150.254,-21.487],[150.257,-21.488]]],[[[149.101,-20.436],[149.103,-20.438],[149.102,-20.432],[149.101,-20.436]]],[[[149.932,-21.104],[149.936,-21.102],[149.933,-21.101],[149.932,-21.104]]],[[[148.709,-20.111],[148.71,-20.105],[148.708,-20.107],[148.709,-20.111]]],[[[151.245,-23.813],[151.247,-23.812],[151.245,-23.808],[151.245,-23.813]]],[[[152.88,-25.576],[152.878,-25.582],[152.879,-25.584],[152.88,-25.576]]],[[[152.938,-25.561],[152.941,-25.557],[152.94,-25.555],[152.938,-25.561]]],[[[146.289,-18.148],[146.289,-18.15],[146.294,-18.151],[146.289,-18.148]]],[[[145.417,-15.111],[145.421,-15.114],[145.423,-15.113],[145.417,-15.111]]],[[[143.416,-12.294],[143.42,-12.297],[143.418,-12.293],[143.416,-12.294]]],[[[150.845,-22.684],[150.841,-22.686],[150.848,-22.685],[150.845,-22.684]]],[[[146.198,-18.037],[146.202,-18.039],[146.203,-18.037],[146.198,-18.037]]],[[[144.708,-14.557],[144.714,-14.558],[144.706,-14.555],[144.708,-14.557]]],[[[142.822,-10.145],[142.816,-10.146],[142.82,-10.147],[142.822,-10.145]]],[[[146.133,-17.982],[146.138,-17.981],[146.133,-17.98],[146.133,-17.982]]],[[[146.178,-17.677],[146.182,-17.675],[146.177,-17.675],[146.178,-17.677]]],[[[150.888,-23.05],[150.89,-23.048],[150.886,-23.047],[150.888,-23.05]]],[[[149.112,-20.493],[149.11,-20.486],[149.11,-20.491],[149.112,-20.493]]],[[[139.164,-16.745],[139.167,-16.748],[139.163,-16.741],[139.164,-16.745]]],[[[149.614,-22.055],[149.616,-22.054],[149.613,-22.051],[149.614,-22.055]]],[[[143.833,-13.909],[143.836,-13.912],[143.835,-13.908],[143.833,-13.909]]],[[[142.408,-10.744],[142.412,-10.739],[142.411,-10.738],[142.408,-10.744]]],[[[145.189,-14.736],[145.187,-14.733],[145.184,-14.733],[145.189,-14.736]]],[[[149.849,-22.149],[149.853,-22.146],[149.85,-22.146],[149.849,-22.149]]],[[[150.01,-22.617],[150.012,-22.614],[150.009,-22.614],[150.01,-22.617]]],[[[153.413,-27.905],[153.41,-27.899],[153.413,-27.908],[153.413,-27.905]]],[[[142.357,-10.116],[142.36,-10.118],[142.36,-10.115],[142.357,-10.116]]],[[[148.852,-20.267],[148.853,-20.27],[148.854,-20.264],[148.852,-20.267]]],[[[146.668,-18.775],[146.665,-18.778],[146.668,-18.778],[146.668,-18.775]]],[[[142.326,-10.08],[142.325,-10.081],[142.33,-10.085],[142.326,-10.08]]],[[[149.062,-20.921],[149.059,-20.92],[149.059,-20.923],[149.062,-20.921]]],[[[139.386,-17.072],[139.365,-17.07],[139.392,-17.073],[139.386,-17.072]]],[[[149.874,-22.232],[149.876,-22.231],[149.869,-22.23],[149.874,-22.232]]],[[[143.24,-11.996],[143.244,-11.997],[143.241,-11.994],[143.24,-11.996]]],[[[150.376,-22.009],[150.38,-22.008],[150.379,-22.006],[150.376,-22.009]]],[[[151.227,-23.802],[151.23,-23.802],[151.229,-23.799],[151.227,-23.802]]],[[[142.965,-11.381],[142.968,-11.384],[142.968,-11.381],[142.965,-11.381]]],[[[146.139,-17.956],[146.142,-17.956],[146.142,-17.953],[146.139,-17.956]]],[[[153.069,-26.977],[153.068,-26.974],[153.066,-26.977],[153.069,-26.977]]],[[[153.122,-26.873],[153.125,-26.87],[153.122,-26.87],[153.122,-26.873]]],[[[149.662,-21.473],[149.665,-21.471],[149.662,-21.47],[149.662,-21.473]]],[[[150.963,-22.655],[150.96,-22.655],[150.959,-22.658],[150.963,-22.655]]],[[[150.668,-21.991],[150.671,-21.993],[150.668,-21.988],[150.668,-21.991]]],[[[142.155,-9.229],[142.158,-9.226],[142.155,-9.226],[142.155,-9.229]]],[[[143.406,-9.824],[143.409,-9.822],[143.409,-9.819],[143.406,-9.824]]],[[[142.102,-10.277],[142.108,-10.282],[142.099,-10.273],[142.102,-10.277]]],[[[150.456,-22.311],[150.454,-22.308],[150.45,-22.306],[150.456,-22.311]]],[[[150.444,-22.515],[150.449,-22.517],[150.443,-22.513],[150.444,-22.515]]],[[[150.899,-23.1],[150.901,-23.098],[150.897,-23.098],[150.899,-23.1]]],[[[146.077,-17.207],[146.078,-17.204],[146.075,-17.205],[146.077,-17.207]]],[[[149.637,-21.677],[149.639,-21.673],[149.637,-21.673],[149.637,-21.677]]],[[[143.028,-9.997],[143.032,-9.997],[143.026,-9.995],[143.028,-9.997]]],[[[144.254,-14.072],[144.258,-14.074],[144.256,-14.071],[144.254,-14.072]]],[[[149.94,-22.23],[149.942,-22.228],[149.941,-22.225],[149.94,-22.23]]],[[[145.558,-16.384],[145.562,-16.384],[145.563,-16.382],[145.558,-16.384]]],[[[150.465,-22.335],[150.463,-22.34],[150.465,-22.339],[150.465,-22.335]]],[[[143.038,-11.194],[143.039,-11.196],[143.043,-11.196],[143.038,-11.194]]],[[[149.006,-20.175],[149.011,-20.172],[149.005,-20.174],[149.006,-20.175]]],[[[143.169,-9.87],[143.174,-9.869],[143.171,-9.868],[143.169,-9.87]]],[[[144.356,-14.252],[144.352,-14.254],[144.352,-14.256],[144.356,-14.252]]],[[[143.792,-14.226],[143.796,-14.226],[143.795,-14.224],[143.792,-14.226]]],[[[142.556,-10.71],[142.56,-10.71],[142.553,-10.708],[142.556,-10.71]]],[[[143.395,-9.956],[143.399,-9.954],[143.399,-9.952],[143.395,-9.956]]],[[[151.263,-23.798],[151.265,-23.802],[151.264,-23.796],[151.263,-23.798]]],[[[142.167,-10.2],[142.171,-10.2],[142.167,-10.198],[142.167,-10.2]]],[[[142.608,-10.613],[142.612,-10.612],[142.608,-10.611],[142.608,-10.613]]],[[[148.818,-20.505],[148.822,-20.504],[148.818,-20.503],[148.818,-20.505]]],[[[152.916,-25.57],[152.917,-25.568],[152.913,-25.568],[152.916,-25.57]]],[[[143.653,-9.569],[143.655,-9.566],[143.651,-9.568],[143.653,-9.569]]],[[[143.306,-9.865],[143.309,-9.864],[143.31,-9.861],[143.306,-9.865]]],[[[150.746,-22.412],[150.749,-22.413],[150.745,-22.409],[150.746,-22.412]]],[[[142.353,-10.546],[142.355,-10.544],[142.352,-10.543],[142.353,-10.546]]],[[[142.344,-10.717],[142.344,-10.713],[142.342,-10.714],[142.344,-10.717]]],[[[143.281,-11.86],[143.283,-11.856],[143.281,-11.856],[143.281,-11.86]]],[[[149.153,-20.653],[149.153,-20.649],[149.151,-20.652],[149.153,-20.653]]],[[[153.323,-27.61],[153.325,-27.61],[153.325,-27.606],[153.323,-27.61]]],[[[152.494,-24.928],[152.491,-24.926],[152.496,-24.932],[152.494,-24.928]]],[[[149.087,-20.535],[149.088,-20.53],[149.086,-20.532],[149.087,-20.535]]],[[[149.545,-21.03],[149.548,-21.031],[149.546,-21.028],[149.545,-21.03]]],[[[149.718,-21.51],[149.72,-21.513],[149.719,-21.508],[149.718,-21.51]]],[[[149.476,-20.931],[149.475,-20.927],[149.474,-20.93],[149.476,-20.931]]],[[[150.925,-23.302],[150.923,-23.303],[150.924,-23.306],[150.925,-23.302]]],[[[142.17,-9.941],[142.173,-9.942],[142.174,-9.94],[142.17,-9.941]]],[[[148.297,-20.083],[148.3,-20.081],[148.298,-20.08],[148.297,-20.083]]],[[[143.058,-11.373],[143.061,-11.377],[143.059,-11.372],[143.058,-11.373]]],[[[153.119,-26.877],[153.121,-26.876],[153.12,-26.873],[153.119,-26.877]]],[[[149.096,-20.307],[149.097,-20.304],[149.095,-20.303],[149.096,-20.307]]],[[[152.892,-25.598],[152.894,-25.597],[152.891,-25.595],[152.892,-25.598]]],[[[152.898,-25.55],[152.899,-25.552],[152.901,-25.549],[152.898,-25.55]]],[[[143.314,-11.838],[143.317,-11.836],[143.315,-11.835],[143.314,-11.838]]],[[[151.099,-23.483],[151.103,-23.482],[151.1,-23.481],[151.099,-23.483]]],[[[150.775,-22.482],[150.776,-22.481],[150.773,-22.477],[150.775,-22.482]]],[[[142.755,-10.658],[142.754,-10.656],[142.751,-10.657],[142.755,-10.658]]],[[[150.379,-22],[150.375,-21.999],[150.384,-22.003],[150.379,-22]]],[[[142.695,-10.889],[142.694,-10.886],[142.692,-10.887],[142.695,-10.889]]],[[[153.4,-27.858],[153.403,-27.863],[153.402,-27.859],[153.4,-27.858]]],[[[144.868,-14.546],[144.868,-14.548],[144.871,-14.548],[144.868,-14.546]]],[[[143.319,-10.108],[143.322,-10.105],[143.319,-10.106],[143.319,-10.108]]],[[[146.197,-18.042],[146.199,-18.044],[146.199,-18.041],[146.197,-18.042]]],[[[149.115,-20.277],[149.116,-20.279],[149.116,-20.273],[149.115,-20.277]]],[[[144.648,-14.345],[144.65,-14.345],[144.646,-14.342],[144.648,-14.345]]],[[[144.256,-14.075],[144.254,-14.077],[144.256,-14.078],[144.256,-14.075]]],[[[149.826,-21.606],[149.827,-21.603],[149.825,-21.603],[149.826,-21.606]]],[[[150.127,-21.952],[150.127,-21.949],[150.125,-21.951],[150.127,-21.952]]],[[[153.402,-27.828],[153.404,-27.827],[153.402,-27.825],[153.402,-27.828]]],[[[142.363,-10.368],[142.365,-10.368],[142.362,-10.365],[142.363,-10.368]]],[[[152.884,-25.573],[152.886,-25.573],[152.885,-25.57],[152.884,-25.573]]],[[[139.255,-16.23],[139.253,-16.23],[139.254,-16.233],[139.255,-16.23]]],[[[152.907,-25.58],[152.905,-25.58],[152.905,-25.583],[152.907,-25.58]]],[[[150.121,-21.95],[150.12,-21.947],[150.118,-21.947],[150.121,-21.95]]],[[[142.129,-10.03],[142.13,-10.028],[142.128,-10.026],[142.129,-10.03]]],[[[144.697,-14.475],[144.699,-14.473],[144.696,-14.473],[144.697,-14.475]]],[[[144.879,-14.418],[144.882,-14.416],[144.879,-14.416],[144.879,-14.418]]],[[[144.357,-14.274],[144.359,-14.272],[144.357,-14.271],[144.357,-14.274]]],[[[150.797,-22.562],[150.797,-22.564],[150.8,-22.565],[150.797,-22.562]]],[[[150.539,-22.267],[150.542,-22.266],[150.539,-22.265],[150.539,-22.267]]],[[[148.958,-20.872],[148.961,-20.871],[148.961,-20.869],[148.958,-20.872]]],[[[139.121,-16.859],[139.119,-16.859],[139.121,-16.862],[139.121,-16.859]]],[[[150.437,-21.764],[150.441,-21.763],[150.439,-21.762],[150.437,-21.764]]],[[[149.657,-21.373],[149.66,-21.37],[149.657,-21.371],[149.657,-21.373]]],[[[144.25,-14.211],[144.253,-14.211],[144.251,-14.209],[144.25,-14.211]]],[[[143.252,-11.97],[143.255,-11.97],[143.253,-11.968],[143.252,-11.97]]],[[[142.531,-10.683],[142.535,-10.681],[142.532,-10.681],[142.531,-10.683]]],[[[150.438,-22.512],[150.439,-22.51],[150.437,-22.508],[150.438,-22.512]]],[[[149.77,-21.601],[149.773,-21.6],[149.77,-21.599],[149.77,-21.601]]],[[[148.85,-20.788],[148.851,-20.786],[148.848,-20.786],[148.85,-20.788]]],[[[150.359,-22.195],[150.362,-22.194],[150.359,-22.193],[150.359,-22.195]]],[[[149.831,-22.026],[149.831,-22.024],[149.828,-22.024],[149.831,-22.026]]],[[[148.873,-20.081],[148.874,-20.079],[148.871,-20.079],[148.873,-20.081]]],[[[149.775,-22.36],[149.778,-22.358],[149.775,-22.358],[149.775,-22.36]]],[[[149.786,-21.816],[149.79,-21.818],[149.785,-21.814],[149.786,-21.816]]],[[[146.044,-17.527],[146.046,-17.528],[146.048,-17.526],[146.044,-17.527]]],[[[153.1,-26.895],[153.11,-26.889],[153.104,-26.892],[153.1,-26.895]]],[[[153.037,-25.836],[153.039,-25.835],[153.037,-25.833],[153.037,-25.836]]],[[[149.659,-21.985],[149.657,-21.985],[149.66,-21.988],[149.659,-21.985]]],[[[149.4,-21.491],[149.402,-21.489],[149.4,-21.488],[149.4,-21.491]]],[[[151.461,-24.058],[151.459,-24.057],[151.458,-24.059],[151.461,-24.058]]],[[[151.05,-23.431],[151.05,-23.426],[151.049,-23.427],[151.05,-23.431]]],[[[150.535,-22.423],[150.534,-22.423],[150.537,-22.428],[150.535,-22.423]]],[[[149.929,-22.26],[149.93,-22.256],[149.928,-22.259],[149.929,-22.26]]],[[[150.923,-23.302],[150.924,-23.301],[150.92,-23.3],[150.923,-23.302]]],[[[141.91,-10.605],[141.912,-10.604],[141.909,-10.603],[141.91,-10.605]]],[[[143.107,-11.891],[143.109,-11.89],[143.108,-11.888],[143.107,-11.891]]],[[[144.006,-14.126],[144.007,-14.123],[144.005,-14.124],[144.006,-14.126]]],[[[143.034,-11.45],[143.035,-11.446],[143.033,-11.449],[143.034,-11.45]]],[[[153.111,-26.878],[153.112,-26.881],[153.113,-26.879],[153.111,-26.878]]],[[[149.933,-22.206],[149.933,-22.201],[149.932,-22.202],[149.933,-22.206]]],[[[142.025,-10.848],[142.024,-10.851],[142.026,-10.85],[142.025,-10.848]]],[[[142.16,-9.229],[142.161,-9.227],[142.159,-9.226],[142.16,-9.229]]],[[[142.237,-9.977],[142.24,-9.978],[142.239,-9.976],[142.237,-9.977]]],[[[142.828,-10.255],[142.832,-10.254],[142.827,-10.254],[142.828,-10.255]]],[[[150.741,-22.403],[150.74,-22.404],[150.743,-22.406],[150.741,-22.403]]],[[[144.888,-14.434],[144.883,-14.43],[144.883,-14.431],[144.888,-14.434]]],[[[153.017,-25.315],[153.024,-25.324],[153.016,-25.313],[153.017,-25.315]]],[[[149.913,-22.06],[149.915,-22.059],[149.914,-22.057],[149.913,-22.06]]],[[[148.877,-20.797],[148.88,-20.798],[148.879,-20.796],[148.877,-20.797]]],[[[146.171,-17.675],[146.167,-17.672],[146.168,-17.674],[146.171,-17.675]]],[[[146.525,-18.828],[146.528,-18.829],[146.527,-18.827],[146.525,-18.828]]],[[[150.228,-22.309],[150.23,-22.308],[150.229,-22.306],[150.228,-22.309]]],[[[152.908,-25.578],[152.907,-25.576],[152.906,-25.579],[152.908,-25.578]]],[[[148.893,-20.381],[148.883,-20.369],[148.896,-20.385],[148.893,-20.381]]],[[[146.158,-17.655],[146.16,-17.657],[146.156,-17.651],[146.158,-17.655]]],[[[148.902,-20.865],[148.898,-20.867],[148.9,-20.867],[148.902,-20.865]]],[[[151.915,-23.306],[151.917,-23.304],[151.915,-23.304],[151.915,-23.306]]],[[[148.855,-20.795],[148.859,-20.795],[148.855,-20.794],[148.855,-20.795]]],[[[150.689,-22.559],[150.691,-22.557],[150.689,-22.557],[150.689,-22.559]]],[[[150.44,-22.207],[150.44,-22.205],[150.438,-22.205],[150.44,-22.207]]],[[[149.915,-22.312],[149.919,-22.311],[149.919,-22.31],[149.915,-22.312]]],[[[148.843,-20.28],[148.845,-20.28],[148.845,-20.278],[148.843,-20.28]]],[[[149.322,-21.324],[149.324,-21.322],[149.322,-21.322],[149.322,-21.324]]],[[[142.117,-10.189],[142.119,-10.194],[142.117,-10.187],[142.117,-10.189]]],[[[142.898,-11.588],[142.901,-11.59],[142.9,-11.588],[142.898,-11.588]]],[[[143.267,-11.952],[143.269,-11.95],[143.267,-11.95],[143.267,-11.952]]],[[[149.811,-21.576],[149.812,-21.574],[149.811,-21.572],[149.811,-21.576]]],[[[143.613,-12.986],[143.613,-12.984],[143.611,-12.985],[143.613,-12.986]]],[[[142.089,-10.092],[142.091,-10.09],[142.089,-10.09],[142.089,-10.092]]],[[[142.637,-10.599],[142.639,-10.599],[142.638,-10.597],[142.637,-10.599]]],[[[143.263,-11.971],[143.264,-11.969],[143.263,-11.967],[143.263,-11.971]]],[[[143.597,-12.886],[143.598,-12.883],[143.596,-12.885],[143.597,-12.886]]],[[[143.546,-12.887],[143.548,-12.885],[143.547,-12.884],[143.546,-12.887]]],[[[142.152,-9.231],[142.154,-9.229],[142.153,-9.228],[142.152,-9.231]]],[[[143.876,-9.144],[143.877,-9.143],[143.874,-9.142],[143.876,-9.144]]],[[[143.226,-12.244],[143.228,-12.245],[143.228,-12.243],[143.226,-12.244]]],[[[143.598,-13.275],[143.596,-13.275],[143.598,-13.277],[143.598,-13.275]]],[[[143.028,-11.379],[143.03,-11.379],[143.028,-11.377],[143.028,-11.379]]],[[[151.956,-23.333],[151.958,-23.333],[151.96,-23.331],[151.956,-23.333]]],[[[152.091,-23.508],[152.092,-23.506],[152.09,-23.506],[152.091,-23.508]]],[[[146.006,-16.922],[146.007,-16.924],[146.008,-16.922],[146.006,-16.922]]],[[[149.67,-21.718],[149.672,-21.716],[149.67,-21.716],[149.67,-21.718]]],[[[150.679,-22.564],[150.681,-22.562],[150.679,-22.562],[150.679,-22.564]]],[[[150.761,-22.47],[150.762,-22.468],[150.76,-22.468],[150.761,-22.47]]],[[[150.703,-21.953],[150.703,-21.951],[150.701,-21.951],[150.703,-21.953]]],[[[149.894,-21.997],[149.894,-21.995],[149.892,-21.996],[149.894,-21.997]]],[[[150.156,-21.971],[150.156,-21.969],[150.154,-21.969],[150.156,-21.971]]],[[[148.625,-20.016],[148.627,-20.02],[148.625,-20.014],[148.625,-20.016]]],[[[148.851,-20.283],[148.849,-20.281],[148.851,-20.285],[148.851,-20.283]]],[[[152.938,-25.555],[152.938,-25.557],[152.94,-25.553],[152.938,-25.555]]],[[[151.469,-24.063],[151.471,-24.063],[151.47,-24.061],[151.469,-24.063]]],[[[143.32,-9.764],[143.322,-9.762],[143.32,-9.762],[143.32,-9.764]]],[[[150.757,-22.479],[150.758,-22.478],[150.756,-22.476],[150.757,-22.479]]],[[[153.41,-27.85],[153.408,-27.848],[153.409,-27.851],[153.41,-27.85]]],[[[152.889,-25.579],[152.892,-25.577],[152.89,-25.577],[152.889,-25.579]]],[[[151.47,-24.066],[151.468,-24.065],[151.468,-24.067],[151.47,-24.066]]],[[[150.382,-21.973],[150.383,-21.972],[150.38,-21.971],[150.382,-21.973]]],[[[142.931,-11.592],[142.935,-11.59],[142.931,-11.591],[142.931,-11.592]]],[[[145.973,-16.76],[145.977,-16.76],[145.971,-16.759],[145.973,-16.76]]],[[[150.85,-23.317],[150.851,-23.316],[150.848,-23.315],[150.85,-23.317]]],[[[143.603,-12.886],[143.605,-12.888],[143.604,-12.885],[143.603,-12.886]]],[[[142.092,-10.318],[142.093,-10.315],[142.091,-10.317],[142.092,-10.318]]],[[[150.134,-21.957],[150.133,-21.954],[150.132,-21.955],[150.134,-21.957]]],[[[150.435,-21.772],[150.439,-21.772],[150.432,-21.771],[150.435,-21.772]]],[[[153.438,-27.769],[153.436,-27.769],[153.434,-27.771],[153.438,-27.769]]],[[[145.192,-14.715],[145.195,-14.713],[145.193,-14.713],[145.192,-14.715]]],[[[144.906,-14.553],[144.908,-14.556],[144.908,-14.554],[144.906,-14.553]]],[[[151.272,-23.537],[151.272,-23.535],[151.27,-23.535],[151.272,-23.537]]],[[[150.426,-21.758],[150.427,-21.756],[150.425,-21.756],[150.426,-21.758]]],[[[149.805,-21.84],[149.807,-21.839],[149.805,-21.838],[149.805,-21.84]]],[[[150.23,-22.287],[150.228,-22.285],[150.228,-22.287],[150.23,-22.287]]],[[[149.502,-21.604],[149.504,-21.604],[149.503,-21.602],[149.502,-21.604]]],[[[152.883,-25.555],[152.885,-25.552],[152.883,-25.553],[152.883,-25.555]]],[[[151.336,-23.839],[151.339,-23.84],[151.337,-23.838],[151.336,-23.839]]],[[[142.675,-10.168],[142.681,-10.172],[142.673,-10.166],[142.675,-10.168]]],[[[149.139,-20.677],[149.14,-20.673],[149.139,-20.673],[149.139,-20.677]]],[[[142.11,-10.348],[142.111,-10.347],[142.111,-10.343],[142.11,-10.348]]],[[[142.265,-10.075],[142.264,-10.071],[142.264,-10.075],[142.265,-10.075]]],[[[142.988,-11.726],[142.991,-11.73],[142.988,-11.725],[142.988,-11.726]]],[[[142.992,-11.008],[142.992,-11.009],[142.995,-11.008],[142.992,-11.008]]],[[[149.595,-22.143],[149.597,-22.142],[149.594,-22.142],[149.595,-22.143]]],[[[149.063,-20.613],[149.066,-20.614],[149.063,-20.612],[149.063,-20.613]]],[[[150.537,-22.431],[150.538,-22.429],[150.536,-22.43],[150.537,-22.431]]],[[[150.448,-22.521],[150.449,-22.52],[150.447,-22.519],[150.448,-22.521]]],[[[152.952,-25.55],[152.955,-25.547],[152.952,-25.549],[152.952,-25.55]]],[[[151.728,-24.062],[151.729,-24.061],[151.727,-24.06],[151.728,-24.062]]],[[[142.344,-10.106],[142.346,-10.105],[142.345,-10.104],[142.344,-10.106]]],[[[149.577,-21.958],[149.579,-21.957],[149.578,-21.956],[149.577,-21.958]]],[[[149.208,-20.701],[149.209,-20.7],[149.207,-20.699],[149.208,-20.701]]],[[[150.155,-21.985],[150.154,-21.983],[150.153,-21.984],[150.155,-21.985]]],[[[146.159,-17.746],[146.161,-17.745],[146.16,-17.744],[146.159,-17.746]]],[[[146.174,-17.674],[146.175,-17.673],[146.173,-17.672],[146.174,-17.674]]],[[[153.429,-27.78],[153.43,-27.782],[153.431,-27.781],[153.429,-27.78]]],[[[142.386,-10.768],[142.387,-10.769],[142.387,-10.766],[142.386,-10.768]]],[[[145.448,-15.026],[145.448,-15.023],[145.447,-15.022],[145.448,-15.026]]],[[[150.227,-21.652],[150.227,-21.649],[150.226,-21.649],[150.227,-21.652]]],[[[149.826,-21.369],[149.826,-21.366],[149.825,-21.368],[149.826,-21.369]]],[[[143.405,-12.76],[143.405,-12.757],[143.404,-12.759],[143.405,-12.76]]],[[[150.359,-22.19],[150.36,-22.19],[150.359,-22.187],[150.359,-22.19]]],[[[149.878,-21.982],[149.879,-21.981],[149.878,-21.979],[149.878,-21.982]]],[[[153.416,-27.798],[153.415,-27.798],[153.415,-27.801],[153.416,-27.798]]],[[[142.054,-10.219],[142.054,-10.216],[142.053,-10.218],[142.054,-10.219]]],[[[142.067,-10.224],[142.067,-10.221],[142.066,-10.222],[142.067,-10.224]]],[[[142.597,-10.71],[142.597,-10.707],[142.596,-10.709],[142.597,-10.71]]],[[[142.653,-10.623],[142.653,-10.62],[142.652,-10.623],[142.653,-10.623]]],[[[148.892,-20.085],[148.892,-20.082],[148.891,-20.084],[148.892,-20.085]]],[[[152.904,-25.561],[152.905,-25.564],[152.906,-25.564],[152.904,-25.561]]],[[[152.909,-25.606],[152.908,-25.608],[152.909,-25.609],[152.909,-25.606]]],[[[151.626,-24.017],[151.626,-24.014],[151.625,-24.016],[151.626,-24.017]]],[[[144.85,-14.32],[144.852,-14.319],[144.849,-14.319],[144.85,-14.32]]],[[[142.175,-9.946],[142.174,-9.944],[142.173,-9.945],[142.175,-9.946]]],[[[142.975,-11.728],[142.978,-11.728],[142.977,-11.727],[142.975,-11.728]]],[[[150.296,-21.673],[150.297,-21.671],[150.295,-21.672],[150.296,-21.673]]],[[[152.939,-25.377],[152.942,-25.377],[152.94,-25.376],[152.939,-25.377]]],[[[143.386,-12.884],[143.39,-12.883],[143.387,-12.883],[143.386,-12.884]]],[[[148.959,-20.331],[148.962,-20.331],[148.961,-20.33],[148.959,-20.331]]],[[[147.064,-19.247],[147.062,-19.246],[147.063,-19.248],[147.064,-19.247]]],[[[151.771,-23.503],[151.773,-23.502],[151.77,-23.502],[151.771,-23.503]]],[[[144.881,-14.199],[144.885,-14.198],[144.882,-14.198],[144.881,-14.199]]],[[[144.901,-14.401],[144.904,-14.4],[144.901,-14.4],[144.901,-14.401]]],[[[150.289,-21.749],[150.29,-21.748],[150.288,-21.747],[150.289,-21.749]]],[[[150.877,-23.038],[150.879,-23.037],[150.878,-23.036],[150.877,-23.038]]],[[[149.841,-22.035],[149.844,-22.034],[149.844,-22.033],[149.841,-22.035]]],[[[152.917,-25.556],[152.916,-25.557],[152.92,-25.556],[152.917,-25.556]]],[[[142.992,-11.238],[142.993,-11.236],[142.991,-11.237],[142.992,-11.238]]],[[[143.721,-13.495],[143.724,-13.492],[143.722,-13.493],[143.721,-13.495]]],[[[151.277,-23.534],[151.278,-23.532],[151.276,-23.533],[151.277,-23.534]]],[[[148.997,-20.358],[148.996,-20.36],[149,-20.355],[148.997,-20.358]]],[[[149.825,-22.017],[149.825,-22.014],[149.824,-22.015],[149.825,-22.017]]],[[[143.617,-12.985],[143.616,-12.985],[143.617,-12.988],[143.617,-12.985]]],[[[153.407,-27.851],[153.408,-27.85],[153.407,-27.848],[153.407,-27.851]]],[[[142.075,-10.117],[142.074,-10.116],[142.074,-10.119],[142.075,-10.117]]],[[[150.404,-22.495],[150.407,-22.493],[150.406,-22.493],[150.404,-22.495]]],[[[144.576,-14.233],[144.578,-14.231],[144.576,-14.232],[144.576,-14.233]]],[[[151.43,-24.051],[151.433,-24.053],[151.431,-24.051],[151.43,-24.051]]],[[[153.112,-26.885],[153.113,-26.884],[153.111,-26.884],[153.112,-26.885]]],[[[150.429,-21.757],[150.429,-21.755],[150.428,-21.755],[150.429,-21.757]]],[[[150.43,-21.761],[150.429,-21.761],[150.43,-21.763],[150.43,-21.761]]],[[[150.309,-21.47],[150.31,-21.469],[150.31,-21.467],[150.309,-21.47]]],[[[150.153,-21.533],[150.153,-21.531],[150.152,-21.532],[150.153,-21.533]]],[[[149.66,-21.951],[149.662,-21.95],[149.66,-21.95],[149.66,-21.951]]],[[[149.808,-21.628],[149.81,-21.628],[149.81,-21.627],[149.808,-21.628]]],[[[149.072,-20.626],[149.073,-20.625],[149.072,-20.624],[149.072,-20.626]]],[[[149.089,-20.507],[149.09,-20.506],[149.088,-20.506],[149.089,-20.507]]],[[[149.187,-20.6],[149.187,-20.599],[149.185,-20.599],[149.187,-20.6]]],[[[149.27,-20.757],[149.27,-20.755],[149.269,-20.756],[149.27,-20.757]]],[[[148.841,-20.824],[148.842,-20.823],[148.84,-20.823],[148.841,-20.824]]],[[[148.846,-20.792],[148.845,-20.791],[148.844,-20.792],[148.846,-20.792]]],[[[150.332,-22.228],[150.332,-22.226],[150.331,-22.227],[150.332,-22.228]]],[[[150.373,-22.207],[150.374,-22.207],[150.373,-22.205],[150.373,-22.207]]],[[[150.446,-22.521],[150.446,-22.519],[150.445,-22.518],[150.446,-22.521]]],[[[150.954,-23.065],[150.954,-23.063],[150.953,-23.063],[150.954,-23.065]]],[[[150.881,-23.047],[150.881,-23.046],[150.879,-23.046],[150.881,-23.047]]],[[[153.404,-27.821],[153.405,-27.82],[153.404,-27.819],[153.404,-27.821]]],[[[142.217,-9.973],[142.217,-9.972],[142.215,-9.972],[142.217,-9.973]]],[[[142.369,-10.713],[142.37,-10.714],[142.371,-10.713],[142.369,-10.713]]],[[[142.45,-10.496],[142.452,-10.496],[142.45,-10.495],[142.45,-10.496]]],[[[149.39,-21.474],[149.392,-21.474],[149.391,-21.473],[149.39,-21.474]]],[[[151.461,-24.062],[151.461,-24.06],[151.46,-24.06],[151.461,-24.062]]],[[[145.458,-15.731],[145.459,-15.73],[145.458,-15.729],[145.458,-15.731]]],[[[143.489,-12.404],[143.489,-12.406],[143.49,-12.403],[143.489,-12.404]]],[[[143.031,-11.481],[143.031,-11.479],[143.03,-11.479],[143.031,-11.481]]],[[[142.989,-11.006],[142.99,-11.005],[142.989,-11.004],[142.989,-11.006]]],[[[145.325,-15.14],[145.326,-15.138],[145.325,-15.138],[145.325,-15.14]]],[[[144.698,-14.477],[144.699,-14.475],[144.698,-14.475],[144.698,-14.477]]],[[[142.095,-10.077],[142.096,-10.077],[142.095,-10.075],[142.095,-10.077]]],[[[142.255,-10.737],[142.255,-10.735],[142.254,-10.736],[142.255,-10.737]]],[[[141.569,-9.611],[141.57,-9.609],[141.569,-9.609],[141.569,-9.611]]],[[[151.242,-23.804],[151.243,-23.804],[151.241,-23.802],[151.242,-23.804]]],[[[144.483,-14.151],[144.484,-14.152],[144.484,-14.15],[144.483,-14.151]]],[[[143.718,-13.655],[143.719,-13.655],[143.722,-13.653],[143.718,-13.655]]],[[[143.417,-12.591],[143.418,-12.589],[143.417,-12.589],[143.417,-12.591]]],[[[143.304,-11.85],[143.306,-11.85],[143.305,-11.849],[143.304,-11.85]]],[[[145.372,-15.091],[145.372,-15.089],[145.371,-15.09],[145.372,-15.091]]],[[[145.467,-14.692],[145.466,-14.691],[145.465,-14.692],[145.467,-14.692]]],[[[145.085,-14.737],[145.084,-14.736],[145.083,-14.737],[145.085,-14.737]]],[[[145.349,-15.53],[145.351,-15.53],[145.35,-15.529],[145.349,-15.53]]],[[[146.218,-18.473],[146.219,-18.472],[146.218,-18.471],[146.218,-18.473]]],[[[146.094,-17.223],[146.095,-17.222],[146.094,-17.221],[146.094,-17.223]]],[[[149.659,-21.955],[149.659,-21.953],[149.658,-21.954],[149.659,-21.955]]],[[[149.66,-21.947],[149.66,-21.945],[149.659,-21.946],[149.66,-21.947]]],[[[149.82,-21.436],[149.821,-21.434],[149.82,-21.434],[149.82,-21.436]]],[[[149.07,-20.662],[149.071,-20.661],[149.07,-20.66],[149.07,-20.662]]],[[[149.126,-20.549],[149.127,-20.546],[149.126,-20.547],[149.126,-20.549]]],[[[149.232,-20.733],[149.233,-20.732],[149.232,-20.731],[149.232,-20.733]]],[[[143.694,-13.369],[143.695,-13.369],[143.695,-13.367],[143.694,-13.369]]],[[[150.313,-22.329],[150.314,-22.328],[150.313,-22.327],[150.313,-22.329]]],[[[150.098,-22.047],[150.098,-22.045],[150.097,-22.046],[150.098,-22.047]]],[[[150.199,-21.965],[150.198,-21.966],[150.199,-21.967],[150.199,-21.965]]],[[[152.942,-25.373],[152.94,-25.375],[152.941,-25.375],[152.942,-25.373]]],[[[153.393,-27.829],[153.392,-27.83],[153.393,-27.831],[153.393,-27.829]]],[[[142.177,-9.937],[142.179,-9.937],[142.179,-9.936],[142.177,-9.937]]],[[[142.492,-10.696],[142.493,-10.694],[142.492,-10.694],[142.492,-10.696]]],[[[143.662,-9.613],[143.663,-9.612],[143.661,-9.612],[143.662,-9.613]]],[[[149.161,-20.236],[149.161,-20.234],[149.16,-20.236],[149.161,-20.236]]],[[[151.737,-24.034],[151.737,-24.032],[151.736,-24.033],[151.737,-24.034]]],[[[152.368,-23.858],[152.369,-23.857],[152.368,-23.856],[152.368,-23.858]]],[[[149.8,-21.827],[149.799,-21.824],[149.799,-21.826],[149.8,-21.827]]],[[[146.153,-17.78],[146.154,-17.779],[146.154,-17.777],[146.153,-17.78]]],[[[153.007,-25.357],[153.006,-25.355],[153.004,-25.353],[153.007,-25.357]]],[[[148.873,-20.061],[148.874,-20.06],[148.874,-20.058],[148.873,-20.061]]],[[[152.954,-25.51],[152.955,-25.509],[152.955,-25.507],[152.954,-25.51]]],[[[153.401,-27.829],[153.399,-27.827],[153.399,-27.828],[153.401,-27.829]]],[[[147.071,-19.258],[147.073,-19.258],[147.072,-19.257],[147.071,-19.258]]],[[[150.833,-23.287],[150.835,-23.287],[150.835,-23.286],[150.833,-23.287]]],[[[153.416,-27.798],[153.417,-27.797],[153.415,-27.797],[153.416,-27.798]]],[[[152.902,-25.574],[152.899,-25.575],[152.904,-25.574],[152.902,-25.574]]],[[[152.905,-25.542],[152.903,-25.542],[152.904,-25.543],[152.905,-25.542]]],[[[148.44,-20.063],[148.442,-20.063],[148.44,-20.062],[148.44,-20.063]]],[[[151.104,-23.481],[151.099,-23.477],[151.101,-23.479],[151.104,-23.481]]],[[[151.317,-23.765],[151.319,-23.765],[151.318,-23.764],[151.317,-23.765]]],[[[143.836,-13.957],[143.837,-13.956],[143.835,-13.956],[143.836,-13.957]]],[[[150.77,-22.518],[150.772,-22.518],[150.771,-22.517],[150.77,-22.518]]],[[[150.425,-22.25],[150.427,-22.249],[150.425,-22.249],[150.425,-22.25]]],[[[150.449,-22.523],[150.451,-22.521],[150.449,-22.522],[150.449,-22.523]]],[[[150.532,-22.384],[150.533,-22.383],[150.531,-22.383],[150.532,-22.384]]],[[[153.4,-27.823],[153.402,-27.823],[153.4,-27.822],[153.4,-27.823]]],[[[142.76,-10.998],[142.758,-10.998],[142.76,-10.999],[142.76,-10.998]]],[[[145.334,-15.607],[145.337,-15.606],[145.335,-15.606],[145.334,-15.607]]],[[[143.1,-10.519],[143.098,-10.52],[143.1,-10.52],[143.1,-10.519]]],[[[153.068,-26.973],[153.07,-26.973],[153.069,-26.972],[153.068,-26.973]]],[[[152.3,-23.801],[152.302,-23.801],[152.3,-23.8],[152.3,-23.801]]],[[[150.164,-22.013],[150.164,-22.011],[150.163,-22.011],[150.164,-22.013]]],[[[152.366,-23.864],[152.367,-23.863],[152.366,-23.862],[152.366,-23.864]]],[[[142.991,-11.732],[142.992,-11.733],[142.992,-11.731],[142.991,-11.732]]],[[[144.653,-14.347],[144.652,-14.345],[144.651,-14.345],[144.653,-14.347]]],[[[149.599,-21.959],[149.599,-21.957],[149.598,-21.957],[149.599,-21.959]]],[[[149.669,-21.986],[149.67,-21.986],[149.668,-21.984],[149.669,-21.986]]],[[[150.586,-21.983],[150.587,-21.981],[150.586,-21.981],[150.586,-21.983]]],[[[152.915,-25.487],[152.916,-25.486],[152.916,-25.485],[152.915,-25.487]]],[[[151.227,-23.814],[151.226,-23.813],[151.225,-23.813],[151.227,-23.814]]],[[[143.572,-13.217],[143.573,-13.217],[143.572,-13.216],[143.572,-13.217]]],[[[143.302,-11.847],[143.301,-11.847],[143.301,-11.848],[143.302,-11.847]]],[[[142.993,-11.742],[142.994,-11.741],[142.993,-11.741],[142.993,-11.742]]],[[[144.891,-14.435],[144.892,-14.435],[144.89,-14.434],[144.891,-14.435]]],[[[144.904,-14.553],[144.905,-14.553],[144.904,-14.552],[144.904,-14.553]]],[[[146.326,-18.236],[146.326,-18.235],[146.325,-18.235],[146.326,-18.236]]],[[[153.074,-27.001],[153.076,-27],[153.075,-27],[153.074,-27.001]]],[[[153.057,-26.977],[153.058,-26.977],[153.058,-26.976],[153.057,-26.977]]],[[[150.413,-21.753],[150.413,-21.752],[150.412,-21.752],[150.413,-21.753]]],[[[150.275,-21.684],[150.276,-21.683],[150.275,-21.683],[150.275,-21.684]]],[[[150.225,-21.658],[150.225,-21.657],[150.224,-21.657],[150.225,-21.658]]],[[[150.308,-21.471],[150.308,-21.47],[150.307,-21.471],[150.308,-21.471]]],[[[149.652,-21.959],[149.653,-21.959],[149.653,-21.958],[149.652,-21.959]]],[[[149.66,-21.959],[149.66,-21.958],[149.659,-21.957],[149.66,-21.959]]],[[[149.733,-20.948],[149.734,-20.945],[149.733,-20.947],[149.733,-20.948]]],[[[149.245,-21.097],[149.245,-21.096],[149.244,-21.096],[149.245,-21.097]]],[[[148.94,-20.863],[148.94,-20.862],[148.939,-20.861],[148.94,-20.863]]],[[[149.016,-20.42],[149.017,-20.419],[149.016,-20.419],[149.016,-20.42]]],[[[150.764,-22.449],[150.763,-22.448],[150.762,-22.448],[150.764,-22.449]]],[[[150.731,-22.427],[150.732,-22.426],[150.731,-22.426],[150.731,-22.427]]],[[[150.718,-22.34],[150.719,-22.338],[150.718,-22.339],[150.718,-22.34]]],[[[150.691,-21.942],[150.692,-21.94],[150.691,-21.941],[150.691,-21.942]]],[[[150.303,-22.309],[150.303,-22.308],[150.302,-22.308],[150.303,-22.309]]],[[[150.335,-22.231],[150.335,-22.23],[150.334,-22.23],[150.335,-22.231]]],[[[150.334,-22.227],[150.335,-22.227],[150.334,-22.226],[150.334,-22.227]]],[[[150.37,-22.215],[150.37,-22.216],[150.371,-22.216],[150.37,-22.215]]],[[[150.222,-21.92],[150.222,-21.919],[150.221,-21.918],[150.222,-21.92]]],[[[150.143,-21.994],[150.143,-21.993],[150.142,-21.993],[150.143,-21.994]]],[[[150.188,-21.984],[150.189,-21.982],[150.188,-21.983],[150.188,-21.984]]],[[[150.143,-21.982],[150.142,-21.983],[150.143,-21.983],[150.143,-21.982]]],[[[150.051,-22.131],[150.052,-22.13],[150.051,-22.13],[150.051,-22.131]]],[[[150.094,-22.187],[150.094,-22.186],[150.093,-22.186],[150.094,-22.187]]],[[[150.09,-22.178],[150.09,-22.177],[150.089,-22.177],[150.09,-22.178]]],[[[150.059,-22.132],[150.059,-22.131],[150.058,-22.131],[150.059,-22.132]]],[[[150.528,-22.376],[150.529,-22.376],[150.528,-22.375],[150.528,-22.376]]],[[[151.086,-23.154],[151.085,-23.155],[151.086,-23.155],[151.086,-23.154]]],[[[149.894,-21.971],[149.895,-21.971],[149.893,-21.97],[149.894,-21.971]]],[[[152.999,-25.347],[153,-25.348],[152.999,-25.346],[152.999,-25.347]]],[[[153.409,-27.812],[153.41,-27.811],[153.41,-27.81],[153.409,-27.812]]],[[[142.212,-10.765],[142.213,-10.763],[142.212,-10.764],[142.212,-10.765]]],[[[142.418,-10.736],[142.419,-10.736],[142.418,-10.735],[142.418,-10.736]]],[[[142.924,-10.15],[142.925,-10.15],[142.924,-10.149],[142.924,-10.15]]],[[[149.142,-20.234],[149.143,-20.231],[149.142,-20.233],[149.142,-20.234]]],[[[153.384,-27.516],[153.384,-27.517],[153.385,-27.515],[153.384,-27.516]]],[[[152.881,-25.594],[152.881,-25.593],[152.88,-25.594],[152.881,-25.594]]],[[[139.135,-16.791],[139.135,-16.79],[139.134,-16.79],[139.135,-16.791]]],[[[152.915,-25.585],[152.916,-25.585],[152.916,-25.584],[152.915,-25.585]]],[[[152.948,-25.456],[152.949,-25.456],[152.949,-25.455],[152.948,-25.456]]],[[[151.733,-24.018],[151.733,-24.017],[151.732,-24.017],[151.733,-24.018]]],[[[139.843,-16.707],[139.844,-16.707],[139.843,-16.706],[139.843,-16.707]]],[[[152.936,-25.744],[152.937,-25.744],[152.936,-25.743],[152.936,-25.744]]],[[[144.881,-14.43],[144.882,-14.429],[144.881,-14.429],[144.881,-14.43]]],[[[144.487,-14.165],[144.488,-14.164],[144.487,-14.164],[144.487,-14.165]]],[[[144.513,-14.123],[144.514,-14.122],[144.513,-14.122],[144.513,-14.123]]],[[[144.537,-14.184],[144.538,-14.184],[144.537,-14.183],[144.537,-14.184]]],[[[144.244,-14.209],[144.244,-14.208],[144.243,-14.208],[144.244,-14.209]]],[[[145.419,-15.117],[145.418,-15.115],[145.418,-15.116],[145.419,-15.117]]],[[[142.873,-11.248],[142.874,-11.248],[142.873,-11.247],[142.873,-11.248]]],[[[145.47,-14.866],[145.471,-14.865],[145.47,-14.865],[145.47,-14.866]]],[[[145.305,-15.133],[145.306,-15.133],[145.304,-15.132],[145.305,-15.133]]],[[[143.55,-12.886],[143.55,-12.885],[143.549,-12.886],[143.55,-12.886]]],[[[142.151,-9.232],[142.151,-9.231],[142.15,-9.231],[142.151,-9.232]]],[[[142.153,-9.961],[142.152,-9.961],[142.153,-9.962],[142.153,-9.961]]],[[[142.155,-9.247],[142.156,-9.247],[142.155,-9.246],[142.155,-9.247]]],[[[142.21,-9.963],[142.209,-9.962],[142.209,-9.963],[142.21,-9.963]]],[[[142.21,-9.962],[142.211,-9.96],[142.21,-9.961],[142.21,-9.962]]],[[[142.28,-10.689],[142.281,-10.688],[142.28,-10.688],[142.28,-10.689]]],[[[142.488,-10.235],[142.488,-10.234],[142.487,-10.234],[142.488,-10.235]]],[[[142.68,-10.641],[142.68,-10.64],[142.679,-10.64],[142.68,-10.641]]],[[[146.288,-18.148],[146.287,-18.146],[146.287,-18.147],[146.288,-18.148]]],[[[148.695,-20.267],[148.696,-20.266],[148.696,-20.265],[148.695,-20.267]]],[[[152.91,-25.606],[152.909,-25.605],[152.911,-25.608],[152.91,-25.606]]],[[[145.568,-16.383],[145.567,-16.382],[145.566,-16.382],[145.568,-16.383]]],[[[150.316,-21.735],[150.316,-21.734],[150.315,-21.734],[150.316,-21.735]]],[[[150.287,-21.679],[150.287,-21.678],[150.286,-21.678],[150.287,-21.679]]],[[[150.343,-21.676],[150.344,-21.675],[150.343,-21.675],[150.343,-21.676]]],[[[148.937,-20.86],[148.939,-20.859],[148.938,-20.859],[148.937,-20.86]]],[[[148.959,-20.868],[148.96,-20.867],[148.959,-20.867],[148.959,-20.868]]],[[[150.715,-22.339],[150.715,-22.338],[150.714,-22.338],[150.715,-22.339]]],[[[150.259,-22.342],[150.26,-22.341],[150.259,-22.341],[150.259,-22.342]]],[[[150.649,-22.028],[150.649,-22.027],[150.648,-22.026],[150.649,-22.028]]],[[[150.805,-23.173],[150.805,-23.172],[150.804,-23.173],[150.805,-23.173]]],[[[152.941,-25.368],[152.942,-25.368],[152.942,-25.367],[152.941,-25.368]]],[[[153.411,-27.9],[153.412,-27.9],[153.411,-27.899],[153.411,-27.9]]],[[[149.115,-20.197],[149.116,-20.196],[149.115,-20.196],[149.115,-20.197]]],[[[149.143,-20.228],[149.142,-20.225],[149.142,-20.226],[149.143,-20.228]]],[[[139.46,-16.667],[139.459,-16.669],[139.46,-16.668],[139.46,-16.667]]],[[[150.294,-21.674],[150.295,-21.673],[150.294,-21.673],[150.294,-21.674]]],[[[150.23,-21.652],[150.231,-21.651],[150.229,-21.652],[150.23,-21.652]]],[[[148.871,-20.805],[148.873,-20.804],[148.872,-20.804],[148.871,-20.805]]],[[[150.711,-22.626],[150.712,-22.626],[150.711,-22.625],[150.711,-22.626]]],[[[150.45,-22.324],[150.45,-22.323],[150.449,-22.323],[150.45,-22.324]]],[[[150.325,-22.428],[150.325,-22.427],[150.324,-22.427],[150.325,-22.428]]],[[[150.098,-22.032],[150.099,-22.031],[150.098,-22.031],[150.098,-22.032]]],[[[150.474,-22.206],[150.473,-22.206],[150.473,-22.207],[150.474,-22.206]]],[[[142.157,-9.237],[142.158,-9.236],[142.158,-9.235],[142.157,-9.237]]],[[[142.163,-9.934],[142.164,-9.935],[142.164,-9.934],[142.163,-9.934]]],[[[152.889,-25.576],[152.89,-25.575],[152.889,-25.575],[152.889,-25.576]]],[[[152.907,-25.58],[152.908,-25.581],[152.908,-25.58],[152.907,-25.58]]],[[[139.842,-16.71],[139.843,-16.709],[139.842,-16.709],[139.842,-16.71]]],[[[142.349,-10.844],[142.349,-10.843],[142.348,-10.844],[142.349,-10.844]]],[[[148.943,-20.864],[148.944,-20.862],[148.944,-20.861],[148.943,-20.864]]],[[[148.759,-20.673],[148.758,-20.672],[148.758,-20.673],[148.759,-20.673]]],[[[150.628,-22.328],[150.628,-22.327],[150.627,-22.327],[150.628,-22.328]]],[[[143.429,-9.688],[143.428,-9.689],[143.432,-9.686],[143.429,-9.688]]],[[[139.14,-16.79],[139.14,-16.789],[139.139,-16.789],[139.14,-16.79]]],[[[152.907,-25.536],[152.907,-25.537],[152.908,-25.536],[152.907,-25.536]]],[[[148.831,-20.248],[148.83,-20.245],[148.832,-20.252],[148.831,-20.248]]],[[[142.318,-10.839],[142.319,-10.836],[142.317,-10.842],[142.318,-10.839]]]]},"properties":{"state_code":"3","state_name":"Queensland","boundary_edition":2026}},
{"type":"Feature","geometry":{"type":"MultiPolygon","coordinates":[[[[140.97710249150384,-33.99854401404754],[140.999,-25.996],[137.999,-25.997],[129.009998,-25.998998],[129.00166156957536,-25.99899985295186],[129.002,-31.687],[130.152,-31.577],[130.806,-31.606],[131.149,-31.464],[131.759,-31.72],[132.201,-32.027],[132.747,-31.949],[133.126,-32.209],[133.488,-32.206],[133.395,-32.142],[133.668,-32.104],[133.679,-32.203],[133.821,-32.234],[133.951,-32.388],[133.867,-32.399],[133.849,-32.542],[134.057,-32.441],[134.266,-32.574],[134.222,-32.79],[134.153,-32.724],[134.205,-32.725],[134.06,-32.722],[134.139,-32.84],[134.061,-32.908],[134.202,-32.964],[134.168,-33.056],[134.23,-33.043],[134.328,-33.199],[134.276,-33.025],[134.369,-33.176],[134.451,-33.145],[134.631,-33.245],[134.558,-33.161],[134.702,-33.175],[134.67872289156625,-33.20621248630887],[134.671,-33.202],[134.666,-33.214],[134.6756,-33.2104],[134.658,-33.234],[134.845,-33.436],[134.83,-33.626],[135.252,-33.981],[135.389,-34.595],[135.405,-34.507],[135.432,-34.603],[135.517,-34.613],[135.366,-34.642],[135.298,-34.552],[135.354,-34.522],[135.221,-34.499],[135.206,-34.429],[135.109,-34.588],[135.21024400000002,-34.562512],[135.21,-34.563],[135.213,-34.563],[135.2120558659218,-34.56205586592179],[135.252,-34.552],[135.619,-34.944],[135.792,-34.861],[135.87404381443298,-34.934434278350516],[135.871,-34.939],[135.875,-34.94],[135.875,-34.93529012345678],[135.954,-35.006],[136.007,-34.736],[135.786,-34.809],[135.891,-34.751],[135.854,-34.665],[135.937,-34.649],[135.932,-34.529],[136.056,-34.479],[136.092,-34.543],[136.112,-34.359],[136.593,-33.9],[137.213,-33.661],[137.452,-33.131],[137.641,-32.955],[137.787,-33],[137.761,-32.433],[137.838,-32.696],[137.944,-32.758],[137.952,-33.006],[138.054,-33.115],[137.811,-33.266],[137.977,-33.559],[137.6,-33.877],[137.522,-34.129],[137.45,-34.136],[137.5,-34.312],[137.415,-34.46],[137.483,-34.439],[137.509,-34.618],[137.449,-34.91],[137.014,-34.893],[136.8301818181818,-35.23],[136.829,-35.23],[136.82976470588235,-35.23076470588235],[136.822,-35.245],[136.883,-35.3],[137.423,-35.098],[137.638,-35.168],[137.759,-35.115],[137.888,-34.507],[138.102,-34.139],[138.266,-34.477],[138.5262575896964,-34.77889880404783],[138.54485283893393,-34.80046929316338],[138.566,-34.825],[138.497,-34.851],[138.478,-34.783],[138.518,-35.032],[138.441,-35.35],[138.096,-35.625],[138.522,-35.643],[138.738,-35.516],[139.3,-35.825],[139.594,-36.133],[139.821,-36.557],[139.85,-36.825],[139.67,-36.958],[139.841,-37.322],[140.119,-37.529],[140.396,-37.92],[140.662,-38.061],[140.966,-38.056],[140.97710249150384,-33.99854401404754]]],[[[137.946,-35.721],[137.78525575221238,-35.82367433628319],[137.784,-35.822],[137.783,-35.824],[137.78397931034482,-35.824489655172414],[137.755,-35.843],[137.78,-35.724],[137.578,-35.726],[137.633,-35.564],[137.321,-35.578],[136.587,-35.749],[136.533,-35.877],[136.705,-36.064],[137.209,-35.974],[137.461,-36.075],[137.741,-35.853],[138.041,-35.904],[138.134,-35.844],[137.946,-35.721]]],[[[134.451,-33.763],[134.547,-33.724],[134.528,-33.678],[134.451,-33.763]]],[[[133.609,-32.29],[133.674,-32.232],[133.54,-32.279],[133.609,-32.29]]],[[[137.35,-34.482],[137.352,-34.534],[137.382,-34.497],[137.35,-34.482]]],[[[135.921,-34.713],[135.953,-34.724],[135.918,-34.673],[135.921,-34.713]]],[[[136.146,-34.998],[136.083,-34.945],[136.203,-35.064],[136.146,-34.998]]],[[[133.789,-32.359],[133.858,-32.388],[133.815,-32.355],[133.789,-32.359]]],[[[133.287,-32.523],[133.31,-32.499],[133.271,-32.496],[133.287,-32.523]]],[[[136.452,-35.146],[136.444,-35.16],[136.492,-35.175],[136.452,-35.146]]],[[[136.356,-34.656],[136.33,-34.658],[136.344,-34.683],[136.356,-34.656]]],[[[134.809,-33.607],[134.81,-33.591],[134.776,-33.595],[134.809,-33.607]]],[[[134.269,-33.965],[134.277,-33.944],[134.264,-33.937],[134.269,-33.965]]],[[[136.286,-34.523],[136.276,-34.55],[136.305,-34.503],[136.286,-34.523]]],[[[133.503,-32.315],[133.531,-32.305],[133.515,-32.301],[133.503,-32.315]]],[[[136.001,-34.879],[136.013,-34.89],[136.012,-34.867],[136.001,-34.879]]],[[[133.67,-32.439],[133.659,-32.456],[133.684,-32.441],[133.67,-32.439]]],[[[135.952,-34.591],[135.959,-34.575],[135.946,-34.568],[135.952,-34.591]]],[[[133.28,-32.568],[133.299,-32.556],[133.284,-32.554],[133.28,-32.568]]],[[[133.648,-32.453],[133.626,-32.457],[133.64,-32.463],[133.648,-32.453]]],[[[136.051,-34.97],[136.07,-34.963],[136.06,-34.957],[136.051,-34.97]]],[[[136.056,-35.235],[136.071,-35.238],[136.073,-35.228],[136.056,-35.235]]],[[[135.976,-35.025],[135.966,-35.022],[135.975,-35.038],[135.976,-35.025]]],[[[133.476,-32.379],[133.484,-32.383],[133.486,-32.368],[133.476,-32.379]]],[[[138.5398292682927,-34.802524390243896],[138.538,-34.801],[138.529975308642,-34.80655555555553],[138.525,-34.81],[138.544,-34.806],[138.5398292682927,-34.802524390243896]]],[[[133.368,-32.396],[133.374,-32.403],[133.382,-32.395],[133.368,-32.396]]],[[[136.279,-34.681],[136.267,-34.673],[136.269,-34.683],[136.279,-34.681]]],[[[134.242,-34.009],[134.251,-34.006],[134.245,-33.997],[134.242,-34.009]]],[[[133.831,-32.358],[133.83,-32.352],[133.816,-32.355],[133.831,-32.358]]],[[[133.286,-32.58],[133.278,-32.587],[133.289,-32.586],[133.286,-32.58]]],[[[136.307,-34.594],[136.322,-34.596],[136.326,-34.592],[136.307,-34.594]]],[[[136.859,-35.374],[136.867,-35.37],[136.856,-35.367],[136.859,-35.374]]],[[[136.251,-34.527],[136.261,-34.523],[136.256,-34.519],[136.251,-34.527]]],[[[136.464,-35.119],[136.479,-35.121],[136.471,-35.116],[136.464,-35.119]]],[[[136.113,-35.322],[136.115,-35.33],[136.119,-35.317],[136.113,-35.322]]],[[[136.032,-34.909],[136.032,-34.918],[136.038,-34.907],[136.032,-34.909]]],[[[135.618,-34.993],[135.618,-35.002],[135.624,-34.98],[135.618,-34.993]]],[[[133.334,-32.493],[133.336,-32.484],[133.33,-32.484],[133.334,-32.493]]],[[[136.288,-34.581],[136.303,-34.582],[136.291,-34.578],[136.288,-34.581]]],[[[135.159,-34.729],[135.167,-34.72],[135.151,-34.732],[135.159,-34.729]]],[[[136.115,-35.338],[136.126,-35.34],[136.111,-35.333],[136.115,-35.338]]],[[[135.869,-34.779],[135.877,-34.776],[135.879,-34.77],[135.869,-34.779]]],[[[134.762,-33.597],[134.767,-33.595],[134.752,-33.593],[134.762,-33.597]]],[[[135.284,-34.709],[135.292,-34.704],[135.286,-34.703],[135.284,-34.709]]],[[[133.598,-32.249],[133.609,-32.241],[133.602,-32.243],[133.598,-32.249]]],[[[136.209,-34.552],[136.214,-34.553],[136.217,-34.547],[136.209,-34.552]]],[[[134.283,-33.739],[134.284,-33.745],[134.289,-33.744],[134.283,-33.739]]],[[[136.184,-34.65],[136.181,-34.64],[136.18,-34.647],[136.184,-34.65]]],[[[133.232,-32.268],[133.23,-32.265],[133.225,-32.271],[133.232,-32.268]]],[[[135.047,-34.754],[135.038,-34.759],[135.045,-34.758],[135.047,-34.754]]],[[[135.326,-34.704],[135.337,-34.698],[135.329,-34.7],[135.326,-34.704]]],[[[136.249,-34.597],[136.26,-34.593],[136.251,-34.594],[136.249,-34.597]]],[[[134.611,-33.716],[134.617,-33.716],[134.61,-33.712],[134.611,-33.716]]],[[[135.873,-34.942],[135.868,-34.945],[135.869,-34.949],[135.873,-34.942]]],[[[133.314,-32.476],[133.32,-32.473],[133.319,-32.47],[133.314,-32.476]]],[[[134.258,-33.984],[134.266,-33.985],[134.263,-33.982],[134.258,-33.984]]],[[[136.835,-35.216],[136.827,-35.212],[136.832,-35.217],[136.835,-35.216]]],[[[136.279,-34.488],[136.285,-34.492],[136.287,-34.49],[136.279,-34.488]]],[[[137.533,-33.983],[137.543,-33.984],[137.532,-33.981],[137.533,-33.983]]],[[[134.265,-33.979],[134.268,-33.977],[134.265,-33.973],[134.265,-33.979]]],[[[133.25,-32.511],[133.252,-32.513],[133.256,-32.508],[133.25,-32.511]]],[[[135.03,-34.784],[135.037,-34.782],[135.032,-34.781],[135.03,-34.784]]],[[[134.364,-33.187],[134.368,-33.186],[134.367,-33.182],[134.364,-33.187]]],[[[134.6,-33.169],[134.603,-33.171],[134.609,-33.17],[134.6,-33.169]]],[[[137.508,-34.009],[137.513,-34.009],[137.522,-34.006],[137.508,-34.009]]],[[[136.028,-34.982],[136.03,-34.987],[136.03,-34.98],[136.028,-34.982]]],[[[136.078,-35.227],[136.085,-35.227],[136.081,-35.225],[136.078,-35.227]]],[[[137.77,-35.82],[137.776,-35.822],[137.771,-35.818],[137.77,-35.82]]],[[[133.966,-32.723],[133.969,-32.724],[133.971,-32.72],[133.966,-32.723]]],[[[135.986,-34.605],[135.982,-34.609],[135.985,-34.609],[135.986,-34.605]]],[[[136.693,-36.086],[136.697,-36.086],[136.691,-36.083],[136.693,-36.086]]],[[[136.366,-34.648],[136.37,-34.646],[136.366,-34.645],[136.366,-34.648]]],[[[133.131,-32.648],[133.134,-32.643],[133.131,-32.644],[133.131,-32.648]]],[[[136.7,-36.066],[136.704,-36.069],[136.705,-36.067],[136.7,-36.066]]],[[[136.257,-34.545],[136.261,-34.544],[136.262,-34.541],[136.257,-34.545]]],[[[135.258,-34.259],[135.261,-34.26],[135.26,-34.256],[135.258,-34.259]]],[[[135.03,-34.769],[135.031,-34.777],[135.031,-34.767],[135.03,-34.769]]],[[[134.624,-33.181],[134.628,-33.182],[134.626,-33.179],[134.624,-33.181]]],[[[136.031,-34.958],[136.033,-34.956],[136.031,-34.953],[136.031,-34.958]]],[[[133.245,-32.261],[133.248,-32.257],[133.247,-32.255],[133.245,-32.261]]],[[[134.612,-33.183],[134.616,-33.18],[134.613,-33.18],[134.612,-33.183]]],[[[133.347,-32.479],[133.344,-32.482],[133.347,-32.482],[133.347,-32.479]]],[[[133.308,-32.487],[133.312,-32.484],[133.309,-32.484],[133.308,-32.487]]],[[[133.69,-32.438],[133.695,-32.434],[133.694,-32.433],[133.69,-32.438]]],[[[138.593,-35.607],[138.59,-35.611],[138.593,-35.61],[138.593,-35.607]]],[[[137.639,-35.623],[137.644,-35.625],[137.641,-35.622],[137.639,-35.623]]],[[[137.539,-34.01],[137.537,-34.012],[137.539,-34.014],[137.539,-34.01]]],[[[136.25,-34.513],[136.252,-34.514],[136.251,-34.51],[136.25,-34.513]]],[[[136.318,-34.656],[136.322,-34.655],[136.319,-34.654],[136.318,-34.656]]],[[[136.291,-34.569],[136.294,-34.567],[136.291,-34.567],[136.291,-34.569]]],[[[133.768,-32.363],[133.76,-32.365],[133.775,-32.362],[133.768,-32.363]]],[[[138.291,-35.779],[138.293,-35.776],[138.291,-35.776],[138.291,-35.779]]],[[[133.272,-32.268],[133.274,-32.268],[133.272,-32.265],[133.272,-32.268]]],[[[136.84,-35.196],[136.84,-35.194],[136.837,-35.195],[136.84,-35.196]]],[[[135.956,-34.742],[135.953,-34.741],[135.956,-34.744],[135.956,-34.742]]],[[[135.865,-34.954],[135.867,-34.956],[135.866,-34.952],[135.865,-34.954]]],[[[139.721,-37.091],[139.724,-37.092],[139.724,-37.09],[139.721,-37.091]]],[[[133.37,-32.272],[133.366,-32.275],[133.368,-32.275],[133.37,-32.272]]],[[[136.008,-34.858],[136.01,-34.86],[136.009,-34.856],[136.008,-34.858]]],[[[137.363,-34.457],[137.366,-34.456],[137.364,-34.455],[137.363,-34.457]]],[[[138.288,-35.785],[138.29,-35.782],[138.287,-35.784],[138.288,-35.785]]],[[[136.492,-35.182],[136.493,-35.18],[136.491,-35.179],[136.492,-35.182]]],[[[133.844,-32.376],[133.846,-32.377],[133.848,-32.376],[133.844,-32.376]]],[[[136.236,-34.564],[136.239,-34.562],[136.237,-34.562],[136.236,-34.564]]],[[[135.685,-34.947],[135.687,-34.948],[135.687,-34.946],[135.685,-34.947]]],[[[136.481,-35.185],[136.483,-35.185],[136.483,-35.183],[136.481,-35.185]]],[[[138.3,-35.759],[138.304,-35.759],[138.3,-35.758],[138.3,-35.759]]],[[[136.919,-35.339],[136.922,-35.338],[136.918,-35.338],[136.919,-35.339]]],[[[133.841,-32.363],[133.846,-32.366],[133.839,-32.361],[133.841,-32.363]]],[[[133.24,-32.264],[133.242,-32.264],[133.24,-32.262],[133.24,-32.264]]],[[[133.76,-32.362],[133.758,-32.359],[133.758,-32.361],[133.76,-32.362]]],[[[136.848,-35.369],[136.846,-35.37],[136.847,-35.371],[136.848,-35.369]]],[[[137.778,-35.816],[137.777,-35.815],[137.777,-35.818],[137.778,-35.816]]],[[[136.535,-35.902],[136.536,-35.902],[136.539,-35.899],[136.535,-35.902]]],[[[135.081,-34.754],[135.079,-34.755],[135.082,-34.755],[135.081,-34.754]]],[[[140.013,-37.499],[140.015,-37.5],[140.014,-37.498],[140.013,-37.499]]],[[[135.956,-34.75],[135.955,-34.748],[135.954,-34.749],[135.956,-34.75]]],[[[137.412,-34.443],[137.414,-34.444],[137.413,-34.442],[137.412,-34.443]]],[[[133.849,-32.378],[133.847,-32.379],[133.85,-32.379],[133.849,-32.378]]],[[[136.906,-35.321],[136.909,-35.324],[136.908,-35.322],[136.906,-35.321]]],[[[136.026,-34.95],[136.026,-34.949],[136.024,-34.949],[136.026,-34.95]]],[[[134.624,-33.724],[134.624,-33.725],[134.626,-33.724],[134.624,-33.724]]],[[[140.012,-37.494],[140.01,-37.495],[140.01,-37.496],[140.012,-37.494]]],[[[135.998,-34.722],[135.999,-34.721],[135.998,-34.72],[135.998,-34.722]]],[[[133.532,-32.315],[133.53,-32.317],[133.531,-32.317],[133.532,-32.315]]],[[[133.226,-32.279],[133.226,-32.277],[133.225,-32.278],[133.226,-32.279]]],[[[137.362,-34.454],[137.362,-34.452],[137.361,-34.452],[137.362,-34.454]]],[[[136.844,-35.372],[136.846,-35.374],[136.845,-35.372],[136.844,-35.372]]],[[[133.348,-32.367],[133.352,-32.366],[133.35,-32.366],[133.348,-32.367]]],[[[135.376,-34.595],[135.374,-34.594],[135.374,-34.595],[135.376,-34.595]]],[[[136.197,-34.638],[136.195,-34.637],[136.195,-34.638],[136.197,-34.638]]],[[[133.254,-32.259],[133.256,-32.259],[133.253,-32.258],[133.254,-32.259]]],[[[133.643,-32.468],[133.646,-32.466],[133.645,-32.466],[133.643,-32.468]]],[[[139.723,-37.087],[139.724,-37.086],[139.723,-37.085],[139.723,-37.087]]],[[[135.434,-34.621],[135.431,-34.62],[135.433,-34.621],[135.434,-34.621]]],[[[135.685,-34.947],[135.684,-34.946],[135.684,-34.947],[135.685,-34.947]]],[[[133.308,-32.522],[133.307,-32.522],[133.306,-32.523],[133.308,-32.522]]],[[[133.562,-32.321],[133.561,-32.321],[133.56,-32.322],[133.562,-32.321]]],[[[135.037,-34.787],[135.038,-34.786],[135.037,-34.786],[135.037,-34.787]]],[[[137.523,-34.006],[137.524,-34.006],[137.525,-34.005],[137.523,-34.006]]],[[[138.644,-35.577],[138.645,-35.577],[138.645,-35.576],[138.644,-35.577]]],[[[139.723,-37.087],[139.722,-37.087],[139.723,-37.088],[139.723,-37.087]]],[[[133.608,-32.305],[133.609,-32.305],[133.608,-32.304],[133.608,-32.305]]],[[[137.404,-34.463],[137.405,-34.462],[137.404,-34.462],[137.404,-34.463]]],[[[136.01,-34.895],[136.011,-34.894],[136.012,-34.892],[136.01,-34.895]]],[[[133.263,-32.505],[133.261,-32.508],[133.264,-32.504],[133.263,-32.505]]],[[[137.771,-35.816],[137.77,-35.815],[137.77,-35.816],[137.771,-35.816]]],[[[133.632,-32.471],[133.634,-32.47],[133.633,-32.47],[133.632,-32.471]]]]},"properties":{"state_code":"4","state_name":"South Australia","boundary_edition":2026}},
{"type":"Feature","geometry":{"type":"MultiPolygon","coordinates":[[[[113.64461211129297,-24.882034369885417],[113.642,-24.889],[113.64552317880795,-24.888039133052377],[113.666,-25.023],[113.817,-25.174],[113.88339053254437,-25.331988165680457],[113.877,-25.324],[113.879,-25.331],[113.88403271692745,-25.333516358463722],[114.004,-25.619],[114.02379263670818,-25.639244179750943],[114.023,-25.644],[114.031,-25.651],[114.02574544270833,-25.641241536458327],[114.06903272727274,-25.68551636363637],[114.066,-25.684],[114.07,-25.687],[114.07,-25.686505703422043],[114.267,-25.888],[114.265,-25.982],[114.195,-25.984],[114.238,-26.313],[114.077,-26.467],[113.973,-26.342],[113.877,-25.945],[113.86158974705802,-26.013526443933447],[113.837,-26.002],[113.85948628781453,-26.0228801243992],[113.83,-26.154],[113.70798236975858,-26.19819536213469],[113.881,-26.335],[113.88233465346535,-26.45044752475248],[113.88,-26.445],[113.881,-26.453],[113.88235632183908,-26.45232183908046],[113.883,-26.508],[113.664,-26.674],[113.65120786516854,-26.592207865168543],[113.652,-26.593],[113.653,-26.591],[113.65116263736263,-26.591918681318678],[113.64525925925926,-26.554172839506176],[113.648,-26.556],[113.649,-26.552],[113.64521538461538,-26.553892307692305],[113.631,-26.463],[113.607,-26.606],[113.558,-26.574],[113.537,-26.28],[113.477,-26.477],[113.507,-26.364],[113.364,-26.017],[113.336,-26.3],[113.4,-26.418],[113.327,-26.337],[113.299,-26.016],[113.27,-26.242],[113.156,-26.152],[113.966,-27.232],[114.182,-27.68],[114.105,-27.849],[114.175,-28.111],[114.531,-28.496],[114.612,-28.664],[114.576,-28.784],[114.872,-29.117],[114.998,-29.494],[114.955,-30.049],[114.98996216216216,-30.210037837837834],[114.989,-30.211],[114.99,-30.211],[114.99,-30.210212121212095],[115.054,-30.505],[115.686,-31.654],[115.724,-32.054],[115.85162364294331,-31.972320868516288],[115.902,-32.028],[115.732,-32.056],[115.775,-32.194],[115.685,-32.266],[115.778,-32.596],[115.666,-32.616],[115.712,-32.788],[115.64158326158703,-32.619396541828095],[115.608,-32.667],[115.666,-33.322],[115.367,-33.639],[115.207,-33.651],[115.004,-33.531],[115.024,-34.253],[115.134,-34.376],[115.16751711026616,-34.29025855513308],[115.169,-34.291],[115.17,-34.287],[115.16801492537314,-34.28898507462686],[115.177,-34.266],[115.169,-34.322],[115.578,-34.422],[116.002,-34.842],[116.251,-34.876],[116.482,-35.016],[117.15,-35.061],[117.25480694980693,-35.02869884169885],[117.259,-35.028],[117.25826572008114,-35.02763286004057],[117.455,-34.967],[117.466,-35.021],[117.332,-35.023],[117.611,-35.133],[117.686,-35.043],[118.021,-35.109],[117.851,-35.034],[117.975,-34.938],[117.962,-35.013],[118.189,-35.025],[118.178,-34.939],[118.402,-34.917],[118.44,-34.761],[118.722,-34.657],[118.755,-34.546],[118.912,-34.463],[119.255,-34.535],[119.29,-34.452],[119.419,-34.459],[119.416,-34.373],[119.575,-34.388],[119.457,-34.289],[119.597,-34.135],[120.043,-33.923],[120.437,-33.972],[120.593,-33.886],[121.362,-33.815],[121.79,-33.909],[121.82572709163347,-33.895454183266935],[121.826,-33.896],[121.827,-33.895],[121.82696765498652,-33.89498382749326],[122.001,-33.829],[122.114,-34.017],[122.364,-33.914],[122.572,-33.961],[122.619,-33.893],[123.023,-33.857],[123.134,-33.904],[123.163,-34.017],[123.371,-33.896],[123.534,-33.94],[123.976,-33.559],[124.101,-33.176],[124.239,-33.018],[124.814,-32.873],[125.951,-32.291],[126.203,-32.232],[126.673,-32.308],[127.326,-32.257],[128.314,-31.979],[129.002,-31.687],[129.00166156957536,-25.99899985295186],[129.001,-14.88],[128.55,-14.768],[128.393,-14.804],[128.44762638956018,-14.895477525374577],[128.445,-14.895],[128.467,-14.928],[128.467,-14.927920634920651],[128.519,-15.015],[128.358,-14.885],[128.41,-15.032],[128.358,-14.991],[128.362,-15.067],[128.314,-14.926],[128.331,-15.035],[128.265,-14.983],[128.194,-15.093],[128.261126146789,-15.2780504587156],[128.261,-15.278],[128.26116923076924,-15.278169230769238],[128.342,-15.501],[128.128,-15.184],[128.114,-15.428],[127.999,-15.518],[128.089,-15.39],[128.04,-15.293],[128.119,-14.861],[128.22,-14.716],[127.953,-14.586],[127.86203310814295,-14.459032076736626],[127.872,-14.437],[127.85595029830877,-14.450541935801981],[127.70470601719198,-14.239441260744995],[127.712,-14.244],[127.716,-14.234],[127.70430024370431,-14.238874898456537],[127.67,-14.191],[127.453,-14.059],[127.43,-13.943],[127.247,-13.9],[127.208,-13.974],[127.191,-13.904],[127.142,-13.982],[127.13156908344733,-13.957718194254454],[127.132,-13.957],[127.13148275862069,-13.957517241379316],[127.081,-13.84],[126.914,-13.741],[126.843,-13.817],[126.743,-13.791],[126.905,-13.985],[126.90032868713504,-13.984743077792427],[126.8612641509434,-13.969792452830191],[126.861,-13.969],[126.861,-13.969691358024695],[126.82,-13.954],[126.861,-13.970400000000003],[126.861,-13.971],[126.862,-13.972],[126.86153846153846,-13.970615384615387],[126.865,-13.972],[126.90028130671506,-13.984740471869328],[126.705,-13.974],[126.763,-14.05],[126.694,-14.135],[126.645,-14.077],[126.602,-14.236],[126.58850000000001,-14.209000000000023],[126.591,-14.212],[126.584,-14.197],[126.583,-14.197999999999999],[126.55733333333333,-14.146666666666668],[126.558,-14.146],[126.55707692307693,-14.146153846153847],[126.525,-14.082],[126.449,-14.084],[126.571,-13.941],[126.334,-14.05],[126.298,-14.139],[126.361,-14.19],[126.254,-14.239],[126.23320972644377,-14.154279635258355],[126.239,-14.162],[126.238,-14.146],[126.23192349726776,-14.149038251366122],[126.214,-14.076],[126.151,-14.08],[126.216,-13.968],[126.11,-14.028],[126.158,-13.915],[126.01,-13.927],[126.103,-14.041],[126.038,-13.982],[126.01,-14.065],[125.984,-13.99],[125.993,-14.068],[126.17,-14.146],[126.053,-14.254],[126.088,-14.351],[125.977,-14.393],[126.00105593764329,-14.437535992663918],[125.988,-14.436],[125.984,-14.447],[126.00200084674005,-14.43928535139712],[126.051,-14.53],[125.921,-14.537],[125.914,-14.66],[125.804,-14.444],[125.647,-14.648],[125.652,-14.386],[125.73,-14.282],[125.629,-14.234],[125.574,-14.262],[125.599,-14.563],[125.52,-14.5],[125.43,-14.641],[125.367,-14.505],[125.2730993045897,-14.581671210013907],[125.265,-14.564],[125.254,-14.579],[125.26890370874447,-14.5850969717591],[125.258,-14.594],[125.3047741935484,-14.646387096774202],[125.3,-14.644],[125.302,-14.653],[125.30570992366412,-14.647435114503812],[125.308,-14.65],[125.146,-14.767],[125.334,-14.882],[125.213,-14.969],[125.2455687396668,-14.972632201449828],[125.229,-14.995],[125.251,-14.992],[125.25045454545455,-14.985454545454546],[125.251,-14.986],[125.252,-14.984],[125.2504,-14.984799999999998],[125.24942182614133,-14.97306191369606],[125.482,-14.999],[125.358,-15.108],[125.43918972332015,-15.13902371541502],[125.439,-15.139],[125.443,-15.141],[125.4438231511254,-15.14079421221865],[125.481,-15.155],[125.4265525606469,-15.139482479784366],[125.431,-15.138],[125.425,-15.136],[125.42344235695987,-15.138596071733561],[125.37169767441861,-15.123848837209305],[125.37,-15.123],[125.37034817170112,-15.123464228934818],[125.281,-15.098],[125.163,-15.151],[125.074,-14.976],[125.012,-14.983],[125.03,-15.113],[124.835,-15.181],[124.896,-15.173],[124.876,-15.262],[124.919,-15.238588888888893],[124.919,-15.239],[124.92060869565216,-15.237713043478266],[124.92540599836622,-15.235101178667287],[124.898,-15.34],[125.119,-15.256],[125.089,-15.338],[125.133,-15.333893333333334],[125.133,-15.334],[125.13326229508196,-15.333868852459016],[125.164,-15.331],[125.07,-15.44],[125.421,-15.696],[125.15447563805104,-15.508951276102085],[125.154,-15.508],[125.15312017167382,-15.508],[125.148,-15.504406626506022],[125.148,-15.504],[125.14742060085837,-15.504],[125.089,-15.463],[125.017,-15.545],[124.979,-15.41],[124.8646,-15.313800000000002],[124.865,-15.313],[124.86403225806451,-15.313322580645162],[124.85166304347825,-15.302921195652177],[124.854,-15.3],[124.86,-15.283],[124.84971552555449,-15.301283510125364],[124.847,-15.299],[124.753,-15.354],[124.705,-15.253],[124.662,-15.355],[124.745,-15.362],[124.674,-15.498],[124.646,-15.425],[124.629,-15.526],[124.449,-15.498],[124.511,-15.524],[124.405,-15.616],[124.501,-15.637],[124.40140718562874,-15.663407185628744],[124.401,-15.663],[124.40122742474917,-15.66345484949833],[124.369,-15.672],[124.44721466451463,-15.87215563753747],[124.442,-15.875],[124.447,-15.888],[124.44986316754526,-15.87893330277333],[124.45731384615384,-15.898],[124.455,-15.898],[124.457,-15.9],[124.45778761061946,-15.899212389380532],[124.46107034684904,-15.907613092330235],[124.451,-15.963],[124.449,-15.985],[124.46124176522954,-15.908051761414216],[124.48391577509673,-15.966075802412929],[124.474,-15.975],[124.477,-15.981],[124.4839380382775,-15.966132775119616],[124.496,-15.997],[124.633,-15.779],[124.705,-15.741],[124.742,-15.822],[124.62780295566502,-15.880802955665027],[124.627,-15.88],[124.627,-15.881],[124.62742028985508,-15.881],[124.608,-15.891],[124.588,-16.11],[124.647,-16.098],[124.508,-16.206],[124.444,-16.065],[124.395,-16.339],[124.814,-16.416],[124.953,-16.371],[124.918,-16.42],[124.449,-16.411],[124.387,-16.346],[124.337,-16.419],[124.375821235875,-16.442707624961827],[124.223,-16.418],[124.124,-16.28],[123.91,-16.21],[123.988,-16.37],[123.952,-16.347153846153844],[123.952,-16.343],[123.921,-16.324],[123.94593777777777,-16.343306666666667],[123.884,-16.304],[123.88168,-16.329519999999995],[123.88,-16.327],[123.881,-16.332],[123.88155555555555,-16.330888888888897],[123.871,-16.447],[123.866,-16.328],[123.741,-16.263],[123.74614438502674,-16.26001069518717],[123.747,-16.266],[123.766,-16.265],[123.74724233128835,-16.259372699386503],[123.815,-16.22],[123.771,-16.171],[123.557,-16.178],[123.5845,-16.216500000000003],[123.583,-16.216],[123.584,-16.217],[123.58485714285715,-16.217],[123.617,-16.262],[123.55,-16.283],[123.617,-16.31870658682635],[123.617,-16.32],[123.61825217391304,-16.319373913043478],[123.62485229202036,-16.322891341256362],[123.622,-16.322],[123.624,-16.323],[123.62627681660899,-16.323650519031144],[123.717,-16.372],[123.629,-16.357],[123.65573230553609,-16.414799579537494],[123.622,-16.401],[123.635,-16.41],[123.65638379133675,-16.416208197484863],[123.666,-16.437],[123.62263676731793,-16.421256660746003],[123.627,-16.421],[123.613,-16.414],[123.61175963559916,-16.417307638402242],[123.509,-16.38],[123.663,-16.491],[123.48235199999999,-16.497176],[123.482,-16.497],[123.4820924369748,-16.49718487394958],[123.429,-16.499],[123.44632173913044,-16.51966086956522],[123.441,-16.517],[123.443,-16.52],[123.44756230031949,-16.521140575079873],[123.512,-16.598],[123.516,-16.59629126213592],[123.516,-16.598],[123.517,-16.599],[123.51629166666667,-16.596166666666665],[123.52048011100833,-16.594377428307123],[123.525,-16.606],[123.538,-16.597],[123.52647814056446,-16.59181516325401],[123.5395798146241,-16.586218331616887],[123.54,-16.59],[123.54060265878879,-16.585781388478576],[123.597,-16.56168932038835],[123.597,-16.562],[123.598,-16.562],[123.59748299319727,-16.561482993197277],[123.615,-16.554],[123.56201298701299,-16.603675324675322],[123.561,-16.603],[123.56183870967742,-16.603838709677415],[123.5598032128514,-16.605746987951804],[123.553,-16.597],[123.554,-16.604],[123.55965573770492,-16.60588524590164],[123.503,-16.659],[123.712,-16.753],[123.796,-16.912],[123.95266990291262,-16.85433009708738],[123.947,-16.86],[123.951,-16.859],[123.95290215827339,-16.85424460431655],[123.959,-16.852],[123.796,-17.004],[123.913,-17.212],[123.648,-17],[123.584,-17.033],[123.646,-17.184],[123.58,-17.584],[123.41072743764173,-17.32518185941043],[123.418,-17.327],[123.42,-17.325],[123.41060849772383,-17.325],[123.40631759379043,-17.318439197930143],[123.423,-17.324],[123.4,-17.301],[123.40120222301901,-17.310617784152033],[123.149,-16.925],[123.14353441295546,-16.79546558704454],[123.144,-16.795],[123.14350431034482,-16.794752155172414],[123.139,-16.688],[122.954,-16.58],[122.983,-16.465],[123.077,-16.44],[123.05666878980892,-16.396662420382167],[123.057,-16.396],[123.05648,-16.39626],[123.039,-16.359],[122.925,-16.389],[122.742,-16.683],[122.82228503562945,-16.767144893111638],[122.822,-16.768],[122.82264171122995,-16.76751871657754],[122.846,-16.792],[122.579,-16.762],[122.534,-16.837],[122.612,-16.965],[122.48,-16.895],[122.481,-16.981],[122.366,-16.998],[122.253,-17.12],[122.319,-17.159],[122.173,-17.264],[122.175,-17.974],[122.378,-17.99],[122.37,-18.116],[121.947,-18.439],[121.815,-18.451],[121.729,-18.576],[121.73216049382715,-18.58],[121.732,-18.58],[121.73226530612244,-18.580132653061224],[121.793,-18.657],[121.78951162790698,-18.657976744186048],[121.79,-18.657],[121.79,-18.655],[121.78923655913978,-18.65805376344086],[121.618,-18.706],[121.64671186440678,-18.812644067796608],[121.646,-18.813],[121.645,-18.815],[121.64684848484849,-18.81315151515151],[121.653,-18.836],[121.466,-19.164],[121.041,-19.585],[120.236,-19.903],[119.764,-19.956],[119.754,-20.022],[119.569,-20.08],[119.1,-19.959],[118.855,-20.291],[118.196,-20.404],[118.182,-20.336],[117.941,-20.48],[117.975,-20.55],[117.882,-20.552],[117.81,-20.674],[117.656,-20.715],[117.631,-20.664],[117.382,-20.784],[117.172,-20.701],[117.182,-20.592],[116.92,-20.741],[116.828,-20.709],[116.867,-20.526],[116.809,-20.529],[116.642,-20.705],[116.685,-20.75],[116.526,-20.753],[116.442,-20.824],[116.495,-20.851],[116.205,-20.834],[116.146,-21.013],[115.918,-21.079],[115.844,-21.253],[115.653,-21.316],[115.508,-21.54],[114.914,-21.688],[114.648,-21.845],[114.3764,-22.436700000000002],[114.375,-22.436],[114.37589743589744,-22.437794871794868],[114.34,-22.516],[114.282,-22.434],[114.125,-22.512],[114.178,-22.305],[114.116,-22.331],[114.08,-22.154],[114.191,-21.815],[113.995,-21.875],[113.654,-22.579],[113.826,-22.956],[113.76,-23.121],[113.78,-23.471],[113.47,-23.899],[113.4,-24.411],[113.623,-24.746],[113.618,-24.859],[113.707,-24.851],[113.644,-24.878],[113.64461211129297,-24.882034369885417]],[[124.39148424986652,-16.452272824345968],[124.468,-16.499],[124.41,-16.543],[124.39148424986652,-16.452272824345968]],[[124.692,-16.365],[124.673,-16.356],[124.693,-16.349],[124.692,-16.365]],[[124.712,-16.381],[124.679,-16.369],[124.711,-16.36],[124.712,-16.381]],[[125.45,-15.14],[125.478,-15.137],[125.481,-15.15],[125.45,-15.14]]],[[[113.7039218166867,-26.194984692263905],[113.762,-25.879],[113.511,-25.503],[113.414,-25.725],[113.469,-25.785],[113.472,-25.709],[113.58,-26.097],[113.7039218166867,-26.194984692263905]]],[[[113.012,-25.517],[112.928,-25.529],[112.966,-25.78],[113.216,-26.162],[113.012,-25.517]]],[[[124.504,-15.385],[124.591,-15.369],[124.525,-15.448],[124.655,-15.4],[124.57398623853211,-15.250510321100919],[124.576,-15.249],[124.57316774193548,-15.249],[124.571,-15.245],[124.4745843373494,-15.342292168674698],[124.474,-15.342],[124.47421995464853,-15.342659863945576],[124.461,-15.356],[124.504,-15.385]]],[[[115.322,-20.808],[115.321,-20.892],[115.395,-20.886],[115.469,-20.68],[115.322,-20.808]]],[[[125.21066666666667,-14.608666666666666],[125.21,-14.61],[125.212,-14.612],[125.21111111111111,-14.608444444444444],[125.214,-14.607],[125.165,-14.44],[125.152,-14.566],[125.096,-14.546],[125.134,-14.647],[125.21066666666667,-14.608666666666666]]],[[[128.127,-15.157],[128.198,-15.193],[128.125,-15.04],[128.127,-15.157]]],[[[124.378,-15.322],[124.462,-15.306],[124.455,-15.286399999999995],[124.455,-15.286],[124.4548947368421,-15.286105263157893],[124.442,-15.25],[124.378,-15.322]]],[[[124.911,-15.021],[124.959,-15.031],[124.917,-14.922],[124.911,-15.021]]],[[[116.824,-20.498],[116.874,-20.511],[116.886,-20.424],[116.824,-20.498]]],[[[123.766,-16.155],[123.789,-16.114],[123.683,-16.112],[123.766,-16.155]]],[[[125.178,-15.05],[125.187,-15.123],[125.231,-15.071],[125.178,-15.05]]],[[[113.917,-25.859],[113.852,-25.816],[113.88,-25.887],[113.917,-25.859]]],[[[113.103,-25.172],[113.118,-24.992],[113.076,-25.273],[113.103,-25.172]]],[[[124.809,-15.238],[124.812,-15.306],[124.857,-15.256],[124.809,-15.238]]],[[[123.51544615384616,-16.269853479853477],[123.52194117647059,-16.276039215686275],[123.513,-16.282],[123.515,-16.299],[123.52197752808989,-16.276073836276087],[123.524,-16.278],[123.537,-16.264],[123.52796007259528,-16.262404718693283],[123.532,-16.26],[123.458,-16.233],[123.49,-16.285],[123.51544615384616,-16.269853479853477]]],[[[115.541,-31.994],[115.45,-32.026],[115.528,-32.028],[115.541,-31.994]]],[[[126.58581052631578,-13.883810526315788],[126.585,-13.883],[126.585,-13.883663793103446],[126.504,-13.869],[126.54,-13.898],[126.62,-13.89],[126.58581052631578,-13.883810526315788]]],[[[124.586,-15.951],[124.594,-15.905],[124.532,-15.966],[124.586,-15.951]]],[[[116.55,-20.605],[116.586,-20.576],[116.463,-20.61],[116.55,-20.605]]],[[[113.126,-24.893],[113.119,-24.987],[113.16,-24.755],[113.126,-24.893]]],[[[125.53,-14.428],[125.523,-14.485],[125.559,-14.494],[125.53,-14.428]]],[[[116.597,-20.689],[116.578,-20.733],[116.648,-20.682],[116.597,-20.689]]],[[[126.009,-14.282],[125.985,-14.313],[125.99348407643312,-14.322171974522293],[125.976,-14.328],[125.976,-14.338],[125.99362957317074,-14.322329268292682],[126.022,-14.353],[126.009,-14.282]]],[[[116.611,-20.593],[116.634,-20.609],[116.675,-20.547],[116.611,-20.593]]],[[[114.504,-22.016],[114.537,-22.061],[114.541,-22.007],[114.504,-22.016]]],[[[125.718,-14.477],[125.755,-14.46],[125.749,-14.412],[125.718,-14.477]]],[[[123.205,-34.117],[123.215,-34.081],[123.157,-34.11],[123.205,-34.117]]],[[[125.249,-14.622],[125.204,-14.652],[125.267,-14.646],[125.249,-14.622]]],[[[123.202,-16.389],[123.168,-16.39],[123.174,-16.433],[123.202,-16.389]]],[[[116.61,-20.455],[116.566,-20.486],[116.602,-20.493],[116.61,-20.455]]],[[[124.214,-15.946],[124.22,-15.946],[124.212,-15.935],[124.21074074074073,-15.941925925925924],[124.194,-15.921],[124.201,-15.965],[124.234,-15.971],[124.214,-15.946]]],[[[123.908,-16.277],[123.94,-16.278],[123.862,-16.236],[123.908,-16.277]]],[[[125.95,-14.337],[125.941,-14.389],[125.97,-14.348],[125.95,-14.337]]],[[[123.475,-16.63],[123.533,-16.609],[123.457,-16.617],[123.475,-16.63]]],[[[116.658,-20.594],[116.635,-20.632],[116.667,-20.628],[116.658,-20.594]]],[[[123.363,-16.584],[123.388,-16.605],[123.352,-16.53],[123.363,-16.584]]],[[[124.282,-15.294],[124.254,-15.286],[124.231,-15.319],[124.282,-15.294]]],[[[125.023,-15.323],[124.995,-15.376],[125.019,-15.37],[125.023,-15.323]]],[[[124.105,-16.258],[124.145,-16.25],[124.113,-16.229],[124.105,-16.258]]],[[[113.964,-28.956],[113.962,-28.985],[114.005,-28.9],[113.964,-28.956]]],[[[123.548,-16.1],[123.564,-16.078],[123.53,-16.058],[123.548,-16.1]]],[[[117.711,-20.643],[117.744,-20.627],[117.717,-20.608],[117.711,-20.643]]],[[[124.305,-15.354],[124.35,-15.333],[124.344,-15.313],[124.305,-15.354]]],[[[118.462,-34.933],[118.487,-34.921],[118.441,-34.904],[118.462,-34.933]]],[[[123.818,-16.27],[123.831,-16.224],[123.804,-16.245],[123.818,-16.27]]],[[[124.08803636363636,-16.102018181818185],[124.09,-16.103],[124.09,-16.102],[124.08808333333333,-16.102],[124.101,-16.097],[124.069,-16.081],[124.07,-16.109],[124.08803636363636,-16.102018181818185]]],[[[116.922,-20.41],[116.953,-20.42],[116.832,-20.354],[116.922,-20.41]]],[[[116.787,-20.511],[116.798,-20.519],[116.827,-20.466],[116.787,-20.511]]],[[[115.67,-32.196],[115.7,-32.245],[115.661,-32.156],[115.67,-32.196]]],[[[125.452,-14.498],[125.497,-14.5],[125.445,-14.481],[125.452,-14.498]]],[[[126.373,-13.999],[126.404,-13.989],[126.371,-13.976],[126.373,-13.999]]],[[[124.369,-15.377],[124.338,-15.376],[124.372,-15.399],[124.369,-15.377]]],[[[113.686,-28.483],[113.708,-28.465],[113.701,-28.44],[113.686,-28.483]]],[[[124.992,-14.529],[124.99,-14.484],[124.976,-14.506],[124.992,-14.529]]],[[[124.095,-16.144],[124.063,-16.14],[124.095,-16.165],[124.095,-16.144]]],[[[114.683,-21.631],[114.697,-21.626],[114.665,-21.591],[114.683,-21.631]]],[[[113.641,-24.897],[113.644,-24.871],[113.62,-24.872],[113.641,-24.897]]],[[[126.309,-13.928],[126.3,-13.968],[126.321,-13.943],[126.309,-13.928]]],[[[123.4,-16.134],[123.423,-16.132],[123.396,-16.108],[123.4,-16.134]]],[[[123.542,-17.285],[123.554,-17.274],[123.544,-17.233],[123.542,-17.285]]],[[[115.426,-21.526],[115.465,-21.493],[115.435,-21.503],[115.426,-21.526]]],[[[124.978,-14.418],[124.973,-14.383],[124.959,-14.402],[124.978,-14.418]]],[[[123.517,-16.027],[123.53,-16.05],[123.552,-16.046],[123.517,-16.027]]],[[[114.306,-21.712],[114.35,-21.66],[114.318,-21.686],[114.306,-21.712]]],[[[123.222,-16.407],[123.213,-16.392],[123.199,-16.425],[123.222,-16.407]]],[[[114.975,-21.462],[115.025,-21.458],[114.99,-21.451],[114.975,-21.462]]],[[[123.878,-16.287],[123.883,-16.273],[123.857,-16.253],[123.878,-16.287]]],[[[125.628,-13.961],[125.644,-13.951],[125.63,-13.931],[125.628,-13.961]]],[[[126.162,-13.964],[126.19,-13.927],[126.17,-13.937],[126.162,-13.964]]],[[[116.811,-20.447],[116.798,-20.473],[116.839,-20.426],[116.811,-20.447]]],[[[124.613,-15.283],[124.639,-15.282],[124.621,-15.266],[124.613,-15.283]]],[[[128.303,-14.751],[128.334,-14.759],[128.295,-14.735],[128.303,-14.751]]],[[[125.995,-14.376],[125.983,-14.364],[125.971,-14.388],[125.995,-14.376]]],[[[115.477,-21.517],[115.492,-21.535],[115.496,-21.511],[115.477,-21.517]]],[[[124.444,-16.377],[124.465,-16.356],[124.433,-16.368],[124.444,-16.377]]],[[[126.692,-13.931],[126.676,-13.961],[126.699,-13.944],[126.692,-13.931]]],[[[113.72,-28.445],[113.745,-28.426],[113.718,-28.43],[113.72,-28.445]]],[[[123.573,-16.159],[123.596,-16.162],[123.587,-16.143],[123.573,-16.159]]],[[[115.326,-20.974],[115.338,-20.966],[115.316,-20.947],[115.326,-20.974]]],[[[123.442,-16.114],[123.44404545454545,-16.09968181818182],[123.445,-16.1],[123.445,-16.097],[123.44436842105263,-16.097421052631578],[123.446,-16.086],[123.433,-16.076],[123.442,-16.114]]],[[[115.212,-21.598],[115.245,-21.565],[115.229,-21.569],[115.212,-21.598]]],[[[124.242,-16.376],[124.222,-16.348],[124.248,-16.404],[124.242,-16.376]]],[[[124.606,-15.452],[124.62,-15.432],[124.595,-15.44],[124.606,-15.452]]],[[[124.952,-15.365],[124.984,-15.343],[124.954,-15.352],[124.952,-15.365]]],[[[123.345,-16.425],[123.346,-16.447],[123.362,-16.427],[123.345,-16.425]]],[[[123.697,-15.934],[123.689,-15.967],[123.702,-15.959],[123.697,-15.934]]],[[[114.359,-21.651],[114.392,-21.626],[114.375,-21.628],[114.359,-21.651]]],[[[115.882,-20.95],[115.902,-20.956],[115.901,-20.938],[115.882,-20.95]]],[[[124.802,-15.223],[124.8,-15.204],[124.783,-15.219],[124.802,-15.223]]],[[[125.702,-14.144],[125.704,-14.116],[125.692,-14.108],[125.702,-14.144]]],[[[123.349,-16.346],[123.335,-16.333],[123.336,-16.359],[123.349,-16.346]]],[[[123.434,-16.161],[123.461,-16.17],[123.455,-16.155],[123.434,-16.161]]],[[[124.736,-14.915],[124.739,-14.942],[124.748,-14.907],[124.736,-14.915]]],[[[123.438,-16.278],[123.46,-16.27],[123.439,-16.262],[123.438,-16.278]]],[[[124.978,-14.448],[124.995,-14.446],[124.985,-14.427],[124.978,-14.448]]],[[[125.289,-14.278],[125.299,-14.294],[125.311,-14.279],[125.289,-14.278]]],[[[125.248,-15.095],[125.248,-15.078],[125.228,-15.096],[125.248,-15.095]]],[[[127.156,-13.899],[127.175,-13.904],[127.163,-13.883],[127.156,-13.899]]],[[[125.212,-14.315],[125.228,-14.304],[125.222,-14.287],[125.212,-14.315]]],[[[124.147,-33.844],[124.131,-33.843],[124.13039534883721,-33.85569767441861],[124.125,-33.853],[124.127,-33.859],[124.13035802469136,-33.85648148148149],[124.13,-33.864],[124.147,-33.844]]],[[[123.622,-16.353],[123.628,-16.345],[123.6,-16.327],[123.622,-16.353]]],[[[122.004,-33.969],[122.027,-33.963],[122.01,-33.953],[122.004,-33.969]]],[[[125.25,-14.428],[125.272,-14.415],[125.247,-14.415],[125.25,-14.428]]],[[[123.332,-16.162],[123.352,-16.164],[123.323,-16.145],[123.332,-16.162]]],[[[122.009,-34.023],[121.982,-34.037],[122.003,-34.038],[122.009,-34.023]]],[[[123.508,-16.159],[123.523,-16.163],[123.519,-16.141],[123.508,-16.159]]],[[[124.229,-15.934],[124.212,-15.919],[124.219,-15.943],[124.229,-15.934]]],[[[116.817,-20.424],[116.814,-20.442],[116.835,-20.416],[116.817,-20.424]]],[[[124.964,-15.083],[124.977,-15.041],[124.952,-15.099],[124.964,-15.083]]],[[[126.62,-13.871],[126.635,-13.876],[126.625,-13.853],[126.62,-13.871]]],[[[122.835,-33.989],[122.814,-34.004],[122.863,-33.983],[122.835,-33.989]]],[[[125.268,-14.481],[125.266,-14.464],[125.249,-14.465],[125.268,-14.481]]],[[[123.877,-16.199],[123.875,-16.219],[123.891,-16.203],[123.877,-16.199]]],[[[128.189,-15.204],[128.153,-15.18],[128.189,-15.212],[128.189,-15.204]]],[[[124.385,-15.239],[124.396,-15.25],[124.4,-15.228],[124.385,-15.239]]],[[[127.812,-14.378],[127.823,-14.367],[127.811,-14.353],[127.812,-14.378]]],[[[126.307,-13.889],[126.319,-13.887],[126.305,-13.866],[126.307,-13.889]]],[[[124.942,-15.072],[124.951,-15.072],[124.959,-15.041],[124.942,-15.072]]],[[[124.866,-15.023],[124.86,-15.011],[124.844,-15.025],[124.866,-15.023]]],[[[128.103,-15.172],[128.1,-15.197],[128.114,-15.171],[128.103,-15.172]]],[[[125.195,-14.945],[125.197,-14.967],[125.208,-14.953],[125.195,-14.945]]],[[[125.027,-14.793],[125.026,-14.765],[125.017,-14.78],[125.027,-14.793]]],[[[121.6,-34.035],[121.616,-34.013],[121.593,-34.028],[121.6,-34.035]]],[[[114.17,-22.455],[114.169,-22.445],[114.148,-22.489],[114.17,-22.455]]],[[[123.78,-16.18],[123.808,-16.201],[123.772,-16.165],[123.78,-16.18]]],[[[115.526,-20.447],[115.521,-20.506],[115.533,-20.414],[115.526,-20.447]]],[[[128.264,-15.316],[128.281,-15.339],[128.274,-15.315],[128.264,-15.316]]],[[[121.953,-34.049],[121.955,-34.058],[121.98,-34.049],[121.953,-34.049]]],[[[123.659,-16.345],[123.623,-16.33],[123.65,-16.348],[123.659,-16.345]]],[[[124.48,-15.446],[124.505,-15.441],[124.493,-15.434],[124.48,-15.446]]],[[[123.12,-16.414],[123.127,-16.423],[123.136,-16.401],[123.12,-16.414]]],[[[118.503,-20.321],[118.528,-20.312],[118.505,-20.311],[118.503,-20.321]]],[[[123.841,-16.211],[123.841,-16.188],[123.831,-16.203],[123.841,-16.211]]],[[[123.408,-16.087],[123.419,-16.085],[123.389,-16.07],[123.408,-16.087]]],[[[126.009,-14.236],[125.993,-14.244],[126.043,-14.233],[126.009,-14.236]]],[[[115.324,-20.922],[115.322,-20.895],[115.317,-20.938],[115.324,-20.922]]],[[[126.303,-13.924],[126.316,-13.916],[126.313,-13.901],[126.303,-13.924]]],[[[124.456,-16.026],[124.47,-16.006],[124.464,-15.999],[124.456,-16.026]]],[[[124.746,-14.951],[124.763,-14.955],[124.757,-14.941],[124.746,-14.951]]],[[[126.272,-13.931],[126.284,-13.946],[126.295,-13.942],[126.272,-13.931]]],[[[121.669,-34.002],[121.69,-34.006],[121.679,-33.994],[121.669,-34.002]]],[[[123.387,-16.527],[123.398,-16.513],[123.38,-16.517],[123.387,-16.527]]],[[[116.675,-20.519],[116.689,-20.518],[116.691,-20.503],[116.675,-20.519]]],[[[124.718,-14.872],[124.732,-14.86],[124.715,-14.86],[124.718,-14.872]]],[[[116.436,-20.659],[116.452,-20.666],[116.449,-20.652],[116.436,-20.659]]],[[[115.516,-20.363],[115.54,-20.372],[115.533,-20.361],[115.516,-20.363]]],[[[116.675,-20.66],[116.697,-20.645],[116.675,-20.651],[116.675,-20.66]]],[[[123.152,-16.423],[123.167,-16.404],[123.159,-16.401],[123.152,-16.423]]],[[[114.571,-22.001],[114.579,-21.984],[114.566,-21.987],[114.571,-22.001]]],[[[123.555,-16.258],[123.573,-16.25],[123.547,-16.251],[123.555,-16.258]]],[[[125.354,-15.023],[125.361,-15.03],[125.367,-15.01],[125.354,-15.023]]],[[[125.505,-14.435],[125.522,-14.423],[125.504,-14.425],[125.505,-14.435]]],[[[123.562,-16.235],[123.58,-16.241],[123.547,-16.22],[123.562,-16.235]]],[[[123.4,-16.381],[123.403,-16.372],[123.383,-16.373],[123.4,-16.381]]],[[[124.78,-15.016],[124.775,-15.035],[124.79,-15.013],[124.78,-15.016]]],[[[117.846,-20.539],[117.862,-20.532],[117.874,-20.516],[117.846,-20.539]]],[[[125.731,-14.193],[125.74,-14.184],[125.73,-14.175],[125.731,-14.193]]],[[[123.421,-16.273],[123.416,-16.284],[123.43,-16.287],[123.42402803738318,-16.277710280373828],[123.436,-16.276],[123.433,-16.27],[123.42350884955752,-16.27690265486725],[123.421,-16.273]]],[[[125.787,-14.17],[125.794,-14.161],[125.78,-14.155],[125.787,-14.17]]],[[[113.763,-26.544],[113.776,-26.545],[113.773,-26.532],[113.763,-26.544]]],[[[116.968,-20.428],[116.959,-20.43],[116.974,-20.445],[116.968,-20.428]]],[[[113.862,-26.368],[113.868,-26.384],[113.865,-26.349],[113.862,-26.368]]],[[[124.505,-15.222],[124.516,-15.215],[124.509,-15.205],[124.505,-15.222]]],[[[123.539,-34.365],[123.534,-34.378],[123.562,-34.337],[123.539,-34.365]]],[[[124.472,-15.319],[124.489,-15.32],[124.477,-15.31],[124.472,-15.319]]],[[[123.453,-16.532],[123.441,-16.522],[123.429,-16.525],[123.453,-16.532]]],[[[125.421,-14.564],[125.434,-14.551],[125.422,-14.551],[125.421,-14.564]]],[[[123.504,-17.402],[123.482,-17.374],[123.489,-17.39],[123.504,-17.402]]],[[[123.45,-17.34],[123.458,-17.336],[123.444,-17.324],[123.45,-17.34]]],[[[113.589,-28.302],[113.603,-28.297],[113.595,-28.289],[113.589,-28.302]]],[[[123.314,-16.144],[123.329,-16.141],[123.309,-16.135],[123.314,-16.144]]],[[[125.681,-14.165],[125.669,-14.167],[125.683,-14.177],[125.681,-14.165]]],[[[124.094,-16.231],[124.074,-16.23],[124.086,-16.238],[124.094,-16.231]]],[[[123.598,-16.088],[123.641,-16.1],[123.585,-16.081],[123.598,-16.088]]],[[[124.189,-15.337],[124.207,-15.338],[124.208,-15.33],[124.189,-15.337]]],[[[125.428,-14.542],[125.442,-14.54],[125.434,-14.531],[125.428,-14.542]]],[[[124.629,-15.805],[124.648,-15.799],[124.656,-15.789],[124.629,-15.805]]],[[[122.799,-34.014],[122.813,-34.011],[122.808,-34.002],[122.799,-34.014]]],[[[125.181,-14.853],[125.176,-14.859],[125.186,-14.875],[125.181,-14.853]]],[[[121.991,-33.992],[122.005,-33.987],[121.995,-33.981],[121.991,-33.992]]],[[[123.531,-17.332],[123.535,-17.321],[123.528,-17.307],[123.531,-17.332]]],[[[117.075,-20.442],[117.076,-20.466],[117.08,-20.43],[117.075,-20.442]]],[[[118.044,-35.065],[118.07,-35.065],[118.04,-35.06],[118.044,-35.065]]],[[[123.101,-16.426],[123.091,-16.427],[123.13,-16.436],[123.101,-16.426]]],[[[124.186,-15.957],[124.18060000000001,-15.945600000000015],[124.181,-15.946],[124.181,-15.941],[124.17949230769231,-15.943261538461535],[124.177,-15.938],[124.175,-15.948],[124.186,-15.957]]],[[[125.35,-15.078],[125.358,-15.086],[125.367,-15.079],[125.35,-15.078]]],[[[115.376,-21.445],[115.363,-21.463],[115.373,-21.459],[115.376,-21.445]]],[[[123.53,-34.019],[123.537,-34.009],[123.527,-34.005],[123.53,-34.019]]],[[[124.066,-16.243],[124.074,-16.255],[124.082,-16.251],[124.066,-16.243]]],[[[115.558,-20.392],[115.583,-20.42],[115.55,-20.378],[115.558,-20.392]]],[[[116.157,-20.935],[116.147,-20.936],[116.152,-20.948],[116.157,-20.935]]],[[[123.384,-16.058],[123.378,-16.059],[123.424,-16.072],[123.384,-16.058]]],[[[125.582,-14.364],[125.577,-14.348],[125.573,-14.36],[125.582,-14.364]]],[[[118.029,-35.047],[118.051,-35.044],[118.039,-35.04],[118.029,-35.047]]],[[[123.479,-16.611],[123.493,-16.6],[123.483,-16.599],[123.479,-16.611]]],[[[128.251,-15.293],[128.266,-15.299],[128.244,-15.282],[128.251,-15.293]]],[[[124.073,-16.174],[124.08,-16.161],[124.068,-16.166],[124.073,-16.174]]],[[[123.881,-16.173],[123.877,-16.177],[123.894,-16.19],[123.881,-16.173]]],[[[121.79,-33.926],[121.805,-33.926],[121.795,-33.918],[121.79,-33.926]]],[[[123.813,-16.199],[123.808,-16.188],[123.797,-16.187],[123.813,-16.199]]],[[[121.991,-34.061],[121.976,-34.064],[121.989,-34.069],[121.991,-34.061]]],[[[124.672,-14.945],[124.659,-14.938],[124.665,-14.95],[124.672,-14.945]]],[[[123.461,-16.158],[123.459,-16.15],[123.443,-16.142],[123.461,-16.158]]],[[[122.008,-34.123],[121.998,-34.114],[121.987,-34.115],[122.008,-34.123]]],[[[124.351,-16.349],[124.354,-16.36],[124.359,-16.342],[124.351,-16.349]]],[[[115.525,-20.389],[115.518,-20.401],[115.527,-20.401],[115.525,-20.389]]],[[[125.5,-14.511],[125.504,-14.5],[125.492,-14.506],[125.5,-14.511]]],[[[115.413,-21.515],[115.428,-21.503],[115.414,-21.507],[115.413,-21.515]]],[[[122,-34.067],[122.023,-34.066],[122.008,-34.062],[122,-34.067]]],[[[123.312,-16.322],[123.319,-16.322],[123.309,-16.307],[123.312,-16.322]]],[[[116.636,-20.555],[116.647,-20.557],[116.649,-20.548],[116.636,-20.555]]],[[[123.175,-16.363],[123.2,-16.366],[123.201,-16.362],[123.175,-16.363]]],[[[117.894,-35.185],[117.9,-35.181],[117.873,-35.182],[117.894,-35.185]]],[[[125.675,-14.368],[125.673,-14.382],[125.681,-14.376],[125.675,-14.368]]],[[[126.603,-13.95],[126.601,-13.936],[126.595,-13.943],[126.603,-13.95]]],[[[123.364,-16.055],[123.361,-16.062],[123.376,-16.059],[123.364,-16.055]]],[[[114.491,-22.119],[114.484,-22.135],[114.49,-22.135],[114.491,-22.119]]],[[[123.152,-16.388],[123.146,-16.394],[123.158,-16.398],[123.152,-16.388]]],[[[115.356,-21.487],[115.361,-21.485],[115.356,-21.468],[115.356,-21.487]]],[[[125.13304225352113,-14.664830985915492],[125.134,-14.661],[125.132,-14.659],[125.13297247706421,-14.66483486238532],[125.13,-14.665],[125.135,-14.67],[125.148,-14.664],[125.13304225352113,-14.664830985915492]]],[[[123.546,-17.318],[123.548,-17.3],[123.542,-17.307],[123.546,-17.318]]],[[[113.788,-28.714],[113.78,-28.709],[113.784,-28.723],[113.788,-28.714]]],[[[124.694,-14.956],[124.684,-14.937],[124.686,-14.95],[124.694,-14.956]]],[[[123.844,-16.232],[123.837,-16.225],[123.842,-16.243],[123.844,-16.232]]],[[[125.044,-15.318],[125.049,-15.323],[125.052,-15.308],[125.044,-15.318]]],[[[123.597,-34.24],[123.617,-34.223],[123.607,-34.227],[123.597,-34.24]]],[[[117.068,-20.626],[117.089,-20.616],[117.038,-20.636],[117.068,-20.626]]],[[[122.053,-34.141],[122.038,-34.143],[122.06,-34.146],[122.053,-34.141]]],[[[124.488,-15.465],[124.501,-15.457],[124.498,-15.452],[124.488,-15.465]]],[[[123.546,-16.211],[123.545,-16.195],[123.539,-16.188],[123.546,-16.211]]],[[[123.242,-34.027],[123.245,-34.031],[123.259,-34.02],[123.242,-34.027]]],[[[123.574,-16.258],[123.567,-16.269],[123.575,-16.269],[123.574,-16.258]]],[[[123.422,-16.345],[123.419,-16.332],[123.415,-16.344],[123.422,-16.345]]],[[[124.007,-16.013],[124.028,-16.018],[124.02,-16.012],[124.007,-16.013]]],[[[125.171,-14.939],[125.176,-14.944],[125.175,-14.926],[125.171,-14.939]]],[[[124.645,-15.175],[124.651,-15.169],[124.644,-15.162],[124.645,-15.175]]],[[[125.442,-14.568],[125.435,-14.583],[125.442,-14.58],[125.442,-14.568]]],[[[125.127,-14.761],[125.134,-14.756],[125.13,-14.747],[125.127,-14.761]]],[[[125.92,-14.326],[125.934,-14.329],[125.929,-14.322],[125.92,-14.326]]],[[[124.352,-16.365],[124.342,-16.353],[124.341,-16.36],[124.352,-16.365]]],[[[116.66,-20.523],[116.671,-20.519],[116.656,-20.517],[116.66,-20.523]]],[[[123.482,-16.413],[123.501,-16.416],[123.471,-16.407],[123.482,-16.413]]],[[[125.237,-14.426],[125.244,-14.422],[125.238,-14.414],[125.237,-14.426]]],[[[125.14,-14.765],[125.145,-14.765],[125.137,-14.749],[125.14,-14.765]]],[[[114.541,-22.06],[114.548,-22.059],[114.546,-22.048],[114.541,-22.06]]],[[[114.758,-21.528],[114.767,-21.53],[114.766,-21.521],[114.758,-21.528]]],[[[121.873,-33.926],[121.884,-33.921],[121.877,-33.917],[121.873,-33.926]]],[[[124.536,-15.24],[124.546,-15.234],[124.545,-15.227],[124.536,-15.24]]],[[[123.818,-16.206],[123.812,-16.204],[123.819,-16.219],[123.818,-16.206]]],[[[116.491,-35.034],[116.499,-35.036],[116.505,-35.028],[116.491,-35.034]]],[[[124.391,-15.346],[124.401,-15.342],[124.392,-15.338],[124.391,-15.346]]],[[[124.776,-14.939],[124.771,-14.941],[124.776,-14.954],[124.776,-14.939]]],[[[125.335,-15.105],[125.337,-15.094],[125.331,-15.09],[125.335,-15.105]]],[[[123.189,-34.079],[123.179,-34.08],[123.183,-34.087],[123.189,-34.079]]],[[[123.427,-17.301],[123.417,-17.285],[123.418,-17.294],[123.427,-17.301]]],[[[121.974,-34.118],[121.984,-34.122],[121.98,-34.113],[121.974,-34.118]]],[[[114.515,-22.094],[114.507,-22.106],[114.513,-22.106],[114.515,-22.094]]],[[[125.714,-14.355],[125.721,-14.352],[125.709,-14.347],[125.714,-14.355]]],[[[117.664,-20.644],[117.683,-20.634],[117.678,-20.633],[117.664,-20.644]]],[[[125.197,-14.472],[125.206,-14.466],[125.202,-14.461],[125.197,-14.472]]],[[[123.659,-16.353],[123.673,-16.356],[123.654,-16.347],[123.659,-16.353]]],[[[115.55,-20.436],[115.543,-20.44],[115.548,-20.447],[115.55,-20.436]]],[[[121.992,-33.923],[122,-33.917],[121.986,-33.919],[121.992,-33.923]]],[[[116.243,-20.813],[116.248,-20.819],[116.245,-20.802],[116.243,-20.813]]],[[[126.286,-14.171],[126.296,-14.167],[126.297,-14.16],[126.286,-14.171]]],[[[122.098,-34.064],[122.11,-34.065],[122.104,-34.059],[122.098,-34.064]]],[[[124.82,-14.98],[124.829,-14.969],[124.823,-14.969],[124.82,-14.98]]],[[[124.296,-15.364],[124.308,-15.37],[124.305,-15.363],[124.296,-15.364]]],[[[124.471,-15.995],[124.477,-15.989],[124.471,-15.984],[124.471,-15.995]]],[[[116.822,-20.412],[116.822,-20.406],[116.811,-20.415],[116.822,-20.412]]],[[[125.316,-14.273],[125.32,-14.264],[125.314,-14.261],[125.316,-14.273]]],[[[124.889,-15.271],[124.9,-15.266],[124.898,-15.261],[124.889,-15.271]]],[[[123.848,-16.277],[123.857,-16.279],[123.849,-16.27],[123.848,-16.277]]],[[[123.551,-16.065],[123.563,-16.069],[123.555,-16.061],[123.551,-16.065]]],[[[125.826,-14.267],[125.831,-14.266],[125.828,-14.254],[125.826,-14.267]]],[[[122.171,-18.265],[122.178,-18.247],[122.171,-18.256],[122.171,-18.265]]],[[[115.524,-20.428],[115.53,-20.423],[115.526,-20.416],[115.524,-20.428]]],[[[126.152,-13.752],[126.145,-13.749],[126.15,-13.76],[126.152,-13.752]]],[[[122.115,-34.103],[122.125,-34.094],[122.117,-34.095],[122.115,-34.103]]],[[[114.185,-22.425],[114.187,-22.414],[114.182,-22.411],[114.185,-22.425]]],[[[123.907,-16.885],[123.918,-16.882],[123.92,-16.876],[123.907,-16.885]]],[[[121.987,-34.473],[121.998,-34.471],[121.99,-34.467],[121.987,-34.473]]],[[[113.859,-28.692],[113.87,-28.686],[113.86,-28.686],[113.859,-28.692]]],[[[122.024,-34.152],[122.03,-34.149],[122.014,-34.147],[122.024,-34.152]]],[[[124.998,-14.484],[125.007,-14.474],[125.001,-14.474],[124.998,-14.484]]],[[[125.143,-14.808],[125.146,-14.795],[125.14,-14.801],[125.143,-14.808]]],[[[125.556,-14.109],[125.56,-14.1],[125.552,-14.103],[125.556,-14.109]]],[[[123.23,-16.37],[123.231,-16.366],[123.216,-16.367],[123.23,-16.37]]],[[[121.899,-33.923],[121.907,-33.924],[121.91,-33.917],[121.899,-33.923]]],[[[123.541,-17.301],[123.546,-17.297],[123.539,-17.291],[123.541,-17.301]]],[[[122.963,-34.083],[122.969,-34.081],[122.97,-34.071],[122.963,-34.083]]],[[[124.359,-16.371],[124.364,-16.374],[124.368,-16.365],[124.359,-16.371]]],[[[124.409,-15.217],[124.421,-15.208],[124.408,-15.213],[124.409,-15.217]]],[[[117.775,-20.59],[117.781,-20.587],[117.772,-20.582],[117.775,-20.59]]],[[[123.642,-33.889],[123.654,-33.885],[123.634,-33.887],[123.642,-33.889]]],[[[126.871,-13.98],[126.882,-13.983],[126.875,-13.976],[126.871,-13.98]]],[[[122.138,-34.033],[122.152,-34.033],[122.129,-34.029],[122.138,-34.033]]],[[[123.544,-16.224],[123.556,-16.241],[123.555,-16.235],[123.544,-16.224]]],[[[114.387,-22.402],[114.382,-22.395],[114.377,-22.399],[114.387,-22.402]]],[[[128.093,-15.237],[128.103,-15.229],[128.095,-15.23],[128.093,-15.237]]],[[[114.461,-22.246],[114.451,-22.238],[114.453,-22.245],[114.461,-22.246]]],[[[125.005,-15.439],[125.014,-15.43],[125.004,-15.434],[125.005,-15.439]]],[[[124.342,-15.363],[124.352,-15.356],[124.343,-15.357],[124.342,-15.363]]],[[[125.316,-14.297],[125.31,-14.304],[125.321,-14.3],[125.316,-14.297]]],[[[124.101,-16.125],[124.103,-16.116],[124.096,-16.121],[124.101,-16.125]]],[[[122.102,-16.856],[122.127,-16.853],[122.093,-16.855],[122.102,-16.856]]],[[[125.771,-14.326],[125.767,-14.32],[125.761,-14.324],[125.771,-14.326]]],[[[117.918,-20.477],[117.925,-20.474],[117.931,-20.464],[117.918,-20.477]]],[[[123.774,-16.279],[123.781,-16.28],[123.769,-16.271],[123.774,-16.279]]],[[[123.607,-16.372],[123.616,-16.378],[123.593,-16.357],[123.607,-16.372]]],[[[127.731,-14.264],[127.734,-14.259],[127.725,-14.257],[127.731,-14.264]]],[[[125.407,-14.344],[125.409,-14.334],[125.404,-14.334],[125.407,-14.344]]],[[[119.604,-34.374],[119.614,-34.376],[119.599,-34.368],[119.604,-34.374]]],[[[113.338,-26.316],[113.332,-26.317],[113.34,-26.324],[113.338,-26.316]]],[[[115.853,-21.012],[115.848,-21.013],[115.853,-21.022],[115.853,-21.012]]],[[[124.21,-16.278],[124.215,-16.275],[124.207,-16.27],[124.21,-16.278]]],[[[123.822,-16.276],[123.829,-16.268],[123.822,-16.269],[123.822,-16.276]]],[[[116.826,-20.398],[116.834,-20.389],[116.834,-20.383],[116.826,-20.398]]],[[[115.514,-20.374],[115.522,-20.37],[115.514,-20.368],[115.514,-20.374]]],[[[125.766,-14.163],[125.775,-14.151],[125.765,-14.159],[125.766,-14.163]]],[[[124.273,-16.396],[124.286,-16.398],[124.271,-16.392],[124.273,-16.396]]],[[[123.867,-16.209],[123.86,-16.211],[123.87,-16.215],[123.867,-16.209]]],[[[126.536,-14],[126.539,-14.003],[126.549,-13.997],[126.536,-14]]],[[[124.845,-15.015],[124.848,-15.012],[124.842,-15.002],[124.845,-15.015]]],[[[123.535,-16.158],[123.535,-16.152],[123.527,-16.144],[123.535,-16.158]]],[[[124.881,-14.946],[124.889,-14.956],[124.881,-14.94],[124.881,-14.946]]],[[[124.342,-16.385],[124.34,-16.375],[124.337,-16.384],[124.342,-16.385]]],[[[123.301,-16.314],[123.306,-16.307],[123.3,-16.306],[123.301,-16.314]]],[[[122.237,-34.135],[122.245,-34.162],[122.231,-34.109],[122.237,-34.135]]],[[[124.391,-16.324],[124.393,-16.316],[124.386,-16.321],[124.391,-16.324]]],[[[123.295,-16.037],[123.278,-16.043],[123.314,-16.033],[123.295,-16.037]]],[[[123.425,-16.176],[123.432,-16.174],[123.423,-16.17],[123.425,-16.176]]],[[[123.307,-16.133],[123.317,-16.135],[123.29,-16.125],[123.307,-16.133]]],[[[123.288,-34.024],[123.293,-34.024],[123.294,-34.015],[123.288,-34.024]]],[[[125.906,-14.518],[125.901,-14.523],[125.909,-14.524],[125.906,-14.518]]],[[[124.22,-16.284],[124.225,-16.281],[124.215,-16.278],[124.22,-16.284]]],[[[128.774,-14.772],[128.779,-14.768],[128.769,-14.767],[128.774,-14.772]]],[[[117.173,-20.56],[117.177,-20.558],[117.177,-20.547],[117.173,-20.56]]],[[[124.866,-14.934],[124.87,-14.943],[124.87,-14.932],[124.866,-14.934]]],[[[125.407,-14.543],[125.414,-14.54],[125.411,-14.535],[125.407,-14.543]]],[[[122.535,-34.092],[122.546,-34.088],[122.535,-34.088],[122.535,-34.092]]],[[[116.628,-20.46],[116.634,-20.459],[116.626,-20.453],[116.628,-20.46]]],[[[122.306,-34.016],[122.314,-34.014],[122.308,-34.01],[122.306,-34.016]]],[[[123.861,-16.138],[123.86,-16.134],[123.846,-16.122],[123.861,-16.138]]],[[[125.093,-14.64],[125.096,-14.632],[125.091,-14.631],[125.093,-14.64]]],[[[121.68,-33.991],[121.686,-33.984],[121.679,-33.985],[121.68,-33.991]]],[[[123.684,-16.366],[123.686,-16.363],[123.673,-16.361],[123.684,-16.366]]],[[[125.341,-14.502],[125.345,-14.493],[125.338,-14.498],[125.341,-14.502]]],[[[124.932,-14.521],[124.931,-14.514],[124.925,-14.515],[124.932,-14.521]]],[[[123.285,-16.323],[123.281,-16.316],[123.271,-16.309],[123.285,-16.323]]],[[[125.233,-14.444],[125.239,-14.438],[125.237,-14.433],[125.233,-14.444]]],[[[123.234,-34.072],[123.238,-34.07],[123.233,-34.062],[123.234,-34.072]]],[[[125.011,-15.323],[125.016,-15.326],[125.02,-15.32],[125.011,-15.323]]],[[[123.393,-16.499],[123.39,-16.496],[123.376,-16.496],[123.393,-16.499]]],[[[124.412,-15.549],[124.417,-15.547],[124.411,-15.541],[124.412,-15.549]]],[[[115.569,-20.647],[115.583,-20.661],[115.566,-20.641],[115.569,-20.647]]],[[[127.271,-13.822],[127.28,-13.819],[127.266,-13.819],[127.271,-13.822]]],[[[123.102,-34.098],[123.109,-34.097],[123.109,-34.091],[123.102,-34.098]]],[[[124.072,-15.975],[124.079,-15.975],[124.065,-15.969],[124.072,-15.975]]],[[[116.653,-20.675],[116.657,-20.68],[116.662,-20.676],[116.653,-20.675]]],[[[124.581,-15.263],[124.588,-15.255],[124.582,-15.256],[124.581,-15.263]]],[[[123.864,-16.201],[123.874,-16.202],[123.865,-16.197],[123.864,-16.201]]],[[[124.318,-15.333],[124.325,-15.325],[124.32,-15.325],[124.318,-15.333]]],[[[115.866,-20.98],[115.865,-20.974],[115.859,-20.978],[115.866,-20.98]]],[[[122.102,-34.2],[122.11,-34.198],[122.102,-34.195],[122.102,-34.2]]],[[[123.066,-34.123],[123.073,-34.121],[123.067,-34.117],[123.066,-34.123]]],[[[123.83,-16.146],[123.827,-16.14],[123.82,-16.139],[123.83,-16.146]]],[[[124.401,-15.534],[124.405,-15.531],[124.4,-15.525],[124.401,-15.534]]],[[[124.493,-15.212],[124.492,-15.203],[124.488,-15.206],[124.493,-15.212]]],[[[123.705,-16.761],[123.711,-16.762],[123.708,-16.755],[123.705,-16.761]]],[[[115.56,-20.643],[115.559,-20.634],[115.555,-20.637],[115.56,-20.643]]],[[[124.096,-33.733],[124.091,-33.739],[124.099,-33.737],[124.096,-33.733]]],[[[124.095,-33.723],[124.099,-33.725],[124.102,-33.717],[124.095,-33.723]]],[[[123.576,-16.587],[123.574,-16.583],[123.564,-16.582],[123.576,-16.587]]],[[[124.498,-15.287],[124.499,-15.281],[124.492,-15.285],[124.498,-15.287]]],[[[126.818,-13.943],[126.819,-13.95],[126.824,-13.947],[126.818,-13.943]]],[[[123.605,-16.379],[123.61,-16.38],[123.603,-16.371],[123.605,-16.379]]],[[[116.839,-20.462],[116.843,-20.451],[116.837,-20.458],[116.839,-20.462]]],[[[125.228,-14.913],[125.226,-14.902],[125.224,-14.91],[125.228,-14.913]]],[[[122.634,-33.999],[122.628,-33.998],[122.633,-34.005],[122.634,-33.999]]],[[[123.137,-34.166],[123.146,-34.167],[123.138,-34.162],[123.137,-34.166]]],[[[124.518,-15.243],[124.521,-15.235],[124.516,-15.236],[124.518,-15.243]]],[[[123.153,-16.434],[123.165,-16.422],[123.155,-16.429],[123.153,-16.434]]],[[[125.179,-14.956],[125.175,-14.96],[125.179,-14.965],[125.179,-14.956]]],[[[123.442,-16.465],[123.438,-16.459],[123.432,-16.459],[123.442,-16.465]]],[[[126.818,-13.955],[126.812,-13.959],[126.818,-13.961],[126.818,-13.955]]],[[[125.335,-14.515],[125.341,-14.515],[125.335,-14.509],[125.335,-14.515]]],[[[125.303,-15.073],[125.306,-15.07],[125.3,-15.064],[125.303,-15.073]]],[[[116.842,-20.415],[116.848,-20.409],[116.84,-20.411],[116.842,-20.415]]],[[[124.064,-16.089],[124.067,-16.082],[124.061,-16.084],[124.064,-16.089]]],[[[123.041,-16.354],[123.046,-16.354],[123.047,-16.347],[123.041,-16.354]]],[[[124.422,-15.243],[124.429,-15.236],[124.422,-15.238],[124.422,-15.243]]],[[[124.142,-16.269],[124.147,-16.266],[124.137,-16.265],[124.142,-16.269]]],[[[116.309,-20.778],[116.314,-20.782],[116.309,-20.771],[116.309,-20.778]]],[[[124.466,-15.971],[124.471,-15.961],[124.465,-15.966],[124.466,-15.971]]],[[[124.346,-15.271],[124.351,-15.264],[124.344,-15.267],[124.346,-15.271]]],[[[124.733,-14.855],[124.738,-14.848],[124.731,-14.851],[124.733,-14.855]]],[[[123.921,-16.299],[123.915,-16.295],[123.911,-16.298],[123.921,-16.299]]],[[[123.496,-16.41],[123.494,-16.404],[123.489,-16.406],[123.496,-16.41]]],[[[122.136,-16.858],[122.144,-16.859],[122.129,-16.853],[122.136,-16.858]]],[[[114.489,-22.153],[114.486,-22.146],[114.483,-22.15],[114.489,-22.153]]],[[[124.046,-16.242],[124.047,-16.239],[124.036,-16.239],[124.046,-16.242]]],[[[125.666,-14.179],[125.671,-14.171],[125.66,-14.182],[125.666,-14.179]]],[[[116.548,-20.541],[116.55,-20.536],[116.543,-20.537],[116.548,-20.541]]],[[[116.039,-20.912],[116.038,-20.904],[116.034,-20.905],[116.039,-20.912]]],[[[115.637,-21.202],[115.646,-21.188],[115.636,-21.2],[115.637,-21.202]]],[[[124.698,-14.94],[124.697,-14.932],[124.693,-14.932],[124.698,-14.94]]],[[[123.548,-16.414],[123.552,-16.413],[123.54,-16.408],[123.548,-16.414]]],[[[114.999,-30.319],[115.009,-30.315],[115.006,-30.313],[114.999,-30.319]]],[[[123.516,-16.375],[123.503,-16.368],[123.491,-16.364],[123.516,-16.375]]],[[[113.621,-24.864],[113.616,-24.868],[113.629,-24.864],[113.621,-24.864]]],[[[115.823,-21.082],[115.83,-21.081],[115.826,-21.077],[115.823,-21.082]]],[[[116.684,-20.54],[116.683,-20.537],[116.675,-20.545],[116.684,-20.54]]],[[[125.428,-14.411],[125.432,-14.405],[125.424,-14.409],[125.428,-14.411]]],[[[124.925,-14.9],[124.923,-14.889],[124.921,-14.894],[124.925,-14.9]]],[[[125.029,-14.813],[125.034,-14.804],[125.03,-14.805],[125.029,-14.813]]],[[[123.559,-16.224],[123.564,-16.226],[123.557,-16.217],[123.559,-16.224]]],[[[125.656,-14.608],[125.658,-14.601],[125.653,-14.603],[125.656,-14.608]]],[[[128.103,-15.271],[128.111,-15.268],[128.106,-15.266],[128.103,-15.271]]],[[[113.773,-28.479],[113.775,-28.475],[113.773,-28.464],[113.773,-28.479]]],[[[115.352,-21.513],[115.358,-21.507],[115.356,-21.504],[115.352,-21.513]]],[[[123.103,-16.448],[123.108,-16.441],[123.103,-16.442],[123.103,-16.448]]],[[[125.493,-14.487],[125.498,-14.489],[125.493,-14.481],[125.493,-14.487]]],[[[114.498,-22.152],[114.494,-22.15],[114.497,-22.159],[114.498,-22.152]]],[[[118.898,-19.892],[118.902,-19.891],[118.896,-19.885],[118.898,-19.892]]],[[[122.813,-33.967],[122.816,-33.961],[122.812,-33.959],[122.813,-33.967]]],[[[122.242,-34.007],[122.24,-34.012],[122.248,-34.007],[122.242,-34.007]]],[[[123.383,-16.509],[123.389,-16.507],[123.38,-16.505],[123.383,-16.509]]],[[[125.449,-14.593],[125.446,-14.586],[125.443,-14.589],[125.449,-14.593]]],[[[116.774,-20.543],[116.78,-20.541],[116.78,-20.536],[116.774,-20.543]]],[[[115.164,-21.325],[115.172,-21.324],[115.166,-21.321],[115.164,-21.325]]],[[[114.064,-25.686],[114.054,-25.677],[114.054,-25.68],[114.064,-25.686]]],[[[113.812,-28.748],[113.817,-28.743],[113.81,-28.744],[113.812,-28.748]]],[[[122.649,-34.002],[122.655,-33.997],[122.648,-33.998],[122.649,-34.002]]],[[[115.583,-20.663],[115.577,-20.668],[115.578,-20.672],[115.583,-20.663]]],[[[126.589,-13.882],[126.596,-13.883],[126.597,-13.879],[126.589,-13.882]]],[[[124.872,-15.282],[124.864,-15.281],[124.867,-15.285],[124.872,-15.282]]],[[[115.689,-32.304],[115.69,-32.309],[115.695,-32.305],[115.689,-32.304]]],[[[118.214,-35.003],[118.216,-35],[118.209,-34.996],[118.214,-35.003]]],[[[124.556,-15.496],[124.559,-15.488],[124.555,-15.489],[124.556,-15.496]]],[[[115.656,-21.108],[115.653,-21.1],[115.651,-21.104],[115.656,-21.108]]],[[[121.983,-33.975],[121.994,-33.974],[121.977,-33.973],[121.983,-33.975]]],[[[125.655,-14.62],[125.655,-14.627],[125.659,-14.613],[125.655,-14.62]]],[[[125.011,-14.538],[125.016,-14.532],[125.013,-14.53],[125.011,-14.538]]],[[[126.003,-14.35],[126.005,-14.346],[125.999,-14.344],[126.003,-14.35]]],[[[123.084,-16.448],[123.09,-16.45],[123.083,-16.443],[123.084,-16.448]]],[[[123.646,-16.108],[123.645,-16.103],[123.64,-16.106],[123.646,-16.108]]],[[[124.787,-15.008],[124.792,-15.002],[124.784,-15.006],[124.787,-15.008]]],[[[124.159,-33.768],[124.166,-33.761],[124.159,-33.764],[124.159,-33.768]]],[[[121.355,-33.866],[121.346,-33.873],[121.35,-33.873],[121.355,-33.866]]],[[[114.55,-21.809],[114.555,-21.807],[114.549,-21.804],[114.55,-21.809]]],[[[115.542,-21.387],[115.543,-21.394],[115.545,-21.381],[115.542,-21.387]]],[[[123.234,-34.04],[123.244,-34.041],[123.231,-34.037],[123.234,-34.04]]],[[[124.904,-14.912],[124.907,-14.91],[124.901,-14.905],[124.904,-14.912]]],[[[125.161,-14.65],[125.167,-14.647],[125.164,-14.644],[125.161,-14.65]]],[[[123.132,-16.385],[123.123,-16.385],[123.137,-16.388],[123.132,-16.385]]],[[[124.402,-15.258],[124.411,-15.254],[124.402,-15.255],[124.402,-15.258]]],[[[117.693,-20.641],[117.694,-20.636],[117.688,-20.639],[117.693,-20.641]]],[[[114.767,-21.719],[114.77,-21.713],[114.765,-21.714],[114.767,-21.719]]],[[[123.424,-16.381],[123.428,-16.376],[123.421,-16.378],[123.424,-16.381]]],[[[122.163,-34.076],[122.161,-34.082],[122.168,-34.074],[122.163,-34.076]]],[[[125.436,-14.563],[125.44,-14.556],[125.434,-14.56],[125.436,-14.563]]],[[[122.087,-34.041],[122.089,-34.047],[122.093,-34.046],[122.087,-34.041]]],[[[125.206,-14.672],[125.209,-14.67],[125.205,-14.664],[125.206,-14.672]]],[[[124.17,-16.274],[124.174,-16.269],[124.168,-16.27],[124.17,-16.274]]],[[[123.834,-16.257],[123.83,-16.263],[123.833,-16.265],[123.834,-16.257]]],[[[124.887,-14.896],[124.889,-14.892],[124.883,-14.891],[124.887,-14.896]]],[[[123.477,-16.492],[123.467,-16.488],[123.468,-16.491],[123.477,-16.492]]],[[[116.735,-35.05],[116.73,-35.053],[116.737,-35.054],[116.735,-35.05]]],[[[125.272,-14.648],[125.277,-14.647],[125.276,-14.642],[125.272,-14.648]]],[[[116.665,-20.67],[116.672,-20.667],[116.668,-20.665],[116.665,-20.67]]],[[[115.663,-32.119],[115.659,-32.12],[115.665,-32.125],[115.663,-32.119]]],[[[125.764,-14.216],[125.769,-14.211],[125.767,-14.208],[125.764,-14.216]]],[[[123.314,-17.086],[123.325,-17.09],[123.312,-17.083],[123.314,-17.086]]],[[[124.47,-16.062],[124.473,-16.058],[124.469,-16.055],[124.47,-16.062]]],[[[124.154,-16.274],[124.159,-16.269],[124.156,-16.267],[124.154,-16.274]]],[[[125.105,-15.009],[125.11,-15.004],[125.104,-15.005],[125.105,-15.009]]],[[[125.278,-14.559],[125.283,-14.554],[125.28,-14.552],[125.278,-14.559]]],[[[123.296,-16.306],[123.297,-16.301],[123.292,-16.301],[123.296,-16.306]]],[[[123.14,-33.981],[123.14,-33.976],[123.135,-33.98],[123.14,-33.981]]],[[[114.423,-21.952],[114.418,-21.95],[114.418,-21.955],[114.423,-21.952]]],[[[123.87,-16.322],[123.869,-16.317],[123.864,-16.317],[123.87,-16.322]]],[[[123.886,-34.108],[123.889,-34.101],[123.885,-34.102],[123.886,-34.108]]],[[[123.52,-17.35],[123.524,-17.358],[123.516,-17.336],[123.52,-17.35]]],[[[124.812,-15.209],[124.816,-15.203],[124.814,-15.2],[124.812,-15.209]]],[[[125.658,-14.194],[125.662,-14.19],[125.66,-14.186],[125.658,-14.194]]],[[[123.427,-16.314],[123.433,-16.308],[123.428,-16.309],[123.427,-16.314]]],[[[113.84,-28.707],[113.84,-28.701],[113.836,-28.723],[113.84,-28.707]]],[[[123.934,-16.07],[123.936,-16.064],[123.933,-16.061],[123.934,-16.07]]],[[[125.403,-14.369],[125.407,-14.363],[125.401,-14.366],[125.403,-14.369]]],[[[113.881,-26.456],[113.877,-26.448],[113.877,-26.454],[113.881,-26.456]]],[[[125.256,-14.481],[125.252,-14.477],[125.257,-14.488],[125.256,-14.481]]],[[[125.2,-14.85],[125.203,-14.852],[125.206,-14.846],[125.2,-14.85]]],[[[126.05,-14.204],[126.044,-14.204],[126.046,-14.208],[126.05,-14.204]]],[[[125.311,-14.261],[125.308,-14.255],[125.308,-14.263],[125.311,-14.261]]],[[[123.633,-16.343],[123.634,-16.341],[123.623,-16.339],[123.633,-16.343]]],[[[123.587,-16.365],[123.583,-16.361],[123.577,-16.361],[123.587,-16.365]]],[[[117.152,-35.063],[117.151,-35.067],[117.157,-35.067],[117.152,-35.063]]],[[[123.383,-16.513],[123.375,-16.507],[123.375,-16.51],[123.383,-16.513]]],[[[124.517,-15.234],[124.521,-15.228],[124.515,-15.231],[124.517,-15.234]]],[[[125.174,-14.838],[125.177,-14.841],[125.178,-14.834],[125.174,-14.838]]],[[[123.377,-16.065],[123.381,-16.069],[123.386,-16.068],[123.377,-16.065]]],[[[125.189,-14.681],[125.193,-14.677],[125.185,-14.679],[125.189,-14.681]]],[[[122.831,-34.09],[122.835,-34.09],[122.839,-34.084],[122.831,-34.09]]],[[[125.607,-14.124],[125.602,-14.13],[125.606,-14.13],[125.607,-14.124]]],[[[122.658,-33.991],[122.662,-33.988],[122.657,-33.986],[122.658,-33.991]]],[[[125.345,-14.41],[125.342,-14.406],[125.337,-14.407],[125.345,-14.41]]],[[[125.412,-14.39],[125.416,-14.389],[125.413,-14.384],[125.412,-14.39]]],[[[124.455,-15.362],[124.457,-15.37],[124.459,-15.367],[124.455,-15.362]]],[[[116.961,-20.662],[116.964,-20.655],[116.96,-20.657],[116.961,-20.662]]],[[[122.234,-34.036],[122.236,-34.033],[122.23,-34.031],[122.234,-34.036]]],[[[113.857,-28.888],[113.861,-28.89],[113.86,-28.884],[113.857,-28.888]]],[[[123.069,-34.116],[123.074,-34.113],[123.07,-34.111],[123.069,-34.116]]],[[[125.826,-14.232],[125.83,-14.23],[125.827,-14.226],[125.826,-14.232]]],[[[123.52,-16.062],[123.507,-16.054],[123.514,-16.06],[123.52,-16.062]]],[[[114.622,-21.606],[114.625,-21.604],[114.62,-21.6],[114.622,-21.606]]],[[[113.832,-28.687],[113.834,-28.679],[113.831,-28.68],[113.832,-28.687]]],[[[126.914,-13.694],[126.919,-13.693],[126.917,-13.689],[126.914,-13.694]]],[[[124.799,-15.017],[124.802,-15.014],[124.8,-15.009],[124.799,-15.017]]],[[[125.241,-14.613],[125.245,-14.61],[125.238,-14.61],[125.241,-14.613]]],[[[116.036,-34.866],[116.043,-34.869],[116.036,-34.863],[116.036,-34.866]]],[[[122.085,-34.019],[122.092,-34.016],[122.085,-34.016],[122.085,-34.019]]],[[[116.647,-20.517],[116.652,-20.511],[116.646,-20.514],[116.647,-20.517]]],[[[119.579,-34.373],[119.573,-34.376],[119.588,-34.372],[119.579,-34.373]]],[[[128.113,-15.004],[128.12,-15.005],[128.113,-15.001],[128.113,-15.004]]],[[[123.511,-16.236],[123.504,-16.229],[123.506,-16.234],[123.511,-16.236]]],[[[124.594,-15.961],[124.597,-15.959],[124.594,-15.954],[124.594,-15.961]]],[[[123.423,-16.364],[123.434,-16.366],[123.417,-16.361],[123.423,-16.364]]],[[[114.026,-25.662],[114.029,-25.661],[114.023,-25.656],[114.026,-25.662]]],[[[115.545,-20.529],[115.546,-20.521],[115.543,-20.524],[115.545,-20.529]]],[[[114.936,-21.595],[114.937,-21.589],[114.933,-21.592],[114.936,-21.595]]],[[[122.588,-34.006],[122.591,-34.003],[122.584,-34.003],[122.588,-34.006]]],[[[124.343,-15.912],[124.345,-15.904],[124.341,-15.91],[124.343,-15.912]]],[[[114.432,-22.294],[114.43,-22.287],[114.428,-22.29],[114.432,-22.294]]],[[[116.621,-20.472],[116.626,-20.472],[116.629,-20.468],[116.621,-20.472]]],[[[124.978,-14.715],[124.98,-14.713],[124.973,-14.71],[124.978,-14.715]]],[[[122.02,-33.994],[122.024,-33.994],[122.025,-33.989],[122.02,-33.994]]],[[[114.564,-21.889],[114.561,-21.884],[114.557,-21.884],[114.564,-21.889]]],[[[123.854,-16.313],[123.854,-16.308],[123.85,-16.31],[123.854,-16.313]]],[[[113.648,-26.518],[113.652,-26.518],[113.651,-26.513],[113.648,-26.518]]],[[[127.112,-13.904],[127.116,-13.902],[127.116,-13.897],[127.112,-13.904]]],[[[122.842,-33.971],[122.847,-33.968],[122.847,-33.964],[122.842,-33.971]]],[[[122.433,-33.984],[122.439,-33.98],[122.434,-33.98],[122.433,-33.984]]],[[[121.775,-33.918],[121.773,-33.915],[121.769,-33.919],[121.775,-33.918]]],[[[126.863,-13.962],[126.863,-13.958],[126.858,-13.958],[126.863,-13.962]]],[[[113.806,-28.753],[113.81,-28.749],[113.802,-28.752],[113.806,-28.753]]],[[[119.618,-34.382],[119.62,-34.38],[119.611,-34.379],[119.618,-34.382]]],[[[115.711,-32.57],[115.716,-32.57],[115.712,-32.566],[115.711,-32.57]]],[[[122.495,-34.194],[122.497,-34.198],[122.5,-34.194],[122.495,-34.194]]],[[[116.066,-20.822],[116.071,-20.822],[116.061,-20.818],[116.066,-20.822]]],[[[123.397,-16.286],[123.4,-16.282],[123.393,-16.285],[123.397,-16.286]]],[[[124.23,-16.343],[124.225,-16.337],[124.226,-16.342],[124.23,-16.343]]],[[[116.85,-20.409],[116.855,-20.403],[116.851,-20.404],[116.85,-20.409]]],[[[122.829,-33.918],[122.831,-33.915],[122.824,-33.916],[122.829,-33.918]]],[[[124.221,-15.319],[124.214,-15.318],[124.23,-15.323],[124.221,-15.319]]],[[[123.858,-16.235],[123.861,-16.234],[123.857,-16.229],[123.858,-16.235]]],[[[115.132,-21.536],[115.133,-21.532],[115.128,-21.533],[115.132,-21.536]]],[[[115.519,-20.633],[115.526,-20.631],[115.52,-20.63],[115.519,-20.633]]],[[[123.825,-16.285],[123.826,-16.282],[123.821,-16.278],[123.825,-16.285]]],[[[122.756,-33.898],[122.755,-33.894],[122.753,-33.904],[122.756,-33.898]]],[[[122.857,-33.968],[122.86,-33.962],[122.856,-33.964],[122.857,-33.968]]],[[[123.269,-16.309],[123.269,-16.307],[123.26,-16.302],[123.269,-16.309]]],[[[115.592,-20.427],[115.592,-20.421],[115.589,-20.422],[115.592,-20.427]]],[[[126.001,-13.98],[126.001,-13.974],[125.998,-13.978],[126.001,-13.98]]],[[[123.352,-16.059],[123.351,-16.056],[123.345,-16.056],[123.352,-16.059]]],[[[123.71,-16.152],[123.706,-16.146],[123.703,-16.146],[123.71,-16.152]]],[[[116.664,-20.657],[116.666,-20.654],[116.66,-20.654],[116.664,-20.657]]],[[[124.827,-15.229],[124.829,-15.223],[124.826,-15.223],[124.827,-15.229]]],[[[115.504,-21.298],[115.502,-21.292],[115.5,-21.295],[115.504,-21.298]]],[[[123.343,-34.166],[123.348,-34.164],[123.344,-34.162],[123.343,-34.166]]],[[[115.523,-20.38],[115.52,-20.377],[115.519,-20.382],[115.523,-20.38]]],[[[123.366,-16.501],[123.365,-16.497],[123.361,-16.499],[123.366,-16.501]]],[[[124.245,-15.324],[124.249,-15.322],[124.244,-15.32],[124.245,-15.324]]],[[[123.236,-34.032],[123.242,-34.028],[123.236,-34.029],[123.236,-34.032]]],[[[123.558,-16.453],[123.564,-16.453],[123.553,-16.45],[123.558,-16.453]]],[[[124.401,-15.545],[124.401,-15.536],[124.399,-15.543],[124.401,-15.545]]],[[[128.433,-14.874],[128.44,-14.886],[128.428,-14.863],[128.433,-14.874]]],[[[116.862,-20.408],[116.866,-20.409],[116.855,-20.402],[116.862,-20.408]]],[[[124.46,-15.532],[124.462,-15.529],[124.459,-15.525],[124.46,-15.532]]],[[[122.709,-33.919],[122.712,-33.915],[122.707,-33.916],[122.709,-33.919]]],[[[122.407,-33.954],[122.41,-33.956],[122.414,-33.953],[122.407,-33.954]]],[[[124.67,-15.276],[124.673,-15.274],[124.666,-15.273],[124.67,-15.276]]],[[[124.677,-15.155],[124.673,-15.152],[124.67,-15.154],[124.677,-15.155]]],[[[124.612,-15.455],[124.611,-15.449],[124.609,-15.454],[124.612,-15.455]]],[[[122.87,-33.923],[122.875,-33.919],[122.872,-33.918],[122.87,-33.923]]],[[[123.441,-16.471],[123.446,-16.469],[123.44,-16.468],[123.441,-16.471]]],[[[124.619,-15.325],[124.623,-15.318],[124.62,-15.319],[124.619,-15.325]]],[[[123.317,-16.577],[123.32,-16.573],[123.315,-16.574],[123.317,-16.577]]],[[[115.012,-34.223],[115.017,-34.224],[115.014,-34.22],[115.012,-34.223]]],[[[118.765,-34.594],[118.77,-34.595],[118.767,-34.591],[118.765,-34.594]]],[[[122.142,-34.017],[122.137,-34.019],[122.148,-34.018],[122.142,-34.017]]],[[[123.553,-16.249],[123.556,-16.244],[123.552,-16.245],[123.553,-16.249]]],[[[118.66,-34.703],[118.665,-34.701],[118.662,-34.699],[118.66,-34.703]]],[[[122.303,-33.963],[122.307,-33.965],[122.301,-33.958],[122.303,-33.963]]],[[[117.22,-20.657],[117.216,-20.657],[117.216,-20.661],[117.22,-20.657]]],[[[116.617,-20.448],[116.618,-20.442],[116.615,-20.444],[116.617,-20.448]]],[[[124.833,-15.024],[124.837,-15.022],[124.833,-15.02],[124.833,-15.024]]],[[[118.458,-20.322],[118.465,-20.318],[118.461,-20.318],[118.458,-20.322]]],[[[124.198,-16.301],[124.202,-16.301],[124.195,-16.297],[124.198,-16.301]]],[[[124.164,-16.276],[124.166,-16.273],[124.16,-16.274],[124.164,-16.276]]],[[[123.44,-16.128],[123.443,-16.127],[123.439,-16.123],[123.44,-16.128]]],[[[117.93,-20.475],[117.932,-20.471],[117.927,-20.473],[117.93,-20.475]]],[[[125.089,-14.63],[125.094,-14.628],[125.091,-14.626],[125.089,-14.63]]],[[[123.422,-16.317],[123.426,-16.313],[123.421,-16.314],[123.422,-16.317]]],[[[125.023,-14.97],[125.021,-14.965],[125.019,-14.968],[125.023,-14.97]]],[[[125.252,-14.607],[125.252,-14.603],[125.248,-14.603],[125.252,-14.607]]],[[[124.986,-14.479],[124.987,-14.473],[124.985,-14.469],[124.986,-14.479]]],[[[123.407,-16.344],[123.401,-16.347],[123.406,-16.347],[123.407,-16.344]]],[[[123.374,-16.371],[123.378,-16.37],[123.375,-16.367],[123.374,-16.371]]],[[[121.896,-33.913],[121.893,-33.912],[121.893,-33.917],[121.896,-33.913]]],[[[123.45,-16.097],[123.451,-16.092],[123.448,-16.092],[123.45,-16.097]]],[[[127.571,-14.111],[127.574,-14.112],[127.571,-14.106],[127.571,-14.111]]],[[[124.068,-16.081],[124.067,-16.076],[124.064,-16.076],[124.068,-16.081]]],[[[123.495,-16.218],[123.501,-16.231],[123.492,-16.209],[123.495,-16.218]]],[[[123.541,-15.988],[123.538,-15.985],[123.536,-15.988],[123.541,-15.988]]],[[[122.085,-34.214],[122.08,-34.211],[122.085,-34.217],[122.085,-34.214]]],[[[114.989,-30.331],[114.983,-30.334],[114.984,-30.336],[114.989,-30.331]]],[[[115.544,-20.43],[115.544,-20.415],[115.543,-20.437],[115.544,-20.43]]],[[[115.446,-21.313],[115.45,-21.311],[115.451,-21.307],[115.446,-21.313]]],[[[123.809,-16.236],[123.808,-16.23],[123.806,-16.232],[123.809,-16.236]]],[[[124.537,-15.244],[124.54,-15.24],[124.535,-15.242],[124.537,-15.244]]],[[[124.321,-15.365],[124.322,-15.362],[124.318,-15.36],[124.321,-15.365]]],[[[124.038,-16.061],[124.039,-16.058],[124.035,-16.056],[124.038,-16.061]]],[[[124.268,-16.392],[124.266,-16.388],[124.264,-16.391],[124.268,-16.392]]],[[[124.684,-14.914],[124.685,-14.91],[124.681,-14.912],[124.684,-14.914]]],[[[123.555,-16.036],[123.553,-16.031],[123.551,-16.033],[123.555,-16.036]]],[[[124.867,-16.415],[124.865,-16.413],[124.859,-16.414],[124.867,-16.415]]],[[[122.504,-33.954],[122.507,-33.952],[122.503,-33.95],[122.504,-33.954]]],[[[123.089,-16.435],[123.092,-16.433],[123.088,-16.431],[123.089,-16.435]]],[[[122.168,-16.883],[122.173,-16.882],[122.169,-16.88],[122.168,-16.883]]],[[[125.318,-14.531],[125.317,-14.526],[125.315,-14.53],[125.318,-14.531]]],[[[114.432,-21.925],[114.434,-21.921],[114.431,-21.92],[114.432,-21.925]]],[[[123.768,-16.111],[123.773,-16.11],[123.764,-16.109],[123.768,-16.111]]],[[[123.81,-16.177],[123.806,-16.174],[123.808,-16.179],[123.81,-16.177]]],[[[124.463,-15.396],[124.466,-15.392],[124.461,-15.394],[124.463,-15.396]]],[[[115.735,-21.266],[115.739,-21.263],[115.733,-21.264],[115.735,-21.266]]],[[[124.886,-16.411],[124.879,-16.411],[124.877,-16.413],[124.886,-16.411]]],[[[119.673,-20.008],[119.675,-20.005],[119.671,-20.004],[119.673,-20.008]]],[[[122.522,-33.962],[122.53,-33.961],[122.517,-33.961],[122.522,-33.962]]],[[[125.719,-14.446],[125.724,-14.45],[125.721,-14.445],[125.719,-14.446]]],[[[115.404,-21.411],[115.412,-21.408],[115.405,-21.409],[115.404,-21.411]]],[[[123.165,-16.4],[123.162,-16.396],[123.161,-16.399],[123.165,-16.4]]],[[[124.719,-14.909],[124.723,-14.906],[124.72,-14.905],[124.719,-14.909]]],[[[123.541,-16.028],[123.545,-16.027],[123.54,-16.025],[123.541,-16.028]]],[[[122.284,-33.995],[122.283,-33.991],[122.28,-33.992],[122.284,-33.995]]],[[[125.383,-14.337],[125.381,-14.334],[125.378,-14.336],[125.383,-14.337]]],[[[123.273,-16.044],[123.274,-16.039],[123.271,-16.041],[123.273,-16.044]]],[[[125.492,-14.351],[125.496,-14.35],[125.491,-14.348],[125.492,-14.351]]],[[[124.939,-15.075],[124.94,-15.072],[124.936,-15.071],[124.939,-15.075]]],[[[123.837,-16.904],[123.841,-16.903],[123.848,-16.898],[123.837,-16.904]]],[[[125.657,-14.158],[125.659,-14.154],[125.657,-14.152],[125.657,-14.158]]],[[[123.366,-16.043],[123.357,-16.04],[123.359,-16.042],[123.366,-16.043]]],[[[125.41,-14.527],[125.406,-14.535],[125.413,-14.524],[125.41,-14.527]]],[[[113.715,-28.459],[113.718,-28.453],[113.714,-28.457],[113.715,-28.459]]],[[[122.717,-33.949],[122.718,-33.946],[122.714,-33.946],[122.717,-33.949]]],[[[115.514,-21.444],[115.518,-21.435],[115.514,-21.441],[115.514,-21.444]]],[[[117.941,-35.062],[117.943,-35.064],[117.947,-35.062],[117.941,-35.062]]],[[[114.418,-22.315],[114.416,-22.312],[114.414,-22.315],[114.418,-22.315]]],[[[123.46,-16.279],[123.464,-16.277],[123.464,-16.274],[123.46,-16.279]]],[[[122.347,-34.206],[122.351,-34.203],[122.347,-34.203],[122.347,-34.206]]],[[[113.857,-25.867],[113.853,-25.861],[113.853,-25.864],[113.857,-25.867]]],[[[125.283,-15.03],[125.287,-15.033],[125.283,-15.027],[125.283,-15.03]]],[[[125.64,-14.222],[125.644,-14.223],[125.64,-14.219],[125.64,-14.222]]],[[[125.204,-14.984],[125.208,-14.981],[125.204,-14.981],[125.204,-14.984]]],[[[125.397,-14.554],[125.392,-14.557],[125.396,-14.557],[125.397,-14.554]]],[[[125.143,-14.918],[125.143,-14.915],[125.139,-14.913],[125.143,-14.918]]],[[[124.586,-15.512],[124.59,-15.508],[124.586,-15.509],[124.586,-15.512]]],[[[115.845,-21.051],[115.842,-21.048],[115.838,-21.048],[115.845,-21.051]]],[[[125.208,-14.919],[125.215,-14.916],[125.211,-14.916],[125.208,-14.919]]],[[[113.994,-28.865],[114.001,-28.864],[113.996,-28.863],[113.994,-28.865]]],[[[115.527,-20.387],[115.53,-20.38],[115.527,-20.383],[115.527,-20.387]]],[[[117.264,-20.683],[117.267,-20.682],[117.264,-20.679],[117.264,-20.683]]],[[[124.469,-15.39],[124.469,-15.386],[124.466,-15.388],[124.469,-15.39]]],[[[124.771,-14.858],[124.771,-14.854],[124.768,-14.853],[124.771,-14.858]]],[[[125.261,-15.086],[125.264,-15.086],[125.261,-15.082],[125.261,-15.086]]],[[[115.023,-21.266],[115.026,-21.265],[115.023,-21.262],[115.023,-21.266]]],[[[124.232,-16.288],[124.235,-16.286],[124.229,-16.286],[124.232,-16.288]]],[[[123.446,-16.387],[123.448,-16.385],[123.442,-16.385],[123.446,-16.387]]],[[[122.309,-33.952],[122.312,-33.952],[122.307,-33.948],[122.309,-33.952]]],[[[122.023,-33.881],[122.027,-33.879],[122.025,-33.877],[122.023,-33.881]]],[[[116.643,-20.653],[116.648,-20.654],[116.64,-20.65],[116.643,-20.653]]],[[[125.777,-14.465],[125.776,-14.46],[125.774,-14.462],[125.777,-14.465]]],[[[126.895,-13.979],[126.892,-13.976],[126.89,-13.978],[126.895,-13.979]]],[[[113.837,-28.698],[113.838,-28.695],[113.835,-28.692],[113.837,-28.698]]],[[[124.371,-16.31],[124.371,-16.304],[124.369,-16.308],[124.371,-16.31]]],[[[123.457,-16.189],[123.457,-16.186],[123.453,-16.187],[123.457,-16.189]]],[[[122.716,-33.992],[122.714,-33.988],[122.715,-33.996],[122.716,-33.992]]],[[[126.453,-13.958],[126.45,-13.964],[126.457,-13.954],[126.453,-13.958]]],[[[123.158,-15.522],[123.159,-15.509],[123.156,-15.536],[123.158,-15.522]]],[[[126.791,-13.766],[126.792,-13.769],[126.793,-13.761],[126.791,-13.766]]],[[[123.356,-16.486],[123.361,-16.488],[123.354,-16.483],[123.356,-16.486]]],[[[123.538,-16.217],[123.539,-16.216],[123.535,-16.209],[123.538,-16.217]]],[[[123.403,-16.355],[123.408,-16.351],[123.404,-16.352],[123.403,-16.355]]],[[[122.872,-33.99],[122.873,-33.993],[122.876,-33.991],[122.872,-33.99]]],[[[124.655,-15.172],[124.653,-15.167],[124.652,-15.17],[124.655,-15.172]]],[[[123.465,-16.14],[123.464,-16.137],[123.46,-16.136],[123.465,-16.14]]],[[[123.441,-16.224],[123.444,-16.222],[123.443,-16.219],[123.441,-16.224]]],[[[125.725,-14.094],[125.728,-14.093],[125.726,-14.09],[125.725,-14.094]]],[[[115.436,-21.421],[115.44,-21.418],[115.435,-21.419],[115.436,-21.421]]],[[[123.483,-16.657],[123.488,-16.656],[123.482,-16.655],[123.483,-16.657]]],[[[123.873,-16.342],[123.875,-16.339],[123.872,-16.338],[123.873,-16.342]]],[[[124.43,-16.51],[124.432,-16.509],[124.429,-16.505],[124.43,-16.51]]],[[[123.42,-16.173],[123.422,-16.17],[123.419,-16.169],[123.42,-16.173]]],[[[123.093,-16.44],[123.094,-16.437],[123.091,-16.435],[123.093,-16.44]]],[[[117.87,-35.191],[117.872,-35.192],[117.867,-35.184],[117.87,-35.191]]],[[[123.096,-16.415],[123.097,-16.412],[123.094,-16.41],[123.096,-16.415]]],[[[123.692,-15.975],[123.693,-15.97],[123.69,-15.974],[123.692,-15.975]]],[[[125.226,-14.583],[125.228,-14.582],[125.223,-14.579],[125.226,-14.583]]],[[[126.357,-13.759],[126.365,-13.754],[126.358,-13.757],[126.357,-13.759]]],[[[123.741,-33.821],[123.747,-33.814],[123.742,-33.818],[123.741,-33.821]]],[[[125.425,-14.597],[125.427,-14.59],[125.424,-14.595],[125.425,-14.597]]],[[[124.93,-14.545],[124.93,-14.54],[124.928,-14.542],[124.93,-14.545]]],[[[124.969,-14.499],[124.971,-14.496],[124.969,-14.494],[124.969,-14.499]]],[[[124.608,-15.033],[124.608,-15.028],[124.606,-15.031],[124.608,-15.033]]],[[[117.567,-20.681],[117.572,-20.681],[117.572,-20.679],[117.567,-20.681]]],[[[122.804,-33.964],[122.808,-33.963],[122.806,-33.961],[122.804,-33.964]]],[[[122.074,-34.222],[122.077,-34.221],[122.073,-34.219],[122.074,-34.222]]],[[[115.756,-21.231],[115.757,-21.228],[115.753,-21.23],[115.756,-21.231]]],[[[114.551,-22],[114.554,-21.999],[114.553,-21.996],[114.551,-22]]],[[[123.965,-33.642],[123.97,-33.639],[123.97,-33.637],[123.965,-33.642]]],[[[124.04,-33.769],[124.043,-33.765],[124.039,-33.767],[124.04,-33.769]]],[[[123.438,-16.518],[123.438,-16.516],[123.433,-16.516],[123.438,-16.518]]],[[[114.542,-21.742],[114.544,-21.74],[114.541,-21.738],[114.542,-21.742]]],[[[123.617,-16.721],[123.615,-16.717],[123.614,-16.72],[123.617,-16.721]]],[[[116.653,-20.509],[116.654,-20.503],[116.652,-20.505],[116.653,-20.509]]],[[[124.599,-15.477],[124.603,-15.475],[124.6,-15.474],[124.599,-15.477]]],[[[117.695,-35.051],[117.691,-35.049],[117.692,-35.052],[117.695,-35.051]]],[[[124.672,-15.472],[124.676,-15.469],[124.674,-15.468],[124.672,-15.472]]],[[[124.057,-16.24],[124.053,-16.234],[124.054,-16.238],[124.057,-16.24]]],[[[123.409,-16.171],[123.414,-16.169],[123.409,-16.169],[123.409,-16.171]]],[[[115.781,-21.232],[115.78,-21.228],[115.778,-21.23],[115.781,-21.232]]],[[[124.471,-15.312],[124.476,-15.309],[124.471,-15.31],[124.471,-15.312]]],[[[124.89,-14.899],[124.888,-14.899],[124.886,-14.904],[124.89,-14.899]]],[[[125.797,-14.23],[125.799,-14.225],[125.795,-14.23],[125.797,-14.23]]],[[[115.547,-20.497],[115.545,-20.492],[115.543,-20.492],[115.547,-20.497]]],[[[124.26,-15.215],[124.262,-15.212],[124.26,-15.21],[124.26,-15.215]]],[[[124.433,-16.496],[124.439,-16.495],[124.435,-16.494],[124.433,-16.496]]],[[[123.484,-16.493],[123.479,-16.488],[123.477,-16.488],[123.484,-16.493]]],[[[126.705,-13.95],[126.707,-13.954],[126.703,-13.941],[126.705,-13.95]]],[[[113.831,-28.676],[113.832,-28.674],[113.829,-28.67],[113.831,-28.676]]],[[[125.244,-14.49],[125.245,-14.485],[125.243,-14.486],[125.244,-14.49]]],[[[118.157,-35.028],[118.158,-35.03],[118.162,-35.029],[118.157,-35.028]]],[[[123.4,-16.452],[123.403,-16.449],[123.399,-16.45],[123.4,-16.452]]],[[[114.199,-22.354],[114.203,-22.349],[114.198,-22.353],[114.199,-22.354]]],[[[125.523,-14.405],[125.527,-14.406],[125.524,-14.403],[125.523,-14.405]]],[[[113.897,-28.899],[113.9,-28.896],[113.897,-28.896],[113.897,-28.899]]],[[[123.879,-16.336],[123.876,-16.333],[123.873,-16.333],[123.879,-16.336]]],[[[123.126,-34.077],[123.129,-34.074],[123.126,-34.074],[123.126,-34.077]]],[[[115.018,-30.454],[115.019,-30.457],[115.021,-30.454],[115.018,-30.454]]],[[[123.426,-16.46],[123.421,-16.457],[123.423,-16.46],[123.426,-16.46]]],[[[123.435,-16.381],[123.435,-16.378],[123.432,-16.379],[123.435,-16.381]]],[[[118.203,-20.368],[118.203,-20.365],[118.2,-20.362],[118.203,-20.368]]],[[[124.662,-15.857],[124.662,-15.854],[124.659,-15.855],[124.662,-15.857]]],[[[124.748,-15.035],[124.752,-15.032],[124.745,-15.035],[124.748,-15.035]]],[[[123.307,-16.307],[123.309,-16.304],[123.306,-16.304],[123.307,-16.307]]],[[[115.531,-20.39],[115.53,-20.393],[115.533,-20.393],[115.531,-20.39]]],[[[125.726,-14.322],[125.729,-14.323],[125.729,-14.32],[125.726,-14.322]]],[[[124.465,-15.322],[124.464,-15.319],[124.461,-15.319],[124.465,-15.322]]],[[[125.182,-14.963],[125.185,-14.96],[125.182,-14.96],[125.182,-14.963]]],[[[124.358,-15.354],[124.363,-15.353],[124.359,-15.352],[124.358,-15.354]]],[[[125.738,-14.091],[125.744,-14.092],[125.735,-14.089],[125.738,-14.091]]],[[[125.092,-14.598],[125.095,-14.595],[125.093,-14.594],[125.092,-14.598]]],[[[124.749,-15.342],[124.75,-15.338],[124.747,-15.341],[124.749,-15.342]]],[[[116.808,-20.389],[116.805,-20.385],[116.802,-20.384],[116.808,-20.389]]],[[[124.526,-15.232],[124.525,-15.227],[124.524,-15.231],[124.526,-15.232]]],[[[125.281,-15.024],[125.284,-15.027],[125.283,-15.023],[125.281,-15.024]]],[[[123.798,-16.168],[123.8,-16.167],[123.795,-16.165],[123.798,-16.168]]],[[[123.843,-16.308],[123.842,-16.303],[123.84,-16.302],[123.843,-16.308]]],[[[124.062,-16.238],[124.064,-16.235],[124.061,-16.235],[124.062,-16.238]]],[[[125.147,-14.777],[125.148,-14.774],[125.146,-14.771],[125.147,-14.777]]],[[[116.838,-20.417],[116.84,-20.416],[116.838,-20.413],[116.838,-20.417]]],[[[128.238,-15.261],[128.242,-15.265],[128.24,-15.261],[128.238,-15.261]]],[[[124.47,-15.397],[124.471,-15.392],[124.469,-15.394],[124.47,-15.397]]],[[[124.455,-15.392],[124.456,-15.387],[124.454,-15.389],[124.455,-15.392]]],[[[124.72,-15.078],[124.721,-15.073],[124.719,-15.075],[124.72,-15.078]]],[[[125.421,-14.572],[125.421,-14.568],[125.419,-14.567],[125.421,-14.572]]],[[[113.787,-28.729],[113.787,-28.725],[113.785,-28.728],[113.787,-28.729]]],[[[123.148,-33.988],[123.15,-33.986],[123.148,-33.984],[123.148,-33.988]]],[[[121.639,-34.014],[121.643,-34.012],[121.639,-34.012],[121.639,-34.014]]],[[[121.821,-33.911],[121.819,-33.909],[121.817,-33.911],[121.821,-33.911]]],[[[115.788,-21.108],[115.786,-21.104],[115.785,-21.106],[115.788,-21.108]]],[[[122.719,-33.987],[122.721,-33.985],[122.718,-33.984],[122.719,-33.987]]],[[[126.765,-13.785],[126.769,-13.781],[126.765,-13.783],[126.765,-13.785]]],[[[125.251,-14.891],[125.253,-14.889],[125.249,-14.889],[125.251,-14.891]]],[[[124.94,-15.062],[124.943,-15.06],[124.942,-15.058],[124.94,-15.062]]],[[[125.404,-14.422],[125.406,-14.42],[125.403,-14.419],[125.404,-14.422]]],[[[115.984,-20.965],[115.987,-20.966],[115.983,-20.962],[115.984,-20.965]]],[[[123.456,-16.141],[123.458,-16.139],[123.454,-16.139],[123.456,-16.141]]],[[[118.809,-20.02],[118.811,-20.018],[118.807,-20.018],[118.809,-20.02]]],[[[115.464,-21.264],[115.463,-21.261],[115.461,-21.263],[115.464,-21.264]]],[[[125.426,-14.359],[125.427,-14.356],[125.424,-14.357],[125.426,-14.359]]],[[[125.317,-14.516],[125.318,-14.513],[125.315,-14.514],[125.317,-14.516]]],[[[113.853,-28.676],[113.854,-28.673],[113.851,-28.674],[113.853,-28.676]]],[[[125.17,-14.841],[125.171,-14.838],[125.168,-14.839],[125.17,-14.841]]],[[[125.248,-14.539],[125.25,-14.537],[125.247,-14.536],[125.248,-14.539]]],[[[126.843,-13.968],[126.851,-13.968],[126.839,-13.967],[126.843,-13.968]]],[[[115.39,-21.553],[115.392,-21.552],[115.388,-21.55],[115.39,-21.553]]],[[[125.16,-14.962],[125.163,-14.958],[125.161,-14.958],[125.16,-14.962]]],[[[124.956,-14.407],[124.958,-14.402],[124.956,-14.403],[124.956,-14.407]]],[[[124.333,-15.32],[124.335,-15.319],[124.333,-15.316],[124.333,-15.32]]],[[[124.493,-15.232],[124.496,-15.228],[124.494,-15.228],[124.493,-15.232]]],[[[117.754,-20.591],[117.76,-20.589],[117.768,-20.585],[117.754,-20.591]]],[[[115.316,-31.008],[115.318,-31.007],[115.316,-31.004],[115.316,-31.008]]],[[[122.575,-34.009],[122.579,-34.007],[122.577,-34.006],[122.575,-34.009]]],[[[123.853,-16.29],[123.853,-16.288],[123.849,-16.287],[123.853,-16.29]]],[[[122.299,-34.021],[122.301,-34.024],[122.303,-34.023],[122.299,-34.021]]],[[[116.195,-20.828],[116.195,-20.824],[116.193,-20.825],[116.195,-20.828]]],[[[124.414,-15.254],[124.419,-15.252],[124.415,-15.252],[124.414,-15.254]]],[[[124.534,-15.114],[124.538,-15.113],[124.538,-15.111],[124.534,-15.114]]],[[[123.424,-17.317],[123.423,-17.315],[123.417,-17.311],[123.424,-17.317]]],[[[113.866,-26.347],[113.869,-26.34],[113.867,-26.342],[113.866,-26.347]]],[[[123.844,-16.208],[123.844,-16.2],[123.843,-16.203],[123.844,-16.208]]],[[[123.158,-34.023],[123.165,-34.023],[123.155,-34.022],[123.158,-34.023]]],[[[113.916,-25.846],[113.918,-25.845],[113.917,-25.842],[113.916,-25.846]]],[[[124.38,-15.234],[124.382,-15.233],[124.381,-15.23],[124.38,-15.234]]],[[[123.442,-16.382],[123.446,-16.383],[123.437,-16.379],[123.442,-16.382]]],[[[122.307,-33.994],[122.308,-33.99],[122.306,-33.991],[122.307,-33.994]]],[[[122.469,-33.95],[122.472,-33.949],[122.465,-33.949],[122.469,-33.95]]],[[[116.536,-20.48],[116.54,-20.477],[116.539,-20.476],[116.536,-20.48]]],[[[114.04,-28.799],[114.038,-28.8],[114.043,-28.801],[114.04,-28.799]]],[[[117.246,-20.712],[117.245,-20.709],[117.243,-20.71],[117.246,-20.712]]],[[[124.669,-15.475],[124.67,-15.474],[124.668,-15.469],[124.669,-15.475]]],[[[123.409,-16.53],[123.412,-16.528],[123.41,-16.527],[123.409,-16.53]]],[[[122.653,-33.995],[122.654,-33.996],[122.659,-33.994],[122.653,-33.995]]],[[[124.923,-14.514],[124.924,-14.513],[124.92,-14.51],[124.923,-14.514]]],[[[123.679,-16.111],[123.682,-16.11],[123.675,-16.11],[123.679,-16.111]]],[[[123.415,-16.314],[123.418,-16.313],[123.411,-16.313],[123.415,-16.314]]],[[[121.647,-33.9],[121.65,-33.899],[121.649,-33.897],[121.647,-33.9]]],[[[123.428,-16.528],[123.43,-16.527],[123.425,-16.526],[123.428,-16.528]]],[[[116.432,-20.655],[116.433,-20.653],[116.43,-20.652],[116.432,-20.655]]],[[[113.834,-28.727],[113.836,-28.724],[113.833,-28.725],[113.834,-28.727]]],[[[123.366,-16.493],[123.367,-16.491],[123.364,-16.49],[123.366,-16.493]]],[[[123.31,-16.388],[123.312,-16.387],[123.307,-16.386],[123.31,-16.388]]],[[[122.349,-34.21],[122.35,-34.208],[122.346,-34.209],[122.349,-34.21]]],[[[114.49,-21.962],[114.493,-21.96],[114.491,-21.959],[114.49,-21.962]]],[[[124.349,-15.35],[124.351,-15.349],[124.35,-15.346],[124.349,-15.35]]],[[[123.575,-16.342],[123.576,-16.34],[123.573,-16.339],[123.575,-16.342]]],[[[123.447,-16.194],[123.448,-16.19],[123.446,-16.191],[123.447,-16.194]]],[[[125.255,-14.655],[125.257,-14.652],[125.254,-14.653],[125.255,-14.655]]],[[[123.833,-16.153],[123.834,-16.156],[123.835,-16.152],[123.833,-16.153]]],[[[123.784,-16.278],[123.786,-16.277],[123.783,-16.275],[123.784,-16.278]]],[[[123.367,-16.064],[123.368,-16.062],[123.364,-16.063],[123.367,-16.064]]],[[[124.096,-16.259],[124.097,-16.258],[124.092,-16.256],[124.096,-16.259]]],[[[113.976,-28.867],[113.978,-28.866],[113.977,-28.863],[113.976,-28.867]]],[[[125.065,-14.644],[125.067,-14.643],[125.066,-14.64],[125.065,-14.644]]],[[[124.909,-15.106],[124.91,-15.105],[124.907,-15.101],[124.909,-15.106]]],[[[115.105,-30.68],[115.106,-30.683],[115.108,-30.683],[115.105,-30.68]]],[[[122.319,-34.147],[122.317,-34.144],[122.317,-34.147],[122.319,-34.147]]],[[[124.936,-14.539],[124.936,-14.536],[124.934,-14.535],[124.936,-14.539]]],[[[125.181,-14.824],[125.183,-14.824],[125.18,-14.821],[125.181,-14.824]]],[[[125.212,-14.527],[125.21,-14.527],[125.209,-14.53],[125.212,-14.527]]],[[[124.675,-14.937],[124.677,-14.935],[124.675,-14.934],[124.675,-14.937]]],[[[125.422,-14.574],[125.424,-14.574],[125.423,-14.571],[125.422,-14.574]]],[[[125.186,-14.82],[125.185,-14.816],[125.184,-14.818],[125.186,-14.82]]],[[[115.661,-21.31],[115.662,-21.306],[115.66,-21.308],[115.661,-21.31]]],[[[115.532,-20.407],[115.517,-20.416],[115.541,-20.402],[115.532,-20.407]]],[[[125.274,-14.99],[125.278,-14.989],[125.276,-14.988],[125.274,-14.99]]],[[[125.643,-14.205],[125.641,-14.203],[125.639,-14.204],[125.643,-14.205]]],[[[117.862,-35.117],[117.866,-35.118],[117.864,-35.116],[117.862,-35.117]]],[[[125.257,-15.087],[125.259,-15.085],[125.255,-15.086],[125.257,-15.087]]],[[[119.363,-34.482],[119.367,-34.48],[119.364,-34.48],[119.363,-34.482]]],[[[121.966,-34.121],[121.969,-34.124],[121.969,-34.122],[121.966,-34.121]]],[[[114.071,-25.69],[114.067,-25.688],[114.068,-25.69],[114.071,-25.69]]],[[[115.995,-34.849],[115.996,-34.851],[115.998,-34.849],[115.995,-34.849]]],[[[116.731,-35.067],[116.728,-35.068],[116.731,-35.069],[116.731,-35.067]]],[[[122.653,-34.006],[122.656,-34.004],[122.653,-34.004],[122.653,-34.006]]],[[[123.304,-16.306],[123.304,-16.304],[123.301,-16.305],[123.304,-16.306]]],[[[121.699,-33.996],[121.699,-33.994],[121.696,-33.995],[121.699,-33.996]]],[[[121.97,-34.121],[121.973,-34.121],[121.97,-34.119],[121.97,-34.121]]],[[[123.551,-33.996],[123.554,-33.994],[123.551,-33.994],[123.551,-33.996]]],[[[122.307,-34.021],[122.31,-34.021],[122.306,-34.019],[122.307,-34.021]]],[[[113.957,-26.251],[113.963,-26.246],[113.957,-26.25],[113.957,-26.251]]],[[[125.217,-14.941],[125.221,-14.942],[125.219,-14.94],[125.217,-14.941]]],[[[125.198,-14.474],[125.203,-14.47],[125.199,-14.472],[125.198,-14.474]]],[[[125.689,-14.461],[125.692,-14.46],[125.692,-14.458],[125.689,-14.461]]],[[[125.342,-15.08],[125.342,-15.078],[125.339,-15.077],[125.342,-15.08]]],[[[125.141,-14.525],[125.144,-14.525],[125.141,-14.523],[125.141,-14.525]]],[[[123.635,-15.875],[123.638,-15.872],[123.638,-15.87],[123.635,-15.875]]],[[[125.748,-14.109],[125.749,-14.105],[125.747,-14.107],[125.748,-14.109]]],[[[124.621,-15.426],[124.623,-15.424],[124.619,-15.425],[124.621,-15.426]]],[[[125.268,-14.487],[125.265,-14.48],[125.265,-14.482],[125.268,-14.487]]],[[[123.434,-16.156],[123.436,-16.154],[123.433,-16.154],[123.434,-16.156]]],[[[123.527,-16.491],[123.525,-16.489],[123.522,-16.489],[123.527,-16.491]]],[[[124.198,-16.334],[124.201,-16.329],[124.198,-16.332],[124.198,-16.334]]],[[[124.082,-16.255],[124.085,-16.253],[124.082,-16.253],[124.082,-16.255]]],[[[123.656,-16.157],[123.655,-16.155],[123.653,-16.157],[123.656,-16.157]]],[[[123.414,-16.506],[123.415,-16.504],[123.412,-16.504],[123.414,-16.506]]],[[[123.119,-16.401],[123.122,-16.4],[123.119,-16.399],[123.119,-16.401]]],[[[113.693,-26.534],[113.69,-26.532],[113.69,-26.534],[113.693,-26.534]]],[[[125.23,-15.001],[125.233,-14.999],[125.23,-14.999],[125.23,-15.001]]],[[[125.059,-15.434],[125.059,-15.432],[125.056,-15.432],[125.059,-15.434]]],[[[115.519,-20.384],[115.515,-20.385],[115.517,-20.386],[115.519,-20.384]]],[[[115.197,-34.404],[115.193,-34.403],[115.199,-34.406],[115.197,-34.404]]],[[[123.03,-34.114],[123.032,-34.112],[123.029,-34.112],[123.03,-34.114]]],[[[123.532,-16.607],[123.535,-16.604],[123.533,-16.604],[123.532,-16.607]]],[[[121.933,-34.136],[121.937,-34.135],[121.935,-34.134],[121.933,-34.136]]],[[[122.301,-33.989],[122.302,-33.987],[122.299,-33.987],[122.301,-33.989]]],[[[127.495,-14.058],[127.496,-14.055],[127.494,-14.055],[127.495,-14.058]]],[[[115.156,-34.381],[115.158,-34.38],[115.158,-34.377],[115.156,-34.381]]],[[[123.341,-16.176],[123.339,-16.178],[123.341,-16.179],[123.341,-16.176]]],[[[123.349,-16.04],[123.355,-16.039],[123.349,-16.039],[123.349,-16.04]]],[[[122.013,-34.169],[122.016,-34.169],[122.014,-34.167],[122.013,-34.169]]],[[[124.056,-16.078],[124.054,-16.074],[124.054,-16.077],[124.056,-16.078]]],[[[122.122,-34.105],[122.125,-34.103],[122.122,-34.103],[122.122,-34.105]]],[[[123.108,-16.449],[123.11,-16.445],[123.108,-16.446],[123.108,-16.449]]],[[[123.316,-16.309],[123.318,-16.308],[123.316,-16.306],[123.316,-16.309]]],[[[121.964,-33.855],[121.967,-33.854],[121.961,-33.854],[121.964,-33.855]]],[[[124.908,-14.923],[124.908,-14.92],[124.906,-14.922],[124.908,-14.923]]],[[[125.22,-14.455],[125.22,-14.452],[125.218,-14.453],[125.22,-14.455]]],[[[125.211,-14.873],[125.211,-14.87],[125.209,-14.869],[125.211,-14.873]]],[[[125.464,-14.536],[125.466,-14.533],[125.462,-14.536],[125.464,-14.536]]],[[[127.55,-14.094],[127.548,-14.094],[127.549,-14.097],[127.55,-14.094]]],[[[125.018,-14.788],[125.019,-14.785],[125.016,-14.788],[125.018,-14.788]]],[[[124.597,-15.975],[124.595,-15.974],[124.595,-15.977],[124.597,-15.975]]],[[[124.571,-14.99],[124.571,-14.987],[124.569,-14.989],[124.571,-14.99]]],[[[126.896,-13.695],[126.896,-13.692],[126.894,-13.691],[126.896,-13.695]]],[[[125.307,-14.299],[125.309,-14.296],[125.307,-14.296],[125.307,-14.299]]],[[[125.748,-14.099],[125.75,-14.097],[125.748,-14.096],[125.748,-14.099]]],[[[125.295,-15.057],[125.295,-15.054],[125.293,-15.053],[125.295,-15.057]]],[[[123.447,-16.294],[123.449,-16.293],[123.449,-16.29],[123.447,-16.294]]],[[[126.83,-13.975],[126.832,-13.973],[126.828,-13.974],[126.83,-13.975]]],[[[114.42,-21.702],[114.418,-21.704],[114.42,-21.705],[114.42,-21.702]]],[[[123.484,-16.395],[123.482,-16.393],[123.48,-16.394],[123.484,-16.395]]],[[[114.51,-21.603],[114.511,-21.602],[114.508,-21.599],[114.51,-21.603]]],[[[123.811,-16.184],[123.812,-16.183],[123.809,-16.18],[123.811,-16.184]]],[[[124.064,-15.977],[124.064,-15.975],[124.061,-15.975],[124.064,-15.977]]],[[[125.098,-14.989],[125.097,-14.985],[125.096,-14.987],[125.098,-14.989]]],[[[125.331,-15.052],[125.332,-15.05],[125.33,-15.048],[125.331,-15.052]]],[[[124.725,-14.908],[124.726,-14.904],[124.724,-14.906],[124.725,-14.908]]],[[[124.679,-14.933],[124.681,-14.931],[124.68,-14.929],[124.679,-14.933]]],[[[122.54,-34.002],[122.538,-34.008],[122.542,-33.999],[122.54,-34.002]]],[[[122.343,-34.107],[122.342,-34.11],[122.347,-34.101],[122.343,-34.107]]],[[[124.6,-15.489],[124.602,-15.488],[124.603,-15.485],[124.6,-15.489]]],[[[123.227,-34.058],[123.226,-34.055],[123.225,-34.057],[123.227,-34.058]]],[[[124.089,-33.746],[124.09,-33.743],[124.088,-33.744],[124.089,-33.746]]],[[[123.571,-16.172],[123.572,-16.171],[123.57,-16.168],[123.571,-16.172]]],[[[122.065,-34.231],[122.066,-34.229],[122.064,-34.228],[122.065,-34.231]]],[[[117.686,-20.632],[117.684,-20.633],[117.685,-20.635],[117.686,-20.632]]],[[[125.839,-14.281],[125.84,-14.277],[125.838,-14.28],[125.839,-14.281]]],[[[125.723,-14.436],[125.724,-14.434],[125.722,-14.433],[125.723,-14.436]]],[[[125.183,-14.83],[125.183,-14.825],[125.182,-14.829],[125.183,-14.83]]],[[[125.074,-14.593],[125.074,-14.588],[125.073,-14.599],[125.074,-14.593]]],[[[125.315,-14.888],[125.316,-14.886],[125.314,-14.885],[125.315,-14.888]]],[[[125.149,-14.922],[125.15,-14.919],[125.148,-14.92],[125.149,-14.922]]],[[[116.568,-20.714],[116.569,-20.711],[116.567,-20.712],[116.568,-20.714]]],[[[115.604,-20.435],[115.605,-20.433],[115.603,-20.432],[115.604,-20.435]]],[[[125.248,-14.485],[125.247,-14.481],[125.246,-14.482],[125.248,-14.485]]],[[[122.972,-33.906],[122.973,-33.904],[122.972,-33.901],[122.972,-33.906]]],[[[116.694,-20.521],[116.695,-20.519],[116.692,-20.52],[116.694,-20.521]]],[[[122.198,-16.904],[122.199,-16.903],[122.197,-16.9],[122.198,-16.904]]],[[[124.659,-15.169],[124.66,-15.167],[124.657,-15.168],[124.659,-15.169]]],[[[127.563,-14.108],[127.566,-14.107],[127.564,-14.106],[127.563,-14.108]]],[[[124.195,-15.957],[124.193,-15.954],[124.192,-15.955],[124.195,-15.957]]],[[[125.945,-14.327],[125.943,-14.324],[125.942,-14.325],[125.945,-14.327]]],[[[124.486,-15.209],[124.487,-15.205],[124.485,-15.208],[124.486,-15.209]]],[[[125.204,-14.876],[125.206,-14.875],[125.203,-14.874],[125.204,-14.876]]],[[[123.119,-33.954],[123.122,-33.953],[123.123,-33.951],[123.119,-33.954]]],[[[123.337,-33.923],[123.34,-33.921],[123.339,-33.92],[123.337,-33.923]]],[[[113.312,-26.086],[113.313,-26.085],[113.311,-26.082],[113.312,-26.086]]],[[[122.682,-34.018],[122.685,-34.016],[122.681,-34.017],[122.682,-34.018]]],[[[122.82,-33.979],[122.821,-33.978],[122.817,-33.977],[122.82,-33.979]]],[[[124.12,-33.854],[124.123,-33.852],[124.119,-33.853],[124.12,-33.854]]],[[[123.586,-16.356],[123.586,-16.355],[123.581,-16.353],[123.586,-16.356]]],[[[117.859,-35.117],[117.861,-35.116],[117.858,-35.115],[117.859,-35.117]]],[[[121.655,-34.021],[121.657,-34.02],[121.654,-34.019],[121.655,-34.021]]],[[[121.971,-33.878],[121.973,-33.877],[121.97,-33.876],[121.971,-33.878]]],[[[123.541,-34.003],[123.542,-34.001],[123.54,-34],[123.541,-34.003]]],[[[119.441,-20.01],[119.442,-20.007],[119.44,-20.008],[119.441,-20.01]]],[[[117.788,-35.106],[117.786,-35.107],[117.787,-35.109],[117.788,-35.106]]],[[[122.049,-34.041],[122.051,-34.04],[122.05,-34.038],[122.049,-34.041]]],[[[124.212,-15.331],[124.214,-15.33],[124.213,-15.328],[124.212,-15.331]]],[[[126.106,-13.901],[126.107,-13.899],[126.105,-13.898],[126.106,-13.901]]],[[[124.535,-14.99],[124.536,-14.988],[124.534,-14.987],[124.535,-14.99]]],[[[125.144,-14.78],[125.146,-14.779],[125.145,-14.777],[125.144,-14.78]]],[[[125.18,-14.831],[125.181,-14.828],[125.179,-14.829],[125.18,-14.831]]],[[[124.947,-15.369],[124.948,-15.366],[124.946,-15.367],[124.947,-15.369]]],[[[115.203,-21.522],[115.205,-21.521],[115.202,-21.52],[115.203,-21.522]]],[[[115.579,-20.441],[115.582,-20.439],[115.581,-20.438],[115.579,-20.441]]],[[[114.861,-21.582],[114.862,-21.58],[114.86,-21.579],[114.861,-21.582]]],[[[123.505,-16.235],[123.502,-16.231],[123.503,-16.234],[123.505,-16.235]]],[[[123.569,-16.338],[123.57,-16.336],[123.568,-16.335],[123.569,-16.338]]],[[[122.235,-34.013],[122.238,-34.012],[122.236,-34.011],[122.235,-34.013]]],[[[122.342,-34.117],[122.345,-34.116],[122.343,-34.115],[122.342,-34.117]]],[[[123.449,-16.194],[123.451,-16.193],[123.45,-16.191],[123.449,-16.194]]],[[[113.16,-24.751],[113.161,-24.748],[113.159,-24.749],[113.16,-24.751]]],[[[124.681,-15.762],[124.683,-15.759],[124.68,-15.761],[124.681,-15.762]]],[[[125.214,-14.943],[125.213,-14.94],[125.212,-14.942],[125.214,-14.943]]],[[[115.431,-21.415],[115.432,-21.412],[115.43,-21.413],[115.431,-21.415]]],[[[113.768,-28.498],[113.767,-28.495],[113.766,-28.497],[113.768,-28.498]]],[[[123.468,-16.391],[123.469,-16.389],[123.467,-16.388],[123.468,-16.391]]],[[[123.411,-16.28],[123.41,-16.278],[123.406,-16.275],[123.411,-16.28]]],[[[124.646,-15.419],[124.648,-15.416],[124.647,-15.415],[124.646,-15.419]]],[[[115.528,-20.518],[115.529,-20.519],[115.53,-20.515],[115.528,-20.518]]],[[[126.597,-14.224],[126.597,-14.219],[126.596,-14.222],[126.597,-14.224]]],[[[128.635,-14.723],[128.637,-14.725],[128.633,-14.719],[128.635,-14.723]]],[[[124.981,-14.466],[124.983,-14.468],[124.979,-14.462],[124.981,-14.466]]],[[[123.961,-16.2],[123.952,-16.201],[123.974,-16.199],[123.961,-16.2]]],[[[126.595,-13.899],[126.591,-13.903],[126.593,-13.902],[126.595,-13.899]]],[[[115.522,-20.511],[115.519,-20.509],[115.526,-20.515],[115.522,-20.511]]],[[[122.574,-34.002],[122.575,-34],[122.573,-34],[122.574,-34.002]]],[[[123.22,-34.005],[123.221,-34.004],[123.217,-34.004],[123.22,-34.005]]],[[[121.991,-34.459],[121.992,-34.457],[121.991,-34.455],[121.991,-34.459]]],[[[123.425,-16.341],[123.427,-16.34],[123.425,-16.339],[123.425,-16.341]]],[[[123.585,-17.344],[123.587,-17.343],[123.585,-17.342],[123.585,-17.344]]],[[[113.877,-26.446],[113.879,-26.442],[113.877,-26.444],[113.877,-26.446]]],[[[113.911,-25.402],[113.912,-25.401],[113.91,-25.399],[113.911,-25.402]]],[[[113.878,-28.661],[113.879,-28.658],[113.878,-28.657],[113.878,-28.661]]],[[[123.468,-16.134],[123.468,-16.13],[123.467,-16.133],[123.468,-16.134]]],[[[123.483,-16.297],[123.483,-16.293],[123.482,-16.294],[123.483,-16.297]]],[[[113.509,-26.231],[113.51,-26.23],[113.508,-26.228],[113.509,-26.231]]],[[[115.581,-20.46],[115.581,-20.456],[115.58,-20.458],[115.581,-20.46]]],[[[125.699,-14.153],[125.7,-14.155],[125.699,-14.149],[125.699,-14.153]]],[[[126.589,-13.906],[126.59,-13.904],[126.588,-13.904],[126.589,-13.906]]],[[[126.586,-13.906],[126.587,-13.909],[126.587,-13.905],[126.586,-13.906]]],[[[125.193,-14.692],[125.194,-14.69],[125.192,-14.69],[125.193,-14.692]]],[[[126.569,-14.014],[126.567,-14.014],[126.569,-14.016],[126.569,-14.014]]],[[[125.417,-14.364],[125.418,-14.363],[125.417,-14.36],[125.417,-14.364]]],[[[125.414,-14.563],[125.415,-14.56],[125.413,-14.562],[125.414,-14.563]]],[[[125.322,-14.242],[125.322,-14.24],[125.32,-14.24],[125.322,-14.242]]],[[[114.516,-22.119],[114.515,-22.116],[114.514,-22.117],[114.516,-22.119]]],[[[125.168,-15.517],[125.166,-15.514],[125.166,-15.516],[125.168,-15.517]]],[[[125.13,-14.645],[125.132,-14.643],[125.131,-14.642],[125.13,-14.645]]],[[[124.421,-15.933],[124.421,-15.929],[124.42,-15.931],[124.421,-15.933]]],[[[125.414,-14.53],[125.415,-14.527],[125.413,-14.529],[125.414,-14.53]]],[[[125.13,-14.484],[125.131,-14.482],[125.13,-14.48],[125.13,-14.484]]],[[[124.827,-15.013],[124.828,-15.012],[124.826,-15.01],[124.827,-15.013]]],[[[113.877,-28.673],[113.878,-28.672],[113.877,-28.669],[113.877,-28.673]]],[[[123.498,-16.611],[123.498,-16.609],[123.496,-16.604],[123.498,-16.611]]],[[[123.84,-16.25],[123.84,-16.248],[123.838,-16.246],[123.84,-16.25]]],[[[123.41,-16.514],[123.412,-16.514],[123.41,-16.512],[123.41,-16.514]]],[[[124.398,-16.262],[124.4,-16.262],[124.394,-16.26],[124.398,-16.262]]],[[[115.799,-21.191],[115.799,-21.189],[115.797,-21.19],[115.799,-21.191]]],[[[115.564,-20.641],[115.565,-20.639],[115.564,-20.637],[115.564,-20.641]]],[[[124.517,-15.119],[124.519,-15.116],[124.517,-15.117],[124.517,-15.119]]],[[[125.413,-14.543],[125.415,-14.543],[125.415,-14.541],[125.413,-14.543]]],[[[125.136,-14.539],[125.138,-14.537],[125.136,-14.537],[125.136,-14.539]]],[[[123.259,-34.052],[123.26,-34.049],[123.258,-34.051],[123.259,-34.052]]],[[[123.515,-34.015],[123.516,-34.012],[123.514,-34.014],[123.515,-34.015]]],[[[125.181,-15.04],[125.183,-15.038],[125.182,-15.037],[125.181,-15.04]]],[[[122.595,-33.934],[122.596,-33.932],[122.594,-33.932],[122.595,-33.934]]],[[[123.983,-33.827],[123.984,-33.825],[123.981,-33.827],[123.983,-33.827]]],[[[123.36,-16.038],[123.36,-16.037],[123.356,-16.037],[123.36,-16.038]]],[[[121.675,-34.178],[121.677,-34.177],[121.675,-34.176],[121.675,-34.178]]],[[[123.288,-16.036],[123.289,-16.035],[123.286,-16.034],[123.288,-16.036]]],[[[119.705,-19.995],[119.709,-19.993],[119.705,-19.994],[119.705,-19.995]]],[[[122.478,-33.953],[122.478,-33.952],[122.474,-33.952],[122.478,-33.953]]],[[[113.968,-28.869],[113.97,-28.867],[113.967,-28.868],[113.968,-28.869]]],[[[123.803,-16.172],[123.804,-16.171],[123.802,-16.169],[123.803,-16.172]]],[[[125.276,-14.985],[125.274,-14.987],[125.275,-14.988],[125.276,-14.985]]],[[[124.304,-15.954],[124.307,-15.953],[124.306,-15.952],[124.304,-15.954]]],[[[113.962,-28.877],[113.963,-28.874],[113.961,-28.876],[113.962,-28.877]]],[[[124.485,-15.231],[124.488,-15.23],[124.481,-15.231],[124.485,-15.231]]],[[[124.938,-14.916],[124.934,-14.913],[124.934,-14.914],[124.938,-14.916]]],[[[123.094,-16.294],[123.092,-16.292],[123.091,-16.293],[123.094,-16.294]]],[[[115.521,-21.428],[115.521,-21.426],[115.519,-21.427],[115.521,-21.428]]],[[[123.003,-16.484],[122.999,-16.484],[123.002,-16.485],[123.003,-16.484]]],[[[119.291,-34.505],[119.291,-34.503],[119.289,-34.503],[119.291,-34.505]]],[[[123.068,-16.396],[123.07,-16.393],[123.068,-16.394],[123.068,-16.396]]],[[[123.878,-16.344],[123.878,-16.342],[123.876,-16.342],[123.878,-16.344]]],[[[122.869,-34.002],[122.871,-34],[122.869,-34],[122.869,-34.002]]],[[[122.936,-33.962],[122.94,-33.96],[122.938,-33.96],[122.936,-33.962]]],[[[124.201,-16.308],[124.201,-16.307],[124.197,-16.306],[124.201,-16.308]]],[[[123.575,-16.21],[123.573,-16.208],[123.571,-16.208],[123.575,-16.21]]],[[[124.938,-16.387],[124.94,-16.386],[124.936,-16.386],[124.938,-16.387]]],[[[121.604,-34.043],[121.606,-34.041],[121.604,-34.041],[121.604,-34.043]]],[[[121.864,-34.058],[121.866,-34.056],[121.864,-34.056],[121.864,-34.058]]],[[[121.872,-34.043],[121.874,-34.042],[121.872,-34.041],[121.872,-34.043]]],[[[121.892,-34.143],[121.894,-34.142],[121.89,-34.142],[121.892,-34.143]]],[[[124.027,-16.241],[124.029,-16.24],[124.025,-16.24],[124.027,-16.241]]],[[[123.41,-16.344],[123.41,-16.342],[123.408,-16.342],[123.41,-16.344]]],[[[116.576,-20.693],[116.576,-20.691],[116.574,-20.691],[116.576,-20.693]]],[[[115.94,-20.879],[115.942,-20.881],[115.94,-20.877],[115.94,-20.879]]],[[[115.548,-20.632],[115.548,-20.63],[115.546,-20.63],[115.548,-20.632]]],[[[123.591,-16.36],[123.589,-16.357],[123.587,-16.356],[123.591,-16.36]]],[[[122.847,-34.131],[122.848,-34.129],[122.846,-34.129],[122.847,-34.131]]],[[[123.296,-16.12],[123.295,-16.118],[123.293,-16.118],[123.296,-16.12]]],[[[122.243,-34.029],[122.244,-34.027],[122.242,-34.027],[122.243,-34.029]]],[[[124.932,-14.912],[124.93,-14.907],[124.93,-14.909],[124.932,-14.912]]],[[[113.62,-24.863],[113.621,-24.862],[113.618,-24.861],[113.62,-24.863]]],[[[124.872,-15.279],[124.872,-15.277],[124.87,-15.277],[124.872,-15.279]]],[[[125.724,-14.279],[125.726,-14.278],[125.724,-14.277],[125.724,-14.279]]],[[[124.614,-15.489],[124.616,-15.488],[124.614,-15.487],[124.614,-15.489]]],[[[125.65,-14.069],[125.652,-14.066],[125.65,-14.067],[125.65,-14.069]]],[[[124.438,-15.372],[124.44,-15.371],[124.438,-15.37],[124.438,-15.372]]],[[[124.665,-15.153],[124.667,-15.148],[124.665,-15.151],[124.665,-15.153]]],[[[127.59,-14.137],[127.592,-14.136],[127.59,-14.135],[127.59,-14.137]]],[[[125.022,-15.319],[125.024,-15.317],[125.022,-15.317],[125.022,-15.319]]],[[[125.345,-14.51],[125.347,-14.509],[125.345,-14.508],[125.345,-14.51]]],[[[125.133,-14.919],[125.133,-14.917],[125.131,-14.918],[125.133,-14.919]]],[[[126.997,-13.766],[126.999,-13.765],[126.997,-13.764],[126.997,-13.766]]],[[[124.818,-15.315],[124.816,-15.312],[124.816,-15.314],[124.818,-15.315]]],[[[125.312,-14.297],[125.314,-14.293],[125.312,-14.295],[125.312,-14.297]]],[[[124.596,-15.487],[124.597,-15.485],[124.595,-15.485],[124.596,-15.487]]],[[[125.874,-14.064],[125.876,-14.062],[125.873,-14.063],[125.874,-14.064]]],[[[114.521,-21.958],[114.523,-21.956],[114.521,-21.956],[114.521,-21.958]]],[[[115.03,-21.266],[115.03,-21.264],[115.028,-21.264],[115.03,-21.266]]],[[[115.217,-21.511],[115.219,-21.51],[115.217,-21.509],[115.217,-21.511]]],[[[113.726,-28.456],[113.728,-28.453],[113.726,-28.454],[113.726,-28.456]]],[[[113.786,-28.476],[113.784,-28.474],[113.784,-28.476],[113.786,-28.476]]],[[[123.48,-16.285],[123.481,-16.283],[123.479,-16.283],[123.48,-16.285]]],[[[123.524,-16.287],[123.527,-16.285],[123.525,-16.285],[123.524,-16.287]]],[[[123.559,-16.348],[123.557,-16.346],[123.557,-16.348],[123.559,-16.348]]],[[[123.839,-16.256],[123.841,-16.252],[123.839,-16.254],[123.839,-16.256]]],[[[115.19,-30.83],[115.188,-30.827],[115.188,-30.829],[115.19,-30.83]]],[[[123.58,-16.262],[123.58,-16.26],[123.578,-16.262],[123.58,-16.262]]],[[[124.107,-16.235],[124.109,-16.235],[124.108,-16.233],[124.107,-16.235]]],[[[123.329,-16.161],[123.327,-16.161],[123.329,-16.163],[123.329,-16.161]]],[[[123.402,-16.29],[123.402,-16.288],[123.4,-16.286],[123.402,-16.29]]],[[[115.573,-20.635],[115.571,-20.632],[115.571,-20.634],[115.573,-20.635]]],[[[115.542,-20.483],[115.544,-20.48],[115.542,-20.481],[115.542,-20.483]]],[[[125.273,-15.084],[125.273,-15.082],[125.271,-15.082],[125.273,-15.084]]],[[[125.683,-14.386],[125.685,-14.386],[125.685,-14.384],[125.683,-14.386]]],[[[124.402,-15.339],[124.402,-15.341],[124.404,-15.34],[124.402,-15.339]]],[[[124.7,-15.196],[124.702,-15.194],[124.7,-15.194],[124.7,-15.196]]],[[[125.423,-14.405],[125.423,-14.403],[125.421,-14.403],[125.423,-14.405]]],[[[126.053,-14.35],[126.056,-14.348],[126.054,-14.348],[126.053,-14.35]]],[[[124.813,-15.228],[124.817,-15.226],[124.815,-15.226],[124.813,-15.228]]],[[[115.733,-21.144],[115.731,-21.142],[115.729,-21.142],[115.733,-21.144]]],[[[115.511,-21.455],[115.513,-21.453],[115.51,-21.454],[115.511,-21.455]]],[[[123.492,-16.237],[123.493,-16.236],[123.49,-16.235],[123.492,-16.237]]],[[[118.658,-34.703],[118.656,-34.705],[118.658,-34.705],[118.658,-34.703]]],[[[121.995,-34.123],[121.997,-34.123],[121.996,-34.121],[121.995,-34.123]]],[[[122.063,-34.059],[122.065,-34.058],[122.063,-34.057],[122.063,-34.059]]],[[[122.148,-34.205],[122.149,-34.203],[122.147,-34.203],[122.148,-34.205]]],[[[122.213,-34.15],[122.214,-34.148],[122.212,-34.148],[122.213,-34.15]]],[[[122.216,-34.371],[122.214,-34.373],[122.216,-34.373],[122.216,-34.371]]],[[[122.218,-34.263],[122.22,-34.261],[122.218,-34.261],[122.218,-34.263]]],[[[121.654,-34.028],[121.657,-34.026],[121.655,-34.026],[121.654,-34.028]]],[[[123.77,-16.165],[123.767,-16.16],[123.768,-16.163],[123.77,-16.165]]],[[[123.35,-16.451],[123.351,-16.448],[123.349,-16.45],[123.35,-16.451]]],[[[124.668,-15.156],[124.669,-15.155],[124.667,-15.153],[124.668,-15.156]]],[[[125.15,-14.464],[125.151,-14.463],[125.149,-14.461],[125.15,-14.464]]],[[[123.354,-16.037],[123.353,-16.036],[123.348,-16.035],[123.354,-16.037]]],[[[115.562,-20.636],[115.564,-20.634],[115.561,-20.635],[115.562,-20.636]]],[[[113.876,-28.666],[113.877,-28.666],[113.878,-28.662],[113.876,-28.666]]],[[[125.174,-14.796],[125.175,-14.793],[125.174,-14.792],[125.174,-14.796]]],[[[125.145,-14.772],[125.145,-14.768],[125.144,-14.77],[125.145,-14.772]]],[[[125.313,-14.272],[125.314,-14.27],[125.313,-14.268],[125.313,-14.272]]],[[[124.292,-15.286],[124.291,-15.29],[124.294,-15.282],[124.292,-15.286]]],[[[124.569,-15.922],[124.572,-15.919],[124.57,-15.92],[124.569,-15.922]]],[[[124.729,-15.271],[124.73,-15.27],[124.728,-15.269],[124.729,-15.271]]],[[[125.613,-14.237],[125.614,-14.235],[125.612,-14.236],[125.613,-14.237]]],[[[127.876,-14.472],[127.874,-14.473],[127.875,-14.474],[127.876,-14.472]]],[[[113.713,-28.464],[113.715,-28.461],[113.714,-28.461],[113.713,-28.464]]],[[[123.226,-34.054],[123.226,-34.053],[123.223,-34.053],[123.226,-34.054]]],[[[124.237,-16.296],[124.238,-16.294],[124.237,-16.293],[124.237,-16.296]]],[[[123.903,-34.093],[123.903,-34.09],[123.902,-34.091],[123.903,-34.093]]],[[[124.195,-16.332],[124.196,-16.329],[124.195,-16.329],[124.195,-16.332]]],[[[123.756,-16.113],[123.757,-16.113],[123.754,-16.11],[123.756,-16.113]]],[[[121.892,-33.903],[121.889,-33.902],[121.892,-33.904],[121.892,-33.903]]],[[[124.48,-16.104],[124.48,-16.101],[124.479,-16.103],[124.48,-16.104]]],[[[123.411,-16.341],[123.412,-16.339],[123.411,-16.338],[123.411,-16.341]]],[[[123.411,-16.352],[123.412,-16.351],[123.411,-16.349],[123.411,-16.352]]],[[[123.533,-34.36],[123.534,-34.359],[123.532,-34.358],[123.533,-34.36]]],[[[113.87,-26.389],[113.87,-26.386],[113.869,-26.387],[113.87,-26.389]]],[[[115.544,-20.514],[115.544,-20.517],[115.545,-20.509],[115.544,-20.514]]],[[[115.541,-20.6],[115.542,-20.6],[115.54,-20.597],[115.541,-20.6]]],[[[124.633,-15.783],[124.634,-15.782],[124.633,-15.78],[124.633,-15.783]]],[[[125.673,-14.176],[125.674,-14.171],[125.673,-14.173],[125.673,-14.176]]],[[[125.636,-14.206],[125.637,-14.205],[125.636,-14.203],[125.636,-14.206]]],[[[125.19,-14.46],[125.19,-14.457],[125.189,-14.46],[125.19,-14.46]]],[[[125.193,-14.973],[125.194,-14.971],[125.193,-14.97],[125.193,-14.973]]],[[[124.967,-15.121],[124.968,-15.12],[124.967,-15.118],[124.967,-15.121]]],[[[125.202,-14.683],[125.203,-14.686],[125.202,-14.68],[125.202,-14.683]]],[[[124.816,-14.966],[124.816,-14.963],[124.815,-14.966],[124.816,-14.966]]],[[[125.151,-14.781],[125.152,-14.78],[125.151,-14.778],[125.151,-14.781]]],[[[125.153,-14.784],[125.153,-14.781],[125.152,-14.783],[125.153,-14.784]]],[[[125.282,-15],[125.283,-14.998],[125.282,-14.997],[125.282,-15]]],[[[125.722,-14.315],[125.724,-14.314],[125.723,-14.313],[125.722,-14.315]]],[[[125.227,-14.634],[125.226,-14.63],[125.226,-14.633],[125.227,-14.634]]],[[[124.652,-15.431],[124.652,-15.428],[124.651,-15.429],[124.652,-15.431]]],[[[123.084,-16.43],[123.083,-16.428],[123.082,-16.429],[123.084,-16.43]]],[[[113.78,-28.74],[113.781,-28.738],[113.779,-28.739],[113.78,-28.74]]],[[[122.631,-33.992],[122.632,-33.991],[122.63,-33.99],[122.631,-33.992]]],[[[122.897,-33.965],[122.898,-33.963],[122.896,-33.964],[122.897,-33.965]]],[[[122.898,-33.978],[122.899,-33.977],[122.897,-33.976],[122.898,-33.978]]],[[[124.164,-33.721],[124.165,-33.719],[124.163,-33.72],[124.164,-33.721]]],[[[122.152,-34.217],[122.153,-34.215],[122.151,-34.216],[122.152,-34.217]]],[[[123.553,-16.21],[123.554,-16.209],[123.551,-16.209],[123.553,-16.21]]],[[[123.411,-16.379],[123.412,-16.378],[123.409,-16.378],[123.411,-16.379]]],[[[123.836,-16.901],[123.837,-16.9],[123.834,-16.9],[123.836,-16.901]]],[[[113.965,-28.873],[113.966,-28.871],[113.964,-28.872],[113.965,-28.873]]],[[[123.495,-16.382],[123.498,-16.382],[123.496,-16.381],[123.495,-16.382]]],[[[123.338,-16.178],[123.339,-16.177],[123.337,-16.176],[123.338,-16.178]]],[[[123.347,-16.151],[123.35,-16.151],[123.347,-16.15],[123.347,-16.151]]],[[[123.394,-16.135],[123.395,-16.133],[123.393,-16.134],[123.394,-16.135]]],[[[116.954,-20.663],[116.953,-20.662],[116.951,-20.663],[116.954,-20.663]]],[[[115.532,-20.632],[115.534,-20.631],[115.531,-20.631],[115.532,-20.632]]],[[[125.68,-14.361],[125.681,-14.359],[125.679,-14.36],[125.68,-14.361]]],[[[124.697,-15.204],[124.698,-15.202],[124.696,-15.203],[124.697,-15.204]]],[[[124.886,-15.026],[124.887,-15.025],[124.885,-15.024],[124.886,-15.026]]],[[[123.291,-16.133],[123.29,-16.131],[123.289,-16.132],[123.291,-16.133]]],[[[125.175,-14.845],[125.174,-14.843],[125.173,-14.844],[125.175,-14.845]]],[[[124.404,-15.507],[124.405,-15.506],[124.403,-15.505],[124.404,-15.507]]],[[[126.834,-13.972],[126.835,-13.97],[126.833,-13.971],[126.834,-13.972]]],[[[125.469,-14.565],[125.468,-14.563],[125.467,-14.564],[125.469,-14.565]]],[[[124.754,-14.99],[124.754,-14.989],[124.751,-14.989],[124.754,-14.99]]],[[[124.804,-15.305],[124.802,-15.304],[124.803,-15.306],[124.804,-15.305]]],[[[126.872,-13.982],[126.874,-13.981],[126.871,-13.981],[126.872,-13.982]]],[[[122.279,-17.156],[122.28,-17.155],[122.278,-17.154],[122.279,-17.156]]],[[[115.441,-21.358],[115.443,-21.357],[115.442,-21.356],[115.441,-21.358]]],[[[123.46,-16.142],[123.459,-16.14],[123.458,-16.141],[123.46,-16.142]]],[[[124.328,-16.418],[124.329,-16.416],[124.327,-16.417],[124.328,-16.418]]],[[[118.853,-20.225],[118.85,-20.222],[118.85,-20.223],[118.853,-20.225]]],[[[122.753,-34.046],[122.757,-34.045],[122.754,-34.045],[122.753,-34.046]]],[[[123.071,-34.073],[123.072,-34.072],[123.069,-34.072],[123.071,-34.073]]],[[[123.328,-16.397],[123.328,-16.396],[123.325,-16.395],[123.328,-16.397]]],[[[123.354,-16.165],[123.357,-16.165],[123.354,-16.164],[123.354,-16.165]]],[[[121.817,-33.909],[121.814,-33.909],[121.814,-33.91],[121.817,-33.909]]],[[[113.868,-25.804],[113.871,-25.803],[113.868,-25.803],[113.868,-25.804]]],[[[124.039,-16.053],[124.041,-16.052],[124.04,-16.051],[124.039,-16.053]]],[[[123.549,-16.332],[123.55,-16.331],[123.548,-16.33],[123.549,-16.332]]],[[[124.547,-15.403],[124.548,-15.401],[124.546,-15.402],[124.547,-15.403]]],[[[122.214,-34.15],[122.215,-34.152],[122.216,-34.151],[122.214,-34.15]]],[[[123.879,-16.32],[123.88,-16.319],[123.878,-16.318],[123.879,-16.32]]],[[[124.513,-15.122],[124.512,-15.124],[124.514,-15.123],[124.513,-15.122]]],[[[122.301,-17.151],[122.303,-17.15],[122.302,-17.149],[122.301,-17.151]]],[[[122.786,-16.762],[122.788,-16.761],[122.787,-16.76],[122.786,-16.762]]],[[[114.654,-21.647],[114.655,-21.645],[114.653,-21.646],[114.654,-21.647]]],[[[113.415,-26.092],[113.416,-26.091],[113.414,-26.09],[113.415,-26.092]]],[[[113.57,-26.365],[113.569,-26.364],[113.568,-26.366],[113.57,-26.365]]],[[[121.898,-34.135],[121.899,-34.133],[121.897,-34.134],[121.898,-34.135]]],[[[123.474,-16.145],[123.472,-16.142],[123.471,-16.142],[123.474,-16.145]]],[[[113.808,-28.477],[113.809,-28.475],[113.808,-28.474],[113.808,-28.477]]],[[[122.674,-33.923],[122.675,-33.921],[122.674,-33.92],[122.674,-33.923]]],[[[122.688,-34.016],[122.689,-34.014],[122.688,-34.013],[122.688,-34.016]]],[[[123.541,-16.202],[123.541,-16.199],[123.54,-16.198],[123.541,-16.202]]],[[[123.567,-16.34],[123.567,-16.337],[123.566,-16.338],[123.567,-16.34]]],[[[123.809,-16.207],[123.809,-16.204],[123.808,-16.206],[123.809,-16.207]]],[[[124.209,-15.934],[124.21,-15.933],[124.209,-15.931],[124.209,-15.934]]],[[[125.242,-14.673],[125.243,-14.671],[125.242,-14.67],[125.242,-14.673]]],[[[125.395,-14.402],[125.395,-14.399],[125.394,-14.401],[125.395,-14.402]]],[[[122.819,-33.911],[122.823,-33.908],[122.822,-33.908],[122.819,-33.911]]],[[[123.804,-16.268],[123.803,-16.264],[123.802,-16.263],[123.804,-16.268]]],[[[119.099,-19.59],[119.1,-19.593],[119.098,-19.584],[119.099,-19.59]]],[[[123.406,-16.604],[123.396,-16.6],[123.413,-16.607],[123.406,-16.604]]],[[[125.677,-14.385],[125.68,-14.381],[125.678,-14.383],[125.677,-14.385]]],[[[123.862,-16.322],[123.861,-16.32],[123.859,-16.318],[123.862,-16.322]]],[[[123.833,-16.153],[123.824,-16.148],[123.829,-16.151],[123.833,-16.153]]],[[[122.973,-33.91],[122.974,-33.909],[122.975,-33.906],[122.973,-33.91]]],[[[122.57,-34.011],[122.572,-34.011],[122.569,-34.01],[122.57,-34.011]]],[[[123.554,-33.993],[123.555,-33.992],[123.553,-33.992],[123.554,-33.993]]],[[[113.802,-28.484],[113.804,-28.482],[113.803,-28.482],[113.802,-28.484]]],[[[123.54,-17.29],[123.538,-17.288],[123.538,-17.289],[123.54,-17.29]]],[[[114.033,-25.655],[114.034,-25.654],[114.033,-25.653],[114.033,-25.655]]],[[[115.504,-21.48],[115.504,-21.479],[115.502,-21.48],[115.504,-21.48]]],[[[122.925,-16.385],[122.927,-16.385],[122.923,-16.384],[122.925,-16.385]]],[[[114.708,-21.565],[114.709,-21.564],[114.707,-21.564],[114.708,-21.565]]],[[[118.374,-34.943],[118.375,-34.944],[118.375,-34.942],[118.374,-34.943]]],[[[113.724,-28.463],[113.724,-28.461],[113.723,-28.461],[113.724,-28.463]]],[[[113.862,-28.67],[113.863,-28.668],[113.862,-28.668],[113.862,-28.67]]],[[[123.53,-16.095],[123.529,-16.092],[123.529,-16.094],[123.53,-16.095]]],[[[123.131,-16.452],[123.132,-16.451],[123.13,-16.451],[123.131,-16.452]]],[[[123.553,-16.215],[123.555,-16.214],[123.553,-16.214],[123.553,-16.215]]],[[[123.565,-16.332],[123.566,-16.332],[123.564,-16.33],[123.565,-16.332]]],[[[123.966,-33.631],[123.967,-33.63],[123.966,-33.629],[123.966,-33.631]]],[[[123.37,-16.495],[123.37,-16.494],[123.368,-16.494],[123.37,-16.495]]],[[[121.97,-33.929],[121.971,-33.928],[121.97,-33.927],[121.97,-33.929]]],[[[122.076,-34.218],[122.078,-34.216],[122.077,-34.216],[122.076,-34.218]]],[[[123.419,-16.506],[123.421,-16.505],[123.419,-16.505],[123.419,-16.506]]],[[[122.127,-34.143],[122.128,-34.143],[122.127,-34.141],[122.127,-34.143]]],[[[122.221,-34.131],[122.22,-34.133],[122.221,-34.133],[122.221,-34.131]]],[[[122.252,-34.036],[122.253,-34.035],[122.252,-34.034],[122.252,-34.036]]],[[[123.322,-16.161],[123.322,-16.159],[123.321,-16.158],[123.322,-16.161]]],[[[122.488,-34.195],[122.489,-34.195],[122.488,-34.193],[122.488,-34.195]]],[[[122.512,-33.965],[122.513,-33.963],[122.512,-33.963],[122.512,-33.965]]],[[[113.395,-26.058],[113.397,-26.057],[113.395,-26.057],[113.395,-26.058]]],[[[113.619,-26.416],[113.62,-26.415],[113.618,-26.415],[113.619,-26.416]]],[[[113.619,-26.408],[113.62,-26.407],[113.619,-26.406],[113.619,-26.408]]],[[[113.503,-26.227],[113.502,-26.228],[113.504,-26.228],[113.503,-26.227]]],[[[116.624,-20.667],[116.626,-20.666],[116.624,-20.666],[116.624,-20.667]]],[[[113.726,-26.585],[113.726,-26.583],[113.725,-26.583],[113.726,-26.585]]],[[[113.616,-26.452],[113.617,-26.451],[113.616,-26.45],[113.616,-26.452]]],[[[120.734,-33.901],[120.736,-33.899],[120.735,-33.899],[120.734,-33.901]]],[[[125.315,-14.335],[125.316,-14.334],[125.314,-14.334],[125.315,-14.335]]],[[[124.482,-15.468],[124.485,-15.466],[124.484,-15.466],[124.482,-15.468]]],[[[125.691,-14.144],[125.694,-14.142],[125.693,-14.142],[125.691,-14.144]]],[[[124.657,-15.167],[124.655,-15.165],[124.654,-15.165],[124.657,-15.167]]],[[[124.604,-15.262],[124.605,-15.259],[124.604,-15.26],[124.604,-15.262]]],[[[125.261,-14.98],[125.262,-14.98],[125.262,-14.978],[125.261,-14.98]]],[[[124.94,-14.917],[124.94,-14.915],[124.939,-14.914],[124.94,-14.917]]],[[[125.244,-14.913],[125.244,-14.911],[125.243,-14.912],[125.244,-14.913]]],[[[125.193,-14.476],[125.192,-14.475],[125.192,-14.477],[125.193,-14.476]]],[[[125.197,-15.122],[125.198,-15.12],[125.196,-15.122],[125.197,-15.122]]],[[[126.497,-13.955],[126.497,-13.953],[126.496,-13.954],[126.497,-13.955]]],[[[124.701,-15.211],[124.702,-15.21],[124.701,-15.209],[124.701,-15.211]]],[[[125.033,-14.651],[125.034,-14.65],[125.033,-14.649],[125.033,-14.651]]],[[[124.527,-15.24],[124.528,-15.238],[124.527,-15.238],[124.527,-15.24]]],[[[125.073,-14.574],[125.074,-14.57],[125.073,-14.572],[125.073,-14.574]]],[[[127.193,-13.9],[127.194,-13.899],[127.193,-13.898],[127.193,-13.9]]],[[[124.771,-15.019],[124.771,-15.017],[124.77,-15.018],[124.771,-15.019]]],[[[125.38,-14.33],[125.381,-14.329],[125.38,-14.328],[125.38,-14.33]]],[[[125.129,-14.67],[125.129,-14.668],[125.128,-14.668],[125.129,-14.67]]],[[[126.964,-13.739],[126.965,-13.737],[126.964,-13.737],[126.964,-13.739]]],[[[124.598,-15.5],[124.599,-15.498],[124.598,-15.498],[124.598,-15.5]]],[[[126.838,-13.954],[126.839,-13.953],[126.838,-13.952],[126.838,-13.954]]],[[[125.155,-14.645],[125.154,-14.641],[125.154,-14.643],[125.155,-14.645]]],[[[125.142,-14.756],[125.143,-14.755],[125.142,-14.754],[125.142,-14.756]]],[[[125.192,-14.949],[125.193,-14.949],[125.192,-14.947],[125.192,-14.949]]],[[[123.674,-15.868],[123.673,-15.865],[123.673,-15.867],[123.674,-15.868]]],[[[122.257,-17.168],[122.257,-17.166],[122.256,-17.166],[122.257,-17.168]]],[[[115.378,-21.445],[115.379,-21.445],[115.378,-21.443],[115.378,-21.445]]],[[[113.987,-28.871],[113.988,-28.871],[113.988,-28.869],[113.987,-28.871]]],[[[114.34,-22.488],[114.34,-22.486],[114.339,-22.487],[114.34,-22.488]]],[[[123.464,-16.168],[123.463,-16.166],[123.463,-16.168],[123.464,-16.168]]],[[[123.53,-16.63],[123.531,-16.629],[123.53,-16.628],[123.53,-16.63]]],[[[114.942,-30.139],[114.943,-30.137],[114.942,-30.137],[114.942,-30.139]]],[[[123.561,-16.032],[123.559,-16.03],[123.56,-16.032],[123.561,-16.032]]],[[[123.341,-16.176],[123.342,-16.176],[123.343,-16.174],[123.341,-16.176]]],[[[123.838,-16.238],[123.839,-16.236],[123.838,-16.236],[123.838,-16.238]]],[[[114.998,-30.442],[114.998,-30.44],[114.997,-30.441],[114.998,-30.442]]],[[[124.103,-16.233],[124.104,-16.231],[124.103,-16.231],[124.103,-16.233]]],[[[123.769,-16.264],[123.769,-16.262],[123.768,-16.263],[123.769,-16.264]]],[[[123.419,-16.329],[123.42,-16.325],[123.419,-16.327],[123.419,-16.329]]],[[[113.59,-26.49],[113.59,-26.488],[113.589,-26.489],[113.59,-26.49]]],[[[115.598,-21.276],[115.599,-21.273],[115.598,-21.274],[115.598,-21.276]]],[[[125.277,-14.655],[125.278,-14.654],[125.277,-14.653],[125.277,-14.655]]],[[[125.165,-14.79],[125.165,-14.788],[125.164,-14.786],[125.165,-14.79]]],[[[124.186,-15.338],[124.186,-15.337],[124.184,-15.337],[124.186,-15.338]]],[[[124.616,-15.023],[124.616,-15.021],[124.615,-15.02],[124.616,-15.023]]],[[[124.627,-15.508],[124.628,-15.508],[124.627,-15.506],[124.627,-15.508]]],[[[124.284,-15.937],[124.284,-15.936],[124.282,-15.936],[124.284,-15.937]]],[[[125.186,-14.469],[125.186,-14.467],[125.185,-14.468],[125.186,-14.469]]],[[[124.341,-15.924],[124.342,-15.924],[124.341,-15.922],[124.341,-15.924]]],[[[124.371,-15.331],[124.372,-15.33],[124.371,-15.329],[124.371,-15.331]]],[[[126.545,-14.012],[126.546,-14.014],[126.546,-14.012],[126.545,-14.012]]],[[[127.941,-14.539],[127.939,-14.539],[127.94,-14.54],[127.941,-14.539]]],[[[127.841,-14.373],[127.842,-14.371],[127.841,-14.371],[127.841,-14.373]]],[[[125.487,-14.482],[125.489,-14.48],[125.487,-14.481],[125.487,-14.482]]],[[[125.03,-15.52],[125.03,-15.518],[125.029,-15.518],[125.03,-15.52]]],[[[128.115,-15.158],[128.116,-15.157],[128.115,-15.156],[128.115,-15.158]]],[[[125.406,-14.398],[125.404,-14.396],[125.404,-14.397],[125.406,-14.398]]],[[[125.401,-14.477],[125.403,-14.476],[125.401,-14.476],[125.401,-14.477]]],[[[124.832,-15.29],[124.834,-15.288],[124.833,-15.288],[124.832,-15.29]]],[[[125.978,-14.391],[125.98,-14.391],[125.98,-14.39],[125.978,-14.391]]],[[[124.823,-14.968],[124.825,-14.966],[124.823,-14.967],[124.823,-14.968]]],[[[126.837,-13.966],[126.837,-13.964],[126.836,-13.966],[126.837,-13.966]]],[[[113.876,-28.915],[113.878,-28.913],[113.877,-28.913],[113.876,-28.915]]],[[[115.205,-34.414],[115.207,-34.414],[115.206,-34.413],[115.205,-34.414]]],[[[114.549,-21.874],[114.549,-21.873],[114.547,-21.873],[114.549,-21.874]]],[[[122.661,-33.986],[122.662,-33.985],[122.66,-33.985],[122.661,-33.986]]],[[[122.714,-33.952],[122.714,-33.95],[122.713,-33.951],[122.714,-33.952]]],[[[123.546,-16.333],[123.546,-16.332],[123.544,-16.331],[123.546,-16.333]]],[[[123.017,-33.864],[123.018,-33.863],[123.017,-33.862],[123.017,-33.864]]],[[[124.08,-33.73],[124.078,-33.73],[124.081,-33.731],[124.08,-33.73]]],[[[123.146,-34.004],[123.147,-34.003],[123.146,-34.002],[123.146,-34.004]]],[[[121.648,-34.017],[121.645,-34.018],[121.647,-34.018],[121.648,-34.017]]],[[[124.088,-16.258],[124.09,-16.258],[124.088,-16.257],[124.088,-16.258]]],[[[121.864,-33.916],[121.864,-33.915],[121.862,-33.915],[121.864,-33.916]]],[[[122.162,-34.077],[122.161,-34.075],[122.161,-34.077],[122.162,-34.077]]],[[[121.976,-33.976],[121.977,-33.975],[121.975,-33.975],[121.976,-33.976]]],[[[123.412,-16.377],[123.412,-16.376],[123.41,-16.376],[123.412,-16.377]]],[[[122.15,-34.223],[122.148,-34.224],[122.15,-34.224],[122.15,-34.223]]],[[[122.275,-33.977],[122.275,-33.975],[122.274,-33.976],[122.275,-33.977]]],[[[123.447,-16.08],[123.451,-16.078],[123.448,-16.079],[123.447,-16.08]]],[[[119.493,-20.014],[119.497,-20.012],[119.498,-20.011],[119.493,-20.014]]],[[[123.867,-16.233],[123.866,-16.232],[123.863,-16.231],[123.867,-16.233]]],[[[114.379,-22.195],[114.381,-22.195],[114.379,-22.194],[114.379,-22.195]]],[[[114.72,-21.613],[114.72,-21.612],[114.718,-21.612],[114.72,-21.613]]],[[[113.677,-28.459],[113.679,-28.458],[113.677,-28.458],[113.677,-28.459]]],[[[114.001,-28.872],[114.003,-28.871],[114.001,-28.871],[114.001,-28.872]]],[[[113.884,-28.631],[113.884,-28.63],[113.882,-28.63],[113.884,-28.631]]],[[[124.411,-16.541],[124.413,-16.539],[124.411,-16.54],[124.411,-16.541]]],[[[123.482,-16.369],[123.482,-16.368],[123.48,-16.366],[123.482,-16.369]]],[[[115.114,-30.657],[115.116,-30.657],[115.115,-30.656],[115.114,-30.657]]],[[[123.858,-16.282],[123.86,-16.28],[123.858,-16.281],[123.858,-16.282]]],[[[123.401,-16.169],[123.401,-16.168],[123.399,-16.169],[123.401,-16.169]]],[[[124.013,-16.241],[124.015,-16.241],[124.011,-16.24],[124.013,-16.241]]],[[[123.431,-16.077],[123.431,-16.076],[123.429,-16.076],[123.431,-16.077]]],[[[113.907,-25.959],[113.907,-25.958],[113.905,-25.957],[113.907,-25.959]]],[[[125.274,-14.925],[125.274,-14.924],[125.272,-14.924],[125.274,-14.925]]],[[[125.241,-14.509],[125.243,-14.506],[125.241,-14.508],[125.241,-14.509]]],[[[125.214,-14.46],[125.216,-14.459],[125.214,-14.459],[125.214,-14.46]]],[[[124.668,-15.425],[124.67,-15.422],[124.668,-15.424],[124.668,-15.425]]],[[[124.63,-15.791],[124.63,-15.79],[124.628,-15.788],[124.63,-15.791]]],[[[124.997,-15.332],[124.997,-15.331],[124.995,-15.33],[124.997,-15.332]]],[[[125.756,-14.326],[125.756,-14.325],[125.754,-14.325],[125.756,-14.326]]],[[[125.284,-14.916],[125.286,-14.916],[125.284,-14.915],[125.284,-14.916]]],[[[115.443,-21.541],[115.446,-21.54],[115.444,-21.54],[115.443,-21.541]]],[[[113.713,-28.475],[113.714,-28.474],[113.712,-28.474],[113.713,-28.475]]],[[[113.873,-28.917],[113.874,-28.916],[113.872,-28.916],[113.873,-28.917]]],[[[113.865,-28.91],[113.864,-28.911],[113.866,-28.911],[113.865,-28.91]]],[[[124.008,-16.242],[124.009,-16.241],[124.007,-16.241],[124.008,-16.242]]],[[[115.504,-20.648],[115.505,-20.647],[115.503,-20.647],[115.504,-20.648]]],[[[125.168,-14.842],[125.169,-14.841],[125.167,-14.841],[125.168,-14.842]]],[[[125.192,-14.464],[125.193,-14.463],[125.191,-14.463],[125.192,-14.464]]],[[[124.439,-15.534],[124.44,-15.533],[124.438,-15.533],[124.439,-15.534]]],[[[124.672,-15.46],[124.673,-15.459],[124.671,-15.459],[124.672,-15.46]]],[[[123.711,-15.869],[123.707,-15.867],[123.708,-15.868],[123.711,-15.869]]],[[[126.71,-13.943],[126.711,-13.942],[126.708,-13.943],[126.71,-13.943]]],[[[124.932,-14.539],[124.932,-14.538],[124.93,-14.539],[124.932,-14.539]]],[[[124.64,-15.429],[124.642,-15.427],[124.64,-15.428],[124.64,-15.429]]],[[[125.238,-14.411],[125.24,-14.41],[125.238,-14.41],[125.238,-14.411]]],[[[124.424,-15.253],[124.426,-15.251],[124.424,-15.252],[124.424,-15.253]]],[[[125.511,-14.437],[125.512,-14.436],[125.51,-14.436],[125.511,-14.437]]],[[[125.474,-14.421],[125.476,-14.421],[125.475,-14.42],[125.474,-14.421]]],[[[125.472,-15.004],[125.472,-15.003],[125.47,-15.002],[125.472,-15.004]]],[[[124.676,-15.492],[124.678,-15.49],[124.678,-15.489],[124.676,-15.492]]],[[[124.454,-15.981],[124.452,-15.983],[124.452,-15.984],[124.454,-15.981]]],[[[124.524,-15.442],[124.523,-15.441],[124.522,-15.442],[124.524,-15.442]]],[[[126.03,-14.211],[126.031,-14.212],[126.032,-14.211],[126.03,-14.211]]],[[[125.148,-14.461],[125.148,-14.46],[125.146,-14.461],[125.148,-14.461]]],[[[115.339,-20.961],[115.341,-20.96],[115.339,-20.96],[115.339,-20.961]]],[[[114.775,-21.551],[114.776,-21.55],[114.774,-21.55],[114.775,-21.551]]],[[[117.677,-35.073],[117.679,-35.072],[117.677,-35.072],[117.677,-35.073]]],[[[117.973,-35.076],[117.975,-35.076],[117.975,-35.075],[117.973,-35.076]]],[[[115.716,-32.563],[115.714,-32.565],[115.716,-32.564],[115.716,-32.563]]],[[[123.062,-16.277],[123.06,-16.277],[123.061,-16.278],[123.062,-16.277]]],[[[124.079,-33.736],[124.08,-33.735],[124.078,-33.735],[124.079,-33.736]]],[[[123.341,-16.057],[123.341,-16.056],[123.339,-16.056],[123.341,-16.057]]],[[[123.839,-16.258],[123.841,-16.257],[123.839,-16.257],[123.839,-16.258]]],[[[122.656,-33.992],[122.657,-33.991],[122.655,-33.991],[122.656,-33.992]]],[[[121.924,-34.14],[121.926,-34.14],[121.925,-34.139],[121.924,-34.14]]],[[[121.973,-33.928],[121.973,-33.927],[121.971,-33.927],[121.973,-33.928]]],[[[121.985,-33.93],[121.985,-33.929],[121.983,-33.93],[121.985,-33.93]]],[[[122.02,-34.164],[122.022,-34.162],[122.018,-34.165],[122.02,-34.164]]],[[[122.024,-33.978],[122.025,-33.979],[122.026,-33.978],[122.024,-33.978]]],[[[123.431,-16.156],[123.432,-16.155],[123.43,-16.155],[123.431,-16.156]]],[[[123.323,-16.144],[123.324,-16.143],[123.322,-16.143],[123.323,-16.144]]],[[[122.298,-33.983],[122.3,-33.98],[122.298,-33.982],[122.298,-33.983]]],[[[123.444,-16.077],[123.446,-16.078],[123.442,-16.075],[123.444,-16.077]]],[[[122.507,-34.195],[122.509,-34.194],[122.507,-34.194],[122.507,-34.195]]],[[[113.829,-28.669],[113.827,-28.667],[113.827,-28.668],[113.829,-28.669]]],[[[123.667,-33.85],[123.669,-33.848],[123.668,-33.848],[123.667,-33.85]]],[[[116.727,-35.048],[116.726,-35.049],[116.73,-35.047],[116.727,-35.048]]],[[[113.772,-28.463],[113.773,-28.462],[113.772,-28.461],[113.772,-28.463]]],[[[113.813,-28.466],[113.814,-28.463],[113.813,-28.464],[113.813,-28.466]]],[[[123.532,-16.158],[123.532,-16.156],[123.531,-16.156],[123.532,-16.158]]],[[[123.224,-34.051],[123.225,-34.05],[123.224,-34.049],[123.224,-34.051]]],[[[123.837,-16.248],[123.838,-16.248],[123.837,-16.246],[123.837,-16.248]]],[[[122.721,-33.898],[122.722,-33.897],[122.721,-33.896],[122.721,-33.898]]],[[[121.981,-34.125],[121.98,-34.127],[121.981,-34.127],[121.981,-34.125]]],[[[124.377,-16.234],[124.377,-16.232],[124.376,-16.232],[124.377,-16.234]]],[[[123.425,-16.132],[123.425,-16.13],[123.424,-16.129],[123.425,-16.132]]],[[[122.197,-34.017],[122.198,-34.016],[122.197,-34.015],[122.197,-34.017]]],[[[113.57,-26.365],[113.569,-26.366],[113.57,-26.367],[113.57,-26.365]]],[[[125.278,-14.426],[125.279,-14.423],[125.278,-14.424],[125.278,-14.426]]],[[[124.843,-15.283],[124.843,-15.285],[124.844,-15.284],[124.843,-15.283]]],[[[125.225,-15.557],[125.225,-15.555],[125.224,-15.555],[125.225,-15.557]]],[[[124.638,-15.428],[124.639,-15.426],[124.638,-15.426],[124.638,-15.428]]],[[[124.374,-15.403],[124.374,-15.401],[124.373,-15.402],[124.374,-15.403]]],[[[125.001,-15.439],[125.002,-15.435],[125.001,-15.437],[125.001,-15.439]]],[[[125.038,-14.804],[125.038,-14.802],[125.037,-14.803],[125.038,-14.804]]],[[[125.418,-14.563],[125.419,-14.562],[125.418,-14.561],[125.418,-14.563]]],[[[125.105,-14.503],[125.106,-14.499],[125.105,-14.501],[125.105,-14.503]]],[[[125.38,-14.333],[125.381,-14.331],[125.379,-14.333],[125.38,-14.333]]],[[[114.471,-22.183],[114.472,-22.183],[114.471,-22.181],[114.471,-22.183]]],[[[114.004,-28.874],[114.005,-28.873],[114.004,-28.872],[114.004,-28.874]]],[[[113.922,-28.89],[113.922,-28.888],[113.921,-28.89],[113.922,-28.89]]],[[[114.151,-22.444],[114.151,-22.442],[114.15,-22.443],[114.151,-22.444]]],[[[113.787,-28.776],[113.788,-28.775],[113.787,-28.774],[113.787,-28.776]]],[[[123.48,-16.372],[123.481,-16.371],[123.48,-16.37],[123.48,-16.372]]],[[[123.507,-16.381],[123.508,-16.381],[123.503,-16.379],[123.507,-16.381]]],[[[114.971,-30.272],[114.972,-30.272],[114.971,-30.27],[114.971,-30.272]]],[[[115.046,-30.523],[115.047,-30.523],[115.046,-30.521],[115.046,-30.523]]],[[[123.688,-15.902],[123.689,-15.901],[123.688,-15.9],[123.688,-15.902]]],[[[123.418,-16.14],[123.419,-16.14],[123.418,-16.138],[123.418,-16.14]]],[[[123.931,-16.154],[123.931,-16.152],[123.93,-16.152],[123.931,-16.154]]],[[[113.566,-26.444],[113.567,-26.443],[113.566,-26.442],[113.566,-26.444]]],[[[115.54,-20.634],[115.541,-20.633],[115.54,-20.632],[115.54,-20.634]]],[[[124.311,-15.337],[124.312,-15.336],[124.311,-15.335],[124.311,-15.337]]],[[[124.937,-14.927],[124.937,-14.925],[124.936,-14.926],[124.937,-14.927]]],[[[125.656,-14.395],[125.657,-14.395],[125.657,-14.393],[125.656,-14.395]]],[[[125.189,-14.806],[125.189,-14.804],[125.188,-14.805],[125.189,-14.806]]],[[[125.218,-14.462],[125.219,-14.461],[125.218,-14.46],[125.218,-14.462]]],[[[124.439,-15.328],[124.439,-15.326],[124.438,-15.327],[124.439,-15.328]]],[[[124.674,-15.478],[124.675,-15.477],[124.674,-15.476],[124.674,-15.478]]],[[[125.022,-14.536],[125.023,-14.535],[125.022,-14.534],[125.022,-14.536]]],[[[125.094,-14.588],[125.094,-14.586],[125.093,-14.586],[125.094,-14.588]]],[[[125.133,-14.751],[125.133,-14.749],[125.132,-14.75],[125.133,-14.751]]],[[[122.026,-34.066],[122.025,-34.068],[122.026,-34.068],[122.026,-34.066]]],[[[122.111,-34.099],[122.112,-34.099],[122.113,-34.097],[122.111,-34.099]]],[[[113.913,-28.908],[113.914,-28.905],[113.911,-28.912],[113.913,-28.908]]],[[[121.886,-34.048],[121.888,-34.049],[121.885,-34.047],[121.886,-34.048]]],[[[123.681,-17.025],[123.68,-17.023],[123.679,-17.022],[123.681,-17.025]]],[[[115,-34.051],[115,-34.05],[114.999,-34.05],[115,-34.051]]],[[[115.035,-34.273],[115.036,-34.272],[115.035,-34.272],[115.035,-34.273]]],[[[115.162,-34.389],[115.162,-34.388],[115.161,-34.389],[115.162,-34.389]]],[[[118.07,-35.065],[118.07,-35.066],[118.071,-35.065],[118.07,-35.065]]],[[[116.486,-35.033],[116.488,-35.032],[116.487,-35.032],[116.486,-35.033]]],[[[122.625,-33.996],[122.626,-33.994],[122.625,-33.995],[122.625,-33.996]]],[[[122.665,-33.99],[122.665,-33.989],[122.664,-33.99],[122.665,-33.99]]],[[[122.69,-33.932],[122.69,-33.931],[122.689,-33.932],[122.69,-33.932]]],[[[122.758,-34.045],[122.759,-34.044],[122.758,-34.044],[122.758,-34.045]]],[[[123.734,-33.831],[123.735,-33.829],[123.734,-33.83],[123.734,-33.831]]],[[[122.993,-33.904],[122.994,-33.903],[122.993,-33.903],[122.993,-33.904]]],[[[123.342,-33.92],[123.342,-33.919],[123.341,-33.919],[123.342,-33.92]]],[[[121.985,-33.993],[121.986,-33.992],[121.985,-33.992],[121.985,-33.993]]],[[[115.551,-32.02],[115.552,-32.02],[115.55,-32.019],[115.551,-32.02]]],[[[124.202,-16.336],[124.201,-16.334],[124.201,-16.335],[124.202,-16.336]]],[[[124.023,-16.241],[124.022,-16.24],[124.021,-16.24],[124.023,-16.241]]],[[[113.168,-24.799],[113.168,-24.798],[113.167,-24.798],[113.168,-24.799]]],[[[114.879,-29.808],[114.879,-29.807],[114.878,-29.807],[114.879,-29.808]]],[[[122.154,-16.861],[122.155,-16.86],[122.154,-16.86],[122.154,-16.861]]],[[[122.171,-18.267],[122.17,-18.266],[122.17,-18.267],[122.171,-18.267]]],[[[122.202,-18.244],[122.203,-18.242],[122.202,-18.243],[122.202,-18.244]]],[[[115.504,-21.469],[115.503,-21.468],[115.503,-21.469],[115.504,-21.469]]],[[[114.428,-22.219],[114.429,-22.219],[114.428,-22.218],[114.428,-22.219]]],[[[114.46,-22.21],[114.461,-22.209],[114.46,-22.209],[114.46,-22.21]]],[[[114.601,-21.873],[114.602,-21.873],[114.6,-21.872],[114.601,-21.873]]],[[[115.432,-21.373],[115.432,-21.372],[115.431,-21.373],[115.432,-21.373]]],[[[114.017,-28.852],[114.018,-28.851],[114.017,-28.851],[114.017,-28.852]]],[[[114.006,-28.899],[114.007,-28.898],[114.006,-28.898],[114.006,-28.899]]],[[[113.717,-28.452],[113.717,-28.451],[113.716,-28.451],[113.717,-28.452]]],[[[113.74,-28.495],[113.741,-28.495],[113.74,-28.494],[113.74,-28.495]]],[[[113.743,-28.477],[113.744,-28.476],[113.743,-28.476],[113.743,-28.477]]],[[[113.878,-28.873],[113.878,-28.872],[113.877,-28.872],[113.878,-28.873]]],[[[113.787,-28.733],[113.787,-28.732],[113.786,-28.732],[113.787,-28.733]]],[[[113.818,-28.742],[113.818,-28.741],[113.817,-28.741],[113.818,-28.742]]],[[[113.698,-28.474],[113.699,-28.474],[113.699,-28.473],[113.698,-28.474]]],[[[113.708,-28.469],[113.708,-28.468],[113.707,-28.468],[113.708,-28.469]]],[[[124.453,-16.059],[124.453,-16.058],[124.452,-16.059],[124.453,-16.059]]],[[[123.878,-16.236],[123.879,-16.236],[123.877,-16.235],[123.878,-16.236]]],[[[123.079,-16.414],[123.08,-16.413],[123.079,-16.413],[123.079,-16.414]]],[[[123.482,-16.366],[123.482,-16.365],[123.481,-16.365],[123.482,-16.366]]],[[[123.885,-16.289],[123.885,-16.288],[123.884,-16.287],[123.885,-16.289]]],[[[123.111,-16.442],[123.111,-16.441],[123.11,-16.441],[123.111,-16.442]]],[[[123.134,-16.382],[123.135,-16.381],[123.134,-16.381],[123.134,-16.382]]],[[[123.143,-16.393],[123.144,-16.392],[123.143,-16.392],[123.143,-16.393]]],[[[123.148,-16.439],[123.149,-16.437],[123.148,-16.438],[123.148,-16.439]]],[[[123.513,-16.015],[123.513,-16.014],[123.512,-16.014],[123.513,-16.015]]],[[[123.285,-16.129],[123.286,-16.129],[123.286,-16.128],[123.285,-16.129]]],[[[123.613,-16.358],[123.614,-16.358],[123.611,-16.357],[123.613,-16.358]]],[[[114.999,-30.35],[115,-30.349],[114.999,-30.349],[114.999,-30.35]]],[[[123.304,-16.302],[123.304,-16.301],[123.303,-16.3],[123.304,-16.302]]],[[[123.542,-16.222],[123.543,-16.222],[123.542,-16.221],[123.542,-16.222]]],[[[123.556,-16.216],[123.557,-16.216],[123.557,-16.215],[123.556,-16.216]]],[[[123.682,-17.027],[123.682,-17.026],[123.681,-17.026],[123.682,-17.027]]],[[[114.996,-30.317],[114.997,-30.317],[114.997,-30.316],[114.996,-30.317]]],[[[115.006,-30.312],[115.006,-30.311],[115.005,-30.312],[115.006,-30.312]]],[[[123.322,-16.172],[123.322,-16.171],[123.321,-16.171],[123.322,-16.172]]],[[[123.833,-16.279],[123.834,-16.277],[123.833,-16.278],[123.833,-16.279]]],[[[123.567,-16.17],[123.568,-16.17],[123.567,-16.169],[123.567,-16.17]]],[[[114.998,-30.442],[114.997,-30.442],[114.997,-30.443],[114.998,-30.442]]],[[[123.346,-16.416],[123.347,-16.415],[123.345,-16.416],[123.346,-16.416]]],[[[123.817,-16.187],[123.818,-16.187],[123.817,-16.186],[123.817,-16.187]]],[[[123.589,-16.233],[123.589,-16.232],[123.588,-16.231],[123.589,-16.233]]],[[[123.373,-16.122],[123.372,-16.121],[123.372,-16.122],[123.373,-16.122]]],[[[123.62,-16.123],[123.62,-16.122],[123.619,-16.123],[123.62,-16.123]]],[[[123.402,-16.059],[123.402,-16.058],[123.401,-16.058],[123.402,-16.059]]],[[[123.989,-16.076],[123.988,-16.075],[123.988,-16.076],[123.989,-16.076]]],[[[123.089,-16.445],[123.09,-16.445],[123.088,-16.444],[123.089,-16.445]]],[[[123.212,-16.433],[123.212,-16.432],[123.211,-16.432],[123.212,-16.433]]],[[[123.438,-16.154],[123.438,-16.153],[123.437,-16.154],[123.438,-16.154]]],[[[123.444,-16.224],[123.445,-16.223],[123.443,-16.224],[123.444,-16.224]]],[[[113.571,-26.488],[113.572,-26.487],[113.571,-26.487],[113.571,-26.488]]],[[[113.512,-26.341],[113.512,-26.34],[113.511,-26.34],[113.512,-26.341]]],[[[113.404,-26.103],[113.405,-26.102],[113.405,-26.101],[113.404,-26.103]]],[[[113.576,-26.094],[113.577,-26.094],[113.577,-26.093],[113.576,-26.094]]],[[[113.724,-26.582],[113.724,-26.581],[113.723,-26.582],[113.724,-26.582]]],[[[113.666,-26.614],[113.667,-26.613],[113.666,-26.613],[113.666,-26.614]]],[[[113.157,-25.91],[113.158,-25.909],[113.157,-25.909],[113.157,-25.91]]],[[[117.241,-20.655],[117.241,-20.654],[117.24,-20.654],[117.241,-20.655]]],[[[117.963,-20.549],[117.964,-20.548],[117.963,-20.548],[117.963,-20.549]]],[[[115.836,-21.135],[115.835,-21.133],[115.835,-21.134],[115.836,-21.135]]],[[[115.574,-20.64],[115.575,-20.64],[115.575,-20.639],[115.574,-20.64]]],[[[115.557,-20.628],[115.558,-20.628],[115.557,-20.627],[115.557,-20.628]]],[[[117.449,-20.751],[117.449,-20.75],[117.448,-20.751],[117.449,-20.751]]],[[[125.18,-14.835],[125.179,-14.834],[125.179,-14.835],[125.18,-14.835]]],[[[125.162,-15.092],[125.161,-15.091],[125.161,-15.092],[125.162,-15.092]]],[[[125.714,-14.098],[125.713,-14.097],[125.713,-14.098],[125.714,-14.098]]],[[[125.224,-15.553],[125.223,-15.552],[125.223,-15.553],[125.224,-15.553]]],[[[124.928,-14.906],[124.929,-14.905],[124.928,-14.905],[124.928,-14.906]]],[[[125.256,-14.393],[125.257,-14.392],[125.255,-14.393],[125.256,-14.393]]],[[[125.663,-14.4],[125.664,-14.398],[125.663,-14.399],[125.663,-14.4]]],[[[125.188,-14.46],[125.188,-14.459],[125.187,-14.46],[125.188,-14.46]]],[[[125.238,-14.412],[125.237,-14.411],[125.237,-14.412],[125.238,-14.412]]],[[[124.391,-15.334],[124.39,-15.335],[124.391,-15.335],[124.391,-15.334]]],[[[125.199,-14.694],[125.199,-14.693],[125.198,-14.694],[125.199,-14.694]]],[[[125.221,-15.121],[125.222,-15.12],[125.22,-15.121],[125.221,-15.121]]],[[[127.512,-14.085],[127.513,-14.085],[127.514,-14.084],[127.512,-14.085]]],[[[125.512,-14.422],[125.512,-14.421],[125.511,-14.422],[125.512,-14.422]]],[[[125.509,-14.457],[125.509,-14.456],[125.508,-14.457],[125.509,-14.457]]],[[[124.455,-15.896],[124.455,-15.895],[124.454,-15.895],[124.455,-15.896]]],[[[125.491,-14.428],[125.492,-14.426],[125.491,-14.427],[125.491,-14.428]]],[[[126.297,-13.97],[126.298,-13.969],[126.297,-13.969],[126.297,-13.97]]],[[[125.028,-15.303],[125.028,-15.302],[125.027,-15.302],[125.028,-15.303]]],[[[124.315,-15.335],[124.315,-15.334],[124.314,-15.334],[124.315,-15.335]]],[[[124.72,-15.078],[124.721,-15.079],[124.721,-15.078],[124.72,-15.078]]],[[[125.031,-15.31],[125.031,-15.309],[125.03,-15.309],[125.031,-15.31]]],[[[125.414,-14.377],[125.415,-14.376],[125.414,-14.376],[125.414,-14.377]]],[[[124.531,-15.387],[124.531,-15.386],[124.53,-15.386],[124.531,-15.387]]],[[[124.588,-15.512],[124.589,-15.511],[124.588,-15.511],[124.588,-15.512]]],[[[125.973,-14.528],[125.974,-14.527],[125.973,-14.527],[125.973,-14.528]]],[[[125.319,-14.396],[125.319,-14.395],[125.318,-14.395],[125.319,-14.396]]],[[[124.815,-15.21],[124.816,-15.21],[124.815,-15.209],[124.815,-15.21]]],[[[126.842,-13.941],[126.843,-13.941],[126.842,-13.94],[126.842,-13.941]]],[[[124.848,-14.997],[124.849,-14.996],[124.849,-14.995],[124.848,-14.997]]],[[[125.155,-15.028],[125.155,-15.027],[125.154,-15.027],[125.155,-15.028]]],[[[123.16,-15.523],[123.161,-15.522],[123.16,-15.522],[123.16,-15.523]]],[[[124.364,-15.356],[124.366,-15.355],[124.363,-15.356],[124.364,-15.356]]],[[[124.872,-15.279],[124.872,-15.28],[124.873,-15.281],[124.872,-15.279]]],[[[125.279,-14.988],[125.28,-14.988],[125.278,-14.987],[125.279,-14.988]]],[[[125.163,-15.096],[125.164,-15.096],[125.163,-15.095],[125.163,-15.096]]],[[[125.193,-14.476],[125.193,-14.477],[125.194,-14.476],[125.193,-14.476]]],[[[125.224,-15.107],[125.224,-15.106],[125.223,-15.105],[125.224,-15.107]]],[[[124.887,-14.889],[124.888,-14.888],[124.887,-14.888],[124.887,-14.889]]],[[[125.271,-14.926],[125.272,-14.926],[125.272,-14.925],[125.271,-14.926]]],[[[125.269,-14.641],[125.268,-14.64],[125.268,-14.641],[125.269,-14.641]]],[[[125.169,-15.024],[125.17,-15.024],[125.169,-15.023],[125.169,-15.024]]],[[[125.258,-14.649],[125.259,-14.648],[125.258,-14.648],[125.258,-14.649]]],[[[125.225,-15.557],[125.225,-15.558],[125.226,-15.558],[125.225,-15.557]]],[[[126.598,-13.881],[126.597,-13.882],[126.597,-13.883],[126.598,-13.881]]],[[[124.628,-15.506],[124.629,-15.505],[124.628,-15.505],[124.628,-15.506]]],[[[125.685,-14.421],[125.686,-14.421],[125.685,-14.42],[125.685,-14.421]]],[[[124.289,-15.936],[124.289,-15.935],[124.288,-15.935],[124.289,-15.936]]],[[[124.317,-15.359],[124.318,-15.359],[124.318,-15.358],[124.317,-15.359]]],[[[124.326,-15.062],[124.327,-15.06],[124.326,-15.061],[124.326,-15.062]]],[[[124.943,-15.064],[124.943,-15.063],[124.942,-15.063],[124.943,-15.064]]],[[[125.184,-14.85],[125.185,-14.849],[125.184,-14.849],[125.184,-14.85]]],[[[125.238,-15.081],[125.239,-15.08],[125.238,-15.08],[125.238,-15.081]]],[[[124.369,-15.235],[124.37,-15.234],[124.369,-15.234],[124.369,-15.235]]],[[[124.38,-15.658],[124.381,-15.658],[124.381,-15.657],[124.38,-15.658]]],[[[125.607,-14.235],[125.608,-14.234],[125.607,-14.234],[125.607,-14.235]]],[[[124.393,-15.336],[124.394,-15.334],[124.393,-15.335],[124.393,-15.336]]],[[[124.397,-15.33],[124.397,-15.329],[124.396,-15.33],[124.397,-15.33]]],[[[125.202,-14.543],[125.202,-14.542],[125.201,-14.543],[125.202,-14.543]]],[[[127.517,-14.062],[127.518,-14.061],[127.517,-14.061],[127.517,-14.062]]],[[[126.497,-13.955],[126.497,-13.956],[126.498,-13.956],[126.497,-13.955]]],[[[127.518,-14.067],[127.519,-14.068],[127.519,-14.067],[127.518,-14.067]]],[[[126.298,-13.968],[126.299,-13.968],[126.298,-13.967],[126.298,-13.968]]],[[[125,-15.437],[125,-15.436],[124.999,-15.437],[125,-15.437]]],[[[125.009,-14.475],[125.009,-14.474],[125.008,-14.475],[125.009,-14.475]]],[[[124.461,-15.323],[124.46,-15.321],[124.46,-15.322],[124.461,-15.323]]],[[[124.473,-15.34],[124.474,-15.34],[124.473,-15.339],[124.473,-15.34]]],[[[124.7,-15.259],[124.699,-15.257],[124.7,-15.26],[124.7,-15.259]]],[[[124.305,-15.356],[124.305,-15.355],[124.304,-15.355],[124.305,-15.356]]],[[[124.307,-15.362],[124.306,-15.361],[124.306,-15.362],[124.307,-15.362]]],[[[124.491,-15.296],[124.492,-15.295],[124.491,-15.295],[124.491,-15.296]]],[[[124.706,-15.767],[124.707,-15.766],[124.705,-15.767],[124.706,-15.767]]],[[[126.137,-13.724],[126.137,-13.723],[126.136,-13.723],[126.137,-13.724]]],[[[125.424,-14.57],[125.424,-14.569],[125.423,-14.569],[125.424,-14.57]]],[[[125.038,-15.318],[125.039,-15.317],[125.038,-15.317],[125.038,-15.318]]],[[[125.415,-14.558],[125.415,-14.557],[125.414,-14.558],[125.415,-14.558]]],[[[124.337,-15.347],[124.337,-15.346],[124.336,-15.346],[124.337,-15.347]]],[[[124.454,-15.981],[124.455,-15.981],[124.455,-15.98],[124.454,-15.981]]],[[[124.539,-15.228],[124.54,-15.226],[124.539,-15.227],[124.539,-15.228]]],[[[124.494,-15.474],[124.494,-15.473],[124.493,-15.472],[124.494,-15.474]]],[[[124.503,-15.132],[124.504,-15.131],[124.502,-15.132],[124.503,-15.132]]],[[[125.09,-14.638],[125.09,-14.637],[125.089,-14.637],[125.09,-14.638]]],[[[125.095,-14.648],[125.095,-14.647],[125.094,-14.647],[125.095,-14.648]]],[[[124.746,-15.032],[124.747,-15.032],[124.746,-15.031],[124.746,-15.032]]],[[[126.024,-14.524],[126.024,-14.523],[126.023,-14.523],[126.024,-14.524]]],[[[126.022,-14.519],[126.022,-14.518],[126.021,-14.518],[126.022,-14.519]]],[[[126.022,-14.013],[126.022,-14.012],[126.021,-14.013],[126.022,-14.013]]],[[[125.123,-14.758],[125.123,-14.757],[125.122,-14.756],[125.123,-14.758]]],[[[125.128,-14.674],[125.128,-14.673],[125.127,-14.673],[125.128,-14.674]]],[[[124.549,-15.163],[124.549,-15.162],[124.548,-15.162],[124.549,-15.163]]],[[[126.01,-14.519],[126.01,-14.518],[126.009,-14.518],[126.01,-14.519]]],[[[124.824,-15.304],[124.825,-15.303],[124.824,-15.303],[124.824,-15.304]]],[[[124.815,-15.311],[124.814,-15.31],[124.814,-15.311],[124.815,-15.311]]],[[[125.144,-14.674],[125.144,-14.673],[125.143,-14.673],[125.144,-14.674]]],[[[124.816,-15.309],[124.816,-15.308],[124.815,-15.309],[124.816,-15.309]]],[[[125.149,-15.052],[125.148,-15.051],[125.148,-15.052],[125.149,-15.052]]],[[[125.052,-15.498],[125.052,-15.497],[125.051,-15.497],[125.052,-15.498]]],[[[124.602,-15.022],[124.602,-15.021],[124.601,-15.018],[124.602,-15.022]]],[[[124.603,-15.03],[124.604,-15.029],[124.603,-15.029],[124.603,-15.03]]],[[[125.286,-14.433],[125.287,-14.43],[125.286,-14.432],[125.286,-14.433]]],[[[125.154,-14.468],[125.155,-14.467],[125.154,-14.467],[125.154,-14.468]]],[[[125.156,-14.469],[125.156,-14.468],[125.155,-14.468],[125.156,-14.469]]],[[[125.658,-14.199],[125.659,-14.197],[125.659,-14.196],[125.658,-14.199]]],[[[125.442,-14.532],[125.441,-14.531],[125.44,-14.531],[125.442,-14.532]]],[[[115.159,-34.384],[115.161,-34.383],[115.16,-34.383],[115.159,-34.384]]],[[[114.305,-22.43],[114.304,-22.428],[114.304,-22.429],[114.305,-22.43]]],[[[123.544,-16.279],[123.545,-16.278],[123.545,-16.277],[123.544,-16.279]]],[[[123.874,-16.232],[123.873,-16.231],[123.872,-16.231],[123.874,-16.232]]],[[[123.228,-34.062],[123.227,-34.061],[123.226,-34.061],[123.228,-34.062]]],[[[124.387,-16.317],[124.388,-16.316],[124.388,-16.315],[124.387,-16.317]]],[[[122.215,-34.367],[122.217,-34.366],[122.216,-34.366],[122.215,-34.367]]],[[[113.408,-24.49],[113.409,-24.488],[113.408,-24.489],[113.408,-24.49]]],[[[114.994,-33.672],[114.995,-33.671],[114.994,-33.671],[114.994,-33.672]]],[[[115.024,-34.275],[115.025,-34.274],[115.024,-34.274],[115.024,-34.275]]],[[[115.484,-21.418],[115.485,-21.418],[115.484,-21.417],[115.484,-21.418]]],[[[115.16,-34.394],[115.161,-34.394],[115.16,-34.393],[115.16,-34.394]]],[[[115.196,-34.409],[115.197,-34.408],[115.196,-34.408],[115.196,-34.409]]],[[[115.207,-34.418],[115.208,-34.419],[115.208,-34.418],[115.207,-34.418]]],[[[114.976,-21.429],[114.975,-21.428],[114.975,-21.429],[114.976,-21.429]]],[[[114.975,-21.423],[114.976,-21.422],[114.975,-21.422],[114.975,-21.423]]],[[[115.351,-21.516],[115.352,-21.515],[115.351,-21.515],[115.351,-21.516]]],[[[115.36,-21.505],[115.361,-21.505],[115.36,-21.504],[115.36,-21.505]]],[[[115.441,-21.362],[115.441,-21.361],[115.44,-21.362],[115.441,-21.362]]],[[[117.943,-35.126],[117.944,-35.126],[117.944,-35.125],[117.943,-35.126]]],[[[116.033,-34.861],[116.034,-34.861],[116.032,-34.86],[116.033,-34.861]]],[[[116.036,-34.866],[116.035,-34.866],[116.035,-34.867],[116.036,-34.866]]],[[[115.704,-32.565],[115.705,-32.565],[115.708,-32.564],[115.704,-32.565]]],[[[122.115,-34.021],[122.116,-34.019],[122.115,-34.02],[122.115,-34.021]]],[[[113.732,-28.478],[113.731,-28.478],[113.731,-28.479],[113.732,-28.478]]],[[[114.381,-22.394],[114.381,-22.393],[114.38,-22.393],[114.381,-22.394]]],[[[113.782,-28.735],[113.783,-28.735],[113.783,-28.734],[113.782,-28.735]]],[[[113.853,-28.671],[113.854,-28.67],[113.853,-28.67],[113.853,-28.671]]],[[[124.395,-16.313],[124.396,-16.313],[124.395,-16.312],[124.395,-16.313]]],[[[123.461,-16.133],[123.462,-16.132],[123.461,-16.132],[123.461,-16.133]]],[[[123.871,-16.235],[123.872,-16.234],[123.871,-16.234],[123.871,-16.235]]],[[[122.608,-33.921],[122.61,-33.92],[122.607,-33.921],[122.608,-33.921]]],[[[122.637,-33.989],[122.637,-33.988],[122.636,-33.987],[122.637,-33.989]]],[[[123.089,-16.421],[123.09,-16.42],[123.089,-16.42],[123.089,-16.421]]],[[[123.131,-16.391],[123.131,-16.39],[123.13,-16.391],[123.131,-16.391]]],[[[123.511,-16.397],[123.512,-16.397],[123.51,-16.396],[123.511,-16.397]]],[[[122.9,-33.98],[122.9,-33.979],[122.899,-33.979],[122.9,-33.98]]],[[[122.902,-33.97],[122.903,-33.969],[122.901,-33.97],[122.902,-33.97]]],[[[122.906,-33.966],[122.907,-33.965],[122.905,-33.966],[122.906,-33.966]]],[[[123.289,-16.133],[123.288,-16.132],[123.288,-16.133],[123.289,-16.133]]],[[[123.524,-16.185],[123.525,-16.185],[123.523,-16.184],[123.524,-16.185]]],[[[123.533,-16.618],[123.533,-16.617],[123.532,-16.618],[123.533,-16.618]]],[[[123.164,-34.055],[123.165,-34.054],[123.164,-34.054],[123.164,-34.055]]],[[[114.996,-30.354],[114.997,-30.354],[114.997,-30.353],[114.996,-30.354]]],[[[123.56,-16.034],[123.559,-16.033],[123.559,-16.034],[123.56,-16.034]]],[[[123.839,-16.24],[123.84,-16.24],[123.839,-16.239],[123.839,-16.24]]],[[[124.173,-33.815],[124.174,-33.814],[124.173,-33.814],[124.173,-33.815]]],[[[124.126,-33.74],[124.125,-33.74],[124.126,-33.741],[124.126,-33.74]]],[[[123.958,-33.62],[123.959,-33.62],[123.958,-33.619],[123.958,-33.62]]],[[[123.95,-33.634],[123.95,-33.633],[123.949,-33.633],[123.95,-33.634]]],[[[115.11,-30.665],[115.11,-30.664],[115.109,-30.664],[115.11,-30.665]]],[[[121.661,-34.176],[121.66,-34.177],[121.661,-34.177],[121.661,-34.176]]],[[[123.363,-16.49],[123.363,-16.489],[123.362,-16.49],[123.363,-16.49]]],[[[123.582,-16.493],[123.583,-16.492],[123.582,-16.492],[123.582,-16.493]]],[[[121.766,-33.924],[121.767,-33.923],[121.765,-33.924],[121.766,-33.924]]],[[[121.821,-33.922],[121.821,-33.921],[121.82,-33.921],[121.821,-33.922]]],[[[121.851,-34.308],[121.851,-34.307],[121.85,-34.307],[121.851,-34.308]]],[[[123.104,-34.092],[123.104,-34.091],[123.103,-34.091],[123.104,-34.092]]],[[[123.374,-16.496],[123.375,-16.496],[123.373,-16.495],[123.374,-16.496]]],[[[121.878,-33.915],[121.88,-33.914],[121.877,-33.915],[121.878,-33.915]]],[[[123.4,-16.348],[123.399,-16.347],[123.398,-16.347],[123.4,-16.348]]],[[[122.009,-33.985],[122.01,-33.985],[122.009,-33.984],[122.009,-33.985]]],[[[122.024,-33.978],[122.023,-33.979],[122.024,-33.979],[122.024,-33.978]]],[[[122.03,-34.152],[122.029,-34.153],[122.03,-34.153],[122.03,-34.152]]],[[[122.154,-34.032],[122.155,-34.031],[122.154,-34.031],[122.154,-34.032]]],[[[122.208,-34.045],[122.207,-34.046],[122.207,-34.047],[122.208,-34.045]]],[[[122.299,-33.98],[122.299,-33.979],[122.298,-33.979],[122.299,-33.98]]],[[[122.299,-33.986],[122.298,-33.984],[122.298,-33.985],[122.299,-33.986]]],[[[122.342,-33.985],[122.343,-33.983],[122.342,-33.984],[122.342,-33.985]]],[[[123.447,-16.118],[123.447,-16.117],[123.446,-16.117],[123.447,-16.118]]],[[[113.609,-26.487],[113.61,-26.487],[113.609,-26.486],[113.609,-26.487]]],[[[113.667,-26.662],[113.667,-26.661],[113.666,-26.66],[113.667,-26.662]]],[[[120.117,-33.956],[120.116,-33.957],[120.117,-33.957],[120.117,-33.956]]],[[[115.53,-20.63],[115.531,-20.629],[115.53,-20.629],[115.53,-20.63]]],[[[115.575,-20.682],[115.575,-20.681],[115.574,-20.681],[115.575,-20.682]]],[[[115.557,-20.589],[115.557,-20.588],[115.556,-20.588],[115.557,-20.589]]],[[[115.557,-20.592],[115.556,-20.591],[115.556,-20.592],[115.557,-20.592]]],[[[115.554,-20.583],[115.555,-20.582],[115.554,-20.582],[115.554,-20.583]]],[[[115.548,-20.612],[115.548,-20.611],[115.547,-20.611],[115.548,-20.612]]],[[[115.545,-20.607],[115.545,-20.606],[115.544,-20.606],[115.545,-20.607]]],[[[115.54,-20.63],[115.54,-20.629],[115.539,-20.63],[115.54,-20.63]]],[[[115.574,-20.64],[115.573,-20.641],[115.574,-20.641],[115.574,-20.64]]],[[[115.691,-32.293],[115.691,-32.292],[115.69,-32.293],[115.691,-32.293]]],[[[114.999,-34.041],[114.998,-34.041],[114.998,-34.042],[114.999,-34.041]]],[[[118.044,-35.065],[118.043,-35.066],[118.044,-35.066],[118.044,-35.065]]],[[[122.692,-33.914],[122.692,-33.913],[122.691,-33.913],[122.692,-33.914]]],[[[122.741,-33.898],[122.743,-33.897],[122.742,-33.897],[122.741,-33.898]]],[[[124,-33.636],[123.999,-33.635],[123.998,-33.635],[124,-33.636]]],[[[123.897,-34.09],[123.898,-34.089],[123.897,-34.089],[123.897,-34.09]]],[[[121.641,-34.016],[121.641,-34.017],[121.642,-34.017],[121.641,-34.016]]],[[[121.886,-33.929],[121.888,-33.928],[121.885,-33.929],[121.886,-33.929]]],[[[121.944,-34.179],[121.945,-34.179],[121.943,-34.178],[121.944,-34.179]]],[[[115.555,-32.014],[115.556,-32.014],[115.554,-32.013],[115.555,-32.014]]],[[[122.218,-34.151],[122.219,-34.149],[122.218,-34.15],[122.218,-34.151]]],[[[123.537,-34.008],[123.538,-34.006],[123.537,-34.007],[123.537,-34.008]]],[[[115.105,-30.68],[115.104,-30.679],[115.102,-30.678],[115.105,-30.68]]],[[[123.816,-16.273],[123.815,-16.272],[123.813,-16.271],[123.816,-16.273]]],[[[125.25,-15.032],[125.255,-15.029],[125.253,-15.03],[125.25,-15.032]]],[[[125.378,-14.505],[125.377,-14.504],[125.376,-14.504],[125.378,-14.505]]],[[[114.035,-25.652],[114.034,-25.65],[114.034,-25.651],[114.035,-25.652]]],[[[114.546,-22.062],[114.547,-22.061],[114.547,-22.06],[114.546,-22.062]]],[[[114.559,-21.805],[114.559,-21.804],[114.558,-21.804],[114.559,-21.805]]],[[[115.35,-21.51],[115.35,-21.509],[115.349,-21.509],[115.35,-21.51]]],[[[114.004,-28.898],[114.005,-28.898],[114.005,-28.897],[114.004,-28.898]]],[[[113.986,-28.867],[113.987,-28.866],[113.986,-28.866],[113.986,-28.867]]],[[[113.764,-28.47],[113.763,-28.471],[113.764,-28.471],[113.764,-28.47]]],[[[113.861,-28.899],[113.862,-28.898],[113.861,-28.898],[113.861,-28.899]]],[[[113.788,-28.724],[113.788,-28.723],[113.787,-28.723],[113.788,-28.724]]],[[[123.874,-16.236],[123.874,-16.235],[123.873,-16.234],[123.874,-16.236]]],[[[124.334,-16.419],[124.335,-16.418],[124.334,-16.418],[124.334,-16.419]]],[[[123.332,-16.398],[123.332,-16.397],[123.331,-16.397],[123.332,-16.398]]],[[[123.829,-16.28],[123.828,-16.278],[123.828,-16.279],[123.829,-16.28]]],[[[123.576,-16.359],[123.575,-16.357],[123.575,-16.358],[123.576,-16.359]]],[[[124.079,-16.161],[124.079,-16.16],[124.078,-16.16],[124.079,-16.161]]],[[[123.591,-16.491],[123.591,-16.49],[123.59,-16.491],[123.591,-16.491]]],[[[114.944,-30.131],[114.945,-30.129],[114.944,-30.13],[114.944,-30.131]]],[[[124.383,-16.239],[124.383,-16.238],[124.382,-16.239],[124.383,-16.239]]],[[[123.975,-16.195],[123.976,-16.194],[123.974,-16.195],[123.975,-16.195]]],[[[123.441,-16.196],[123.442,-16.195],[123.441,-16.195],[123.441,-16.196]]],[[[123.939,-16.07],[123.939,-16.069],[123.938,-16.068],[123.939,-16.07]]],[[[123.448,-16.102],[123.448,-16.101],[123.447,-16.102],[123.448,-16.102]]],[[[113.505,-26.3],[113.505,-26.299],[113.504,-26.298],[113.505,-26.3]]],[[[113.201,-26.001],[113.202,-26],[113.2,-26.001],[113.201,-26.001]]],[[[113.237,-26.125],[113.238,-26.124],[113.236,-26.125],[113.237,-26.125]]],[[[115.66,-21.163],[115.659,-21.16],[115.659,-21.161],[115.66,-21.163]]],[[[115.573,-21.294],[115.573,-21.293],[115.572,-21.293],[115.573,-21.294]]],[[[115.534,-20.628],[115.535,-20.628],[115.534,-20.627],[115.534,-20.628]]],[[[125.344,-15.082],[125.344,-15.081],[125.343,-15.08],[125.344,-15.082]]],[[[125.719,-14.422],[125.719,-14.421],[125.718,-14.419],[125.719,-14.422]]],[[[125.273,-14.871],[125.273,-14.87],[125.272,-14.87],[125.273,-14.871]]],[[[125.172,-14.646],[125.171,-14.645],[125.171,-14.646],[125.172,-14.646]]],[[[124.617,-15.021],[124.618,-15.02],[124.617,-15.02],[124.617,-15.021]]],[[[124.309,-15.364],[124.309,-15.363],[124.308,-15.364],[124.309,-15.364]]],[[[124.326,-15.928],[124.325,-15.927],[124.325,-15.928],[124.326,-15.928]]],[[[124.639,-15.412],[124.639,-15.411],[124.638,-15.412],[124.639,-15.412]]],[[[124.448,-15.896],[124.447,-15.895],[124.447,-15.896],[124.448,-15.896]]],[[[124.415,-15.551],[124.416,-15.55],[124.416,-15.549],[124.415,-15.551]]],[[[124.513,-15.451],[124.514,-15.45],[124.513,-15.45],[124.513,-15.451]]],[[[125.121,-14.509],[125.121,-14.508],[125.12,-14.509],[125.121,-14.509]]],[[[127.132,-13.957],[127.133,-13.955],[127.132,-13.956],[127.132,-13.957]]],[[[125.186,-14.858],[125.187,-14.858],[125.186,-14.857],[125.186,-14.858]]],[[[123.674,-15.878],[123.675,-15.876],[123.674,-15.877],[123.674,-15.878]]],[[[124.605,-15.897],[124.606,-15.895],[124.605,-15.896],[124.605,-15.897]]],[[[125.719,-14.446],[125.719,-14.445],[125.718,-14.444],[125.719,-14.446]]],[[[125.703,-14.493],[125.704,-14.49],[125.703,-14.492],[125.703,-14.493]]],[[[125.701,-14.112],[125.701,-14.111],[125.7,-14.111],[125.701,-14.112]]],[[[124.919,-15.248],[124.919,-15.247],[124.918,-15.247],[124.919,-15.248]]],[[[125.684,-14.379],[125.684,-14.378],[125.683,-14.378],[125.684,-14.379]]],[[[124.303,-15.899],[124.302,-15.897],[124.302,-15.898],[124.303,-15.899]]],[[[125.187,-14.463],[125.186,-14.461],[125.186,-14.462],[125.187,-14.463]]],[[[124.341,-15.921],[124.341,-15.92],[124.34,-15.92],[124.341,-15.921]]],[[[124.343,-15.917],[124.344,-15.914],[124.343,-15.916],[124.343,-15.917]]],[[[125.189,-14.472],[125.189,-14.471],[125.188,-14.471],[125.189,-14.472]]],[[[125.191,-14.472],[125.192,-14.47],[125.191,-14.471],[125.191,-14.472]]],[[[124.391,-15.334],[124.392,-15.334],[124.391,-15.333],[124.391,-15.334]]],[[[124.398,-15.328],[124.398,-15.327],[124.397,-15.327],[124.398,-15.328]]],[[[126.555,-13.898],[126.556,-13.897],[126.555,-13.897],[126.555,-13.898]]],[[[125.578,-14.145],[125.579,-14.142],[125.579,-14.141],[125.578,-14.145]]],[[[125.218,-14.87],[125.219,-14.869],[125.218,-14.869],[125.218,-14.87]]],[[[125.207,-14.576],[125.206,-14.574],[125.206,-14.575],[125.207,-14.576]]],[[[125.209,-14.466],[125.21,-14.465],[125.209,-14.465],[125.209,-14.466]]],[[[127.453,-14.046],[127.454,-14.046],[127.453,-14.045],[127.453,-14.046]]],[[[124.669,-15.434],[124.668,-15.432],[124.668,-15.433],[124.669,-15.434]]],[[[126.316,-13.9],[126.317,-13.901],[126.317,-13.9],[126.316,-13.9]]],[[[124.462,-15.232],[124.463,-15.23],[124.462,-15.231],[124.462,-15.232]]],[[[124.471,-15.958],[124.472,-15.957],[124.471,-15.957],[124.471,-15.958]]],[[[124.593,-15.92],[124.594,-15.919],[124.593,-15.919],[124.593,-15.92]]],[[[124.541,-15.225],[124.541,-15.224],[124.54,-15.223],[124.541,-15.225]]],[[[125.133,-14.479],[125.133,-14.478],[125.132,-14.478],[125.133,-14.479]]],[[[124.843,-15.283],[124.844,-15.281],[124.843,-15.282],[124.843,-15.283]]],[[[127.04,-13.812],[127.041,-13.811],[127.04,-13.811],[127.04,-13.812]]],[[[125.889,-14.574],[125.889,-14.573],[125.888,-14.573],[125.889,-14.574]]],[[[124.599,-15.907],[124.6,-15.906],[124.599,-15.906],[124.599,-15.907]]],[[[125.306,-14.296],[125.306,-14.295],[125.305,-14.295],[125.306,-14.296]]],[[[114.524,-21.929],[114.523,-21.928],[114.522,-21.928],[114.524,-21.929]]],[[[114.183,-22.401],[114.184,-22.4],[114.184,-22.399],[114.183,-22.401]]],[[[123.309,-16.39],[123.308,-16.388],[123.308,-16.389],[123.309,-16.39]]],[[[113.501,-26.32],[113.502,-26.319],[113.502,-26.318],[113.501,-26.32]]],[[[114.999,-34.041],[114.999,-34.04],[114.998,-34.04],[114.999,-34.041]]],[[[115.026,-34.27],[115.025,-34.27],[115.025,-34.271],[115.026,-34.27]]],[[[115.207,-34.418],[115.207,-34.417],[115.206,-34.418],[115.207,-34.418]]],[[[117.698,-35.052],[117.696,-35.051],[117.697,-35.052],[117.698,-35.052]]],[[[118.376,-34.948],[118.377,-34.947],[118.376,-34.947],[118.376,-34.948]]],[[[123.478,-16.604],[123.478,-16.603],[123.477,-16.604],[123.478,-16.604]]],[[[122.903,-33.979],[122.904,-33.978],[122.903,-33.978],[122.903,-33.979]]],[[[123.656,-33.852],[123.657,-33.851],[123.656,-33.851],[123.656,-33.852]]],[[[123.876,-16.237],[123.877,-16.237],[123.876,-16.236],[123.876,-16.237]]],[[[123.963,-33.635],[123.963,-33.634],[123.962,-33.635],[123.963,-33.635]]],[[[123.956,-33.622],[123.957,-33.621],[123.956,-33.621],[123.956,-33.622]]],[[[123.953,-33.626],[123.954,-33.625],[123.953,-33.625],[123.953,-33.626]]],[[[123.876,-34.099],[123.877,-34.098],[123.877,-34.097],[123.876,-34.099]]],[[[123.418,-16.458],[123.419,-16.458],[123.417,-16.457],[123.418,-16.458]]],[[[123.799,-33.716],[123.8,-33.716],[123.799,-33.715],[123.799,-33.716]]],[[[122.303,-34.018],[122.302,-34.018],[122.303,-34.019],[122.303,-34.018]]],[[[113.692,-26.546],[113.692,-26.545],[113.691,-26.544],[113.692,-26.546]]],[[[120.659,-33.89],[120.66,-33.89],[120.66,-33.889],[120.659,-33.89]]],[[[115.579,-20.676],[115.578,-20.675],[115.578,-20.676],[115.579,-20.676]]],[[[115.563,-20.633],[115.564,-20.633],[115.563,-20.632],[115.563,-20.633]]],[[[115.544,-20.636],[115.544,-20.635],[115.543,-20.635],[115.544,-20.636]]],[[[125.03,-14.439],[125.033,-14.437],[125.031,-14.438],[125.03,-14.439]]],[[[113.896,-25.955],[113.887,-25.952],[113.902,-25.957],[113.896,-25.955]]],[[[122.811,-33.922],[122.809,-33.921],[122.813,-33.923],[122.811,-33.922]]],[[[123.56,-16.327],[123.559,-16.326],[123.563,-16.33],[123.56,-16.327]]],[[[115.432,-21.418],[115.431,-21.419],[115.433,-21.417],[115.432,-21.418]]]]},"properties":{"state_code":"5","state_name":"Western Australia","boundary_edition":2026}},
{"type":"Feature","geometry":{"type":"MultiPolygon","coordinates":[[[[144.918,-41.668],[145.104,-41.644],[144.911,-41.691],[145.268,-42.023],[145.223,-42.219],[145.308,-42.149],[145.5,-42.176],[145.346,-42.207],[145.481,-42.364],[145.558,-42.357],[145.52827350117732,-42.43536986053251],[145.4583363703096,-42.43500177037005],[145.453,-42.404],[145.177,-42.193],[145.304,-42.571],[145.2773735632184,-42.60412068965518],[145.277,-42.603],[145.27609722222223,-42.605708333333325],[145.263,-42.622],[145.366,-42.656],[145.495,-42.992],[145.682,-43.05],[145.78433815350388,-43.222084538375974],[145.784,-43.222],[145.783,-43.225],[145.78548164014688,-43.22400734394125],[145.839,-43.314],[145.927,-43.3],[145.862,-43.273],[145.94,-43.15],[146.004,-43.335],[146.232,-43.323],[146.166,-43.419],[146.086,-43.342],[145.921,-43.381],[145.997,-43.407],[146.00732515337424,-43.458],[146.007,-43.458],[146.0074076923077,-43.458407692307695],[146.03,-43.57],[146.11886666666666,-43.52986666666667],[146.12,-43.531],[146.11952336448599,-43.52957009345794],[146.216,-43.486],[146.596,-43.543],[146.559,-43.465],[146.705,-43.633],[146.871,-43.639],[146.901,-43.516],[147.002,-43.48],[146.906,-43.421],[147.018,-43.443],[147.059,-43.353],[147.0089557522124,-43.33804424778761],[147.009,-43.338],[147.0088076923077,-43.338],[146.98538461538465,-43.331],[146.987,-43.331],[146.985,-43.33],[146.985,-43.330885057471264],[146.972,-43.327],[147.1,-43.29],[146.95,-43.164],[147.02586387434556,-43.07440837696334],[147.025,-43.077],[147.02992537313432,-43.06961194029851],[147.055,-43.04],[147.007,-43.015],[147.056,-43.04],[146.984,-43.189],[147.062,-43.225],[147.083,-43.163],[147.099,-43.245],[147.243,-43.268],[147.265,-43.026],[147.344,-43.052],[147.362,-42.926],[147.233,-42.752],[147.117,-42.771],[147.263,-42.73],[147.409,-42.939],[147.484,-42.909],[147.47002255184913,-43.02581153097523],[147.554,-42.986],[147.504,-42.864],[147.613,-42.846],[147.448,-42.756],[147.791,-42.903],[147.947,-42.728],[147.946,-42.606],[147.851,-42.559],[148.011,-42.51],[148.018,-42.315],[147.931,-42.344],[148.084,-42.168],[148.047,-42.118],[148.22497014925375,-42.09906700539854],[148.298,-42.126],[148.292,-42.281],[148.347,-42.223],[148.264,-41.81],[148.317,-41.575],[148.198,-41.442],[148.267,-41.462],[148.359,-41.281],[148.236,-41.323],[148.339,-41.257],[148.32825,-41.24875],[148.329,-41.248],[148.328,-41.248],[148.328,-41.248558139534886],[148.253,-41.191],[148.25,-41.051],[148.35,-40.995],[148.224,-40.847],[147.94,-40.739],[147.93449681528662,-40.76024840764331],[147.934,-40.76],[147.93444571428572,-40.76044571428571],[147.904,-40.878],[147.67,-40.821],[147.435,-41.012],[147.28,-40.942],[147.158,-41.031],[147.021,-40.98],[146.787,-41.054],[146.90388528455574,-41.16937122646565],[146.771,-41.165],[146.82,-41.138],[146.768,-41.079],[146.564,-41.146],[146.5724721189591,-41.16826394052045],[146.569,-41.17],[146.572,-41.171],[146.57270661157025,-41.16888016528927],[146.607,-41.259],[146.532,-41.118],[146.37,-41.167],[146.389,-41.238],[146.357,-41.158],[146.2489892473118,-41.168010752688176],[146.249,-41.168],[146.248,-41.168],[146.248,-41.16810243902439],[146.152,-41.177],[145.512,-40.854],[145.50069724770643,-40.85384862385321],[145.499,-40.853],[145.49983710407238,-40.8538371040724],[145.288,-40.851],[145.26,-40.712],[145.259,-40.806],[145.091,-40.848],[144.693,-40.663],[144.713,-40.853],[144.6273846153846,-40.979],[144.627,-40.979],[144.627,-40.979566037735836],[144.607,-41.009],[144.801,-41.062],[144.659,-41.057],[144.70993866171005,-41.27012267657994],[144.709,-41.272],[144.71,-41.273],[144.71,-41.27037931034485],[144.746,-41.421],[144.916,-41.665127906976736],[144.916,-41.666],[144.91635799522675,-41.66564200477327],[144.918,-41.668]],[[146.9689645188947,-41.23360746554112],[147.173,-41.435],[147.121,-41.444],[147.075,-41.38034343434341],[147.075,-41.38],[147.07489850746268,-41.38020298507461],[146.9689645188947,-41.23360746554112]],[[148.21035135135136,-42.09367567567568],[148.064,-42.068],[148.241,-41.986],[148.157,-42.074],[148.21035135135136,-42.09367567567568]],[[145.65228398384926,-42.4431399730821],[145.673,-42.443],[145.67271030640669,-42.477183844011144],[145.65228398384926,-42.4431399730821]]],[[[147.46984057230455,-43.025897802759324],[147.392,-42.976],[147.419,-43.05],[147.46984057230455,-43.025897802759324]]],[[[147.923,-39.741],[147.748,-39.874],[147.88,-39.907],[147.859,-40.023],[148.007,-40.105],[148.028,-40.23],[148.122,-40.274],[148.22905054509417,-40.2416828543112],[148.248,-40.254],[148.267,-40.253],[148.2296404761905,-40.241504761904764],[148.334,-40.21],[148.288,-40.081],[148.277,-40.08776923076925],[148.277,-40.087],[148.276,-40.087],[148.27685714285715,-40.08785714285715],[148.223,-40.121],[148.291,-39.965],[147.923,-39.741]]],[[[143.839,-39.899],[143.923,-40.157],[144.03713559322034,-40.086135593220334],[144.038,-40.087],[144.038,-40.086],[144.03735398230089,-40.086],[144.105,-40.044],[144.109,-39.669],[143.925,-39.593],[143.839,-39.899]]],[[[147.815,-42.899],[147.8450350877193,-43.006],[147.845,-43.006],[147.845,-43.007],[147.84527692307694,-43.006861538461536],[147.847,-43.013],[147.925,-43.018],[147.774,-43.055],[147.676,-42.935],[147.627,-43.073],[147.741,-43.096],[147.685,-43.139],[147.786,-43.238],[147.875,-43.206],[147.863,-43.108],[147.995,-43.21525],[147.995,-43.216],[147.99592307692308,-43.216],[148.007,-43.225],[147.926,-43.021],[148,-42.964],[147.97651,-42.883],[147.977,-42.883],[147.978,-42.881],[147.976192139738,-42.881903930131],[147.971,-42.864],[147.815,-42.899]]],[[[148.033,-40.361],[147.987,-40.419],[148.062,-40.454],[148.309,-40.427],[148.351,-40.493],[148.482,-40.435],[148.33,-40.291],[148.033,-40.361]]],[[[147.376,-43.253],[147.433,-43.225],[147.352,-43.064],[147.276,-43.167],[147.29316577540106,-43.17341711229947],[147.292,-43.174],[147.293,-43.175],[147.29369291338583,-43.173614173228344],[147.383,-43.207],[147.2256285714286,-43.319628571428574],[147.222,-43.316],[147.216,-43.318],[147.2246194770063,-43.320350766456265],[147.179,-43.353],[147.17996956977964,-43.454804826862535],[147.227,-43.413],[147.324,-43.503],[147.376,-43.253]]],[[[147.17776716141003,-43.456762523191095],[147.097,-43.412],[147.137,-43.493],[147.17776716141003,-43.456762523191095]]],[[[144.868,-40.724],[145.068,-40.714],[144.9383349220104,-40.62817850953206],[144.95,-40.621],[144.923,-40.584],[144.93633199114154,-40.62685282866922],[144.929,-40.622],[144.868,-40.724]]],[[[148.069,-42.675],[148.169,-42.649],[148.073,-42.569],[148.014,-42.742],[148.069,-42.675]]],[[[144.787,-40.401],[144.711,-40.485],[144.758,-40.606],[144.787,-40.401]]],[[[148.116,-40.513],[148.198,-40.59],[148.248,-40.48],[148.116,-40.513]]],[[[144.836,-40.444],[144.97,-40.426],[144.887,-40.389],[144.836,-40.444]]],[[[147.777,-40.026],[147.726,-40.103],[147.757,-40.095],[147.777,-40.026]]],[[[147.84,-40.298],[147.881,-40.326],[147.909,-40.302],[147.84,-40.298]]],[[[147.318,-39.496],[147.36,-39.464],[147.321,-39.452],[147.318,-39.496]]],[[[145.043,-40.757],[145.047,-40.783],[145.104,-40.794],[145.043,-40.757]]],[[[148.295,-42.333],[148.346,-42.341],[148.236,-42.306],[148.295,-42.333]]],[[[147.967,-39.659],[148.011,-39.649],[147.983,-39.637],[147.967,-39.659]]],[[[147.273,-39.471],[147.295,-39.473],[147.302,-39.438],[147.273,-39.471]]],[[[147.888,-39.691],[147.903,-39.705],[147.947,-39.697],[147.888,-39.691]]],[[[148.289,-40.273],[148.282,-40.288],[148.326,-40.288],[148.289,-40.273]]],[[[148.318,-39.953],[148.348,-39.951],[148.329,-39.932],[148.318,-39.953]]],[[[146.345,-43.588],[146.351,-43.607],[146.378,-43.596],[146.345,-43.588]]],[[[148.344,-40.498],[148.328,-40.502],[148.347,-40.523],[148.344,-40.498]]],[[[148.024,-40.35],[147.981,-40.369],[148.015,-40.362],[148.024,-40.35]]],[[[146.275,-43.637],[146.268,-43.658],[146.286,-43.651],[146.275,-43.637]]],[[[147.915,-40.279],[147.93,-40.28],[147.934,-40.259],[147.915,-40.279]]],[[[148.093,-40.743],[148.117,-40.74],[148.126,-40.727],[148.093,-40.743]]],[[[147.903,-40.179],[147.894,-40.194],[147.917,-40.186],[147.903,-40.179]]],[[[148.305,-40.505],[148.313,-40.522],[148.317,-40.498],[148.305,-40.505]]],[[[147.799,-40.295],[147.787,-40.3],[147.802,-40.315],[147.799,-40.295]]],[[[146.983,-39.215],[146.981,-39.233],[146.996,-39.221],[146.983,-39.215]]],[[[147.001,-43.117],[147.0073818181818,-43.11454545454546],[147.004,-43.123],[147.003,-43.132],[147.00761711711712,-43.11445495495495],[147.014,-43.112],[147.02,-43.091],[147.001,-43.117]]],[[[147.974,-40.194],[147.987,-40.186],[147.975,-40.175],[147.974,-40.194]]],[[[148.134,-40.299],[148.166,-40.292],[148.141,-40.291],[148.134,-40.299]]],[[[146.638,-39.476],[146.647,-39.479],[146.658,-39.463],[146.638,-39.476]]],[[[147.49,-43.057],[147.472,-43.046],[147.488,-43.065],[147.49,-43.057]]],[[[148.108,-40.297],[148.099,-40.31],[148.111,-40.311],[148.108,-40.297]]],[[[143.819,-39.675],[143.838,-39.669],[143.827,-39.665],[143.819,-39.675]]],[[[147.645,-42.959],[147.641,-42.943],[147.635,-42.949],[147.645,-42.959]]],[[[144.831,-40.692],[144.827,-40.702],[144.841,-40.696],[144.831,-40.692]]],[[[147.998,-43.238],[147.999,-43.247],[148.01,-43.236],[147.998,-43.238]]],[[[146.388,-39.225],[146.384,-39.236],[146.395,-39.231],[146.388,-39.225]]],[[[144.684,-40.631],[144.688,-40.639],[144.698,-40.634],[144.684,-40.631]]],[[[147.096,-43.404],[147.101,-43.409],[147.1,-43.389],[147.096,-43.404]]],[[[146.286,-43.62],[146.297,-43.62],[146.292,-43.613],[146.286,-43.62]]],[[[148.202,-40.251],[148.206,-40.258],[148.215,-40.255],[148.202,-40.251]]],[[[147.138,-43.29],[147.145,-43.294],[147.148,-43.285],[147.138,-43.29]]],[[[145.963,-43.423],[145.969,-43.424],[145.97,-43.412],[145.963,-43.423]]],[[[148.344,-41.353],[148.345,-41.345],[148.336,-41.347],[148.344,-41.353]]],[[[147.079,-41.375],[147.085,-41.385],[147.087,-41.377],[147.079,-41.375]]],[[[148.064,-40.483],[148.082,-40.489],[148.048,-40.474],[148.064,-40.483]]],[[[147.782,-42.948],[147.79,-42.949],[147.782,-42.94],[147.782,-42.948]]],[[[147.03,-43.077],[147.023,-43.079],[147.016,-43.09],[147.03,-43.077]]],[[[147.128,-43.257],[147.13,-43.265],[147.134,-43.253],[147.128,-43.257]]],[[[144.716,-40.604],[144.723,-40.608],[144.72,-40.599],[144.716,-40.604]]],[[[144.925,-40.748],[144.91,-40.75],[144.92,-40.752],[144.925,-40.748]]],[[[143.831,-39.683],[143.826,-39.683],[143.834,-39.693],[143.831,-39.683]]],[[[146.52,-43.575],[146.515,-43.582],[146.535,-43.564],[146.52,-43.575]]],[[[147.784,-39.923],[147.779,-39.919],[147.774,-39.924],[147.784,-39.923]]],[[[147,-43.525],[146.995,-43.527],[146.997,-43.535],[147,-43.525]]],[[[147.891,-40.096],[147.887,-40.095],[147.887,-40.106],[147.891,-40.096]]],[[[147.67,-43.138],[147.675,-43.137],[147.673,-43.129],[147.67,-43.138]]],[[[144.686,-40.567],[144.686,-40.561],[144.679,-40.563],[144.686,-40.567]]],[[[147.375,-39.444],[147.373,-39.449],[147.382,-39.447],[147.375,-39.444]]],[[[147.778,-39.908],[147.773,-39.904],[147.769,-39.909],[147.778,-39.908]]],[[[146.356,-43.533],[146.355,-43.537],[146.365,-43.535],[146.356,-43.533]]],[[[145.294,-42.19],[145.301,-42.187],[145.295,-42.185],[145.294,-42.19]]],[[[147.675,-39.689],[147.687,-39.686],[147.677,-39.686],[147.675,-39.689]]],[[[147.126,-39.524],[147.131,-39.523],[147.128,-39.518],[147.126,-39.524]]],[[[145.966,-43.329],[145.967,-43.335],[145.97,-43.326],[145.966,-43.329]]],[[[146.997,-39.212],[147.004,-39.204],[146.999,-39.206],[146.997,-39.212]]],[[[147.819,-42.95],[147.822,-42.954],[147.827,-42.952],[147.819,-42.95]]],[[[147.04,-43.339],[147.047,-43.335],[147.037,-43.337],[147.04,-43.339]]],[[[147.977,-42.323],[147.982,-42.316],[147.977,-42.318],[147.977,-42.323]]],[[[148.36,-39.96],[148.365,-39.958],[148.362,-39.955],[148.36,-39.96]]],[[[144.774,-40.61],[144.779,-40.603],[144.774,-40.606],[144.774,-40.61]]],[[[148.359,-39.95],[148.363,-39.947],[148.352,-39.951],[148.359,-39.95]]],[[[146.581,-43.572],[146.588,-43.568],[146.582,-43.569],[146.581,-43.572]]],[[[146.271,-43.632],[146.277,-43.634],[146.279,-43.632],[146.271,-43.632]]],[[[146.371,-43.74],[146.375,-43.738],[146.371,-43.736],[146.371,-43.74]]],[[[144.874,-40.731],[144.868,-40.727],[144.87,-40.731],[144.874,-40.731]]],[[[147.942,-40.131],[147.946,-40.128],[147.941,-40.128],[147.942,-40.131]]],[[[148.074,-40.491],[148.074,-40.496],[148.077,-40.495],[148.074,-40.491]]],[[[146.863,-41.144],[146.861,-41.148],[146.865,-41.147],[146.863,-41.144]]],[[[144.16,-39.829],[144.158,-39.833],[144.164,-39.828],[144.16,-39.829]]],[[[147.844,-40.028],[147.848,-40.029],[147.848,-40.026],[147.844,-40.028]]],[[[148.311,-42.36],[148.317,-42.36],[148.313,-42.358],[148.311,-42.36]]],[[[143.928,-40.161],[143.927,-40.158],[143.924,-40.161],[143.928,-40.161]]],[[[148.082,-40.722],[148.079,-40.725],[148.082,-40.726],[148.082,-40.722]]],[[[147.771,-39.952],[147.764,-39.958],[147.774,-39.951],[147.771,-39.952]]],[[[147.135,-43.494],[147.134,-43.499],[147.137,-43.495],[147.135,-43.494]]],[[[148.049,-40.342],[148.054,-40.34],[148.051,-40.339],[148.049,-40.342]]],[[[145.446,-42.39],[145.451,-42.386],[145.447,-42.387],[145.446,-42.39]]],[[[147.727,-40.129],[147.722,-40.131],[147.725,-40.132],[147.727,-40.129]]],[[[148.143,-42.069],[148.151,-42.067],[148.146,-42.067],[148.143,-42.069]]],[[[147.847,-43.027],[147.854,-43.026],[147.851,-43.025],[147.847,-43.027]]],[[[145.969,-43.325],[145.971,-43.324],[145.968,-43.321],[145.969,-43.325]]],[[[147.783,-42.913],[147.786,-42.913],[147.787,-42.91],[147.783,-42.913]]],[[[148.292,-41.857],[148.289,-41.857],[148.29,-41.86],[148.292,-41.857]]],[[[145.448,-42.334],[145.451,-42.336],[145.454,-42.335],[145.448,-42.334]]],[[[144.678,-40.672],[144.682,-40.673],[144.679,-40.67],[144.678,-40.672]]],[[[147.292,-43.527],[147.295,-43.527],[147.294,-43.524],[147.292,-43.527]]],[[[148.109,-40.55],[148.112,-40.549],[148.109,-40.547],[148.109,-40.55]]],[[[145.274,-42.559],[145.277,-42.558],[145.274,-42.556],[145.274,-42.559]]],[[[144.926,-40.57],[144.93,-40.57],[144.929,-40.568],[144.926,-40.57]]],[[[145.017,-40.763],[145.018,-40.765],[145.02,-40.761],[145.017,-40.763]]],[[[144.67,-40.671],[144.674,-40.672],[144.674,-40.67],[144.67,-40.671]]],[[[148.068,-42.563],[148.072,-42.563],[148.07,-42.561],[148.068,-42.563]]],[[[147.972,-40.723],[147.976,-40.722],[147.972,-40.721],[147.972,-40.723]]],[[[147.895,-40.379],[147.899,-40.379],[147.897,-40.377],[147.895,-40.379]]],[[[148.01,-43.138],[148.009,-43.135],[148.007,-43.137],[148.01,-43.138]]],[[[148.496,-40.435],[148.499,-40.436],[148.498,-40.433],[148.496,-40.435]]],[[[145.818,-43.299],[145.82,-43.299],[145.816,-43.295],[145.818,-43.299]]],[[[144.938,-40.563],[144.941,-40.559],[144.94,-40.558],[144.938,-40.563]]],[[[147.974,-42.857],[147.977,-42.855],[147.975,-42.854],[147.974,-42.857]]],[[[144.98,-40.731],[144.978,-40.734],[144.979,-40.736],[144.98,-40.731]]],[[[146.148,-43.368],[146.145,-43.369],[146.149,-43.37],[146.148,-43.368]]],[[[148.264,-42.177],[148.261,-42.177],[148.261,-42.179],[148.264,-42.177]]],[[[145.982,-43.356],[145.985,-43.352],[145.982,-43.354],[145.982,-43.356]]],[[[144.849,-40.734],[144.852,-40.735],[144.849,-40.732],[144.849,-40.734]]],[[[145.932,-43.421],[145.935,-43.42],[145.932,-43.419],[145.932,-43.421]]],[[[146.152,-43.381],[146.155,-43.38],[146.155,-43.378],[146.152,-43.381]]],[[[146.374,-43.643],[146.374,-43.646],[146.376,-43.644],[146.374,-43.643]]],[[[147.559,-42.814],[147.561,-42.814],[147.559,-42.811],[147.559,-42.814]]],[[[147.368,-43.35],[147.374,-43.35],[147.37,-43.349],[147.368,-43.35]]],[[[145.994,-43.329],[145.996,-43.331],[145.996,-43.328],[145.994,-43.329]]],[[[146.158,-43.376],[146.162,-43.375],[146.16,-43.374],[146.158,-43.376]]],[[[147.892,-40.138],[147.895,-40.138],[147.893,-40.136],[147.892,-40.138]]],[[[147.774,-39.943],[147.777,-39.943],[147.776,-39.941],[147.774,-39.943]]],[[[148.281,-40.257],[148.284,-40.256],[148.281,-40.255],[148.281,-40.257]]],[[[147.769,-39.838],[147.768,-39.841],[147.771,-39.838],[147.769,-39.838]]],[[[148.113,-40.291],[148.11,-40.293],[148.117,-40.29],[148.113,-40.291]]],[[[147.007,-43.476],[147.012,-43.476],[147.01,-43.475],[147.007,-43.476]]],[[[146.008,-43.338],[146.013,-43.338],[146.011,-43.337],[146.008,-43.338]]],[[[148.305,-41.397],[148.303,-41.397],[148.302,-41.399],[148.305,-41.397]]],[[[148.33,-40.924],[148.328,-40.924],[148.331,-40.926],[148.33,-40.924]]],[[[147.29,-43.199],[147.292,-43.197],[147.291,-43.196],[147.29,-43.199]]],[[[147.916,-40.123],[147.914,-40.123],[147.916,-40.125],[147.916,-40.123]]],[[[144.811,-40.574],[144.81,-40.574],[144.811,-40.578],[144.811,-40.574]]],[[[147.772,-39.937],[147.775,-39.939],[147.774,-39.937],[147.772,-39.937]]],[[[144.864,-40.727],[144.866,-40.728],[144.866,-40.727],[144.866,-40.726],[144.864,-40.727]]],[[[145.38,-42.775],[145.378,-42.775],[145.379,-42.777],[145.38,-42.775]]],[[[146.602,-43.573],[146.604,-43.571],[146.602,-43.571],[146.602,-43.573]]],[[[146.554,-41.151],[146.556,-41.151],[146.555,-41.149],[146.554,-41.151]]],[[[144.866,-40.725],[144.863,-40.724],[144.865,-40.726],[144.866,-40.725]]],[[[147.969,-40.724],[147.972,-40.725],[147.97,-40.723],[147.969,-40.724]]],[[[148.051,-43.121],[148.055,-43.123],[148.053,-43.121],[148.051,-43.121]]],[[[146.992,-43.552],[146.996,-43.552],[146.992,-43.551],[146.992,-43.552]]],[[[146.258,-43.662],[146.254,-43.662],[146.257,-43.663],[146.258,-43.662]]],[[[144.705,-40.506],[144.709,-40.507],[144.705,-40.505],[144.705,-40.506]]],[[[148.071,-40.287],[148.067,-40.289],[148.071,-40.288],[148.071,-40.287]]],[[[145.93,-43.412],[145.931,-43.413],[145.933,-43.411],[145.93,-43.412]]],[[[148.019,-40.485],[148.021,-40.485],[148.019,-40.483],[148.019,-40.485]]],[[[145.966,-43.335],[145.966,-43.337],[145.968,-43.335],[145.967,-43.335],[145.966,-43.335]]],[[[146.568,-41.175],[146.57,-41.175],[146.563,-41.173],[146.568,-41.175]]],[[[145.812,-43.279],[145.815,-43.281],[145.814,-43.279],[145.812,-43.279]]],[[[146.987,-43.328],[146.985,-43.328],[146.988,-43.33],[146.987,-43.328]]],[[[148.008,-43.138],[148.005,-43.138],[148.007,-43.139],[148.008,-43.138]]],[[[147.339,-43.439],[147.342,-43.442],[147.341,-43.44],[147.339,-43.439]]],[[[147.601,-42.868],[147.602,-42.869],[147.602,-42.866],[147.601,-42.868]]],[[[144.869,-40.716],[144.872,-40.716],[144.871,-40.715],[144.869,-40.716]]],[[[147.909,-40.269],[147.911,-40.268],[147.91,-40.267],[147.909,-40.269]]],[[[144.737,-40.619],[144.738,-40.62],[144.74,-40.619],[144.737,-40.619]]],[[[145.285,-42.634],[145.287,-42.635],[145.286,-42.633],[145.285,-42.634]]],[[[146.977,-43.327],[146.983,-43.328],[146.98,-43.327],[146.977,-43.327]]],[[[145.3,-42.181],[145.298,-42.182],[145.301,-42.182],[145.3,-42.181]]],[[[146.251,-43.661],[146.249,-43.662],[146.254,-43.661],[146.251,-43.661]]],[[[147.977,-42.643],[147.977,-42.644],[147.98,-42.643],[147.977,-42.643]]],[[[144.828,-40.713],[144.831,-40.713],[144.829,-40.712],[144.828,-40.713]]],[[[147.626,-40.823],[147.627,-40.824],[147.629,-40.823],[147.626,-40.823]]],[[[148.151,-42.063],[148.153,-42.064],[148.154,-42.063],[148.151,-42.063]]],[[[146.048,-43.339],[146.051,-43.339],[146.05,-43.338],[146.048,-43.339]]],[[[144.936,-41.726],[144.938,-41.725],[144.935,-41.725],[144.936,-41.726]]],[[[147.008,-43.098],[147.01,-43.094],[147.009,-43.095],[147.008,-43.098]]],[[[147.299,-43.528],[147.296,-43.529],[147.298,-43.529],[147.299,-43.528]]],[[[145.285,-42.187],[145.286,-42.188],[145.287,-42.187],[145.285,-42.187]]],[[[143.846,-39.733],[143.847,-39.734],[143.848,-39.733],[143.846,-39.733]]],[[[145.958,-43.425],[145.958,-43.426],[145.96,-43.425],[145.958,-43.425]]],[[[147.771,-39.926],[147.773,-39.925],[147.771,-39.925],[147.771,-39.926]]],[[[144.652,-40.381],[144.654,-40.377],[144.656,-40.372],[144.652,-40.381]]],[[[148.347,-42.116],[148.349,-42.118],[148.35,-42.118],[148.347,-42.116]]],[[[148.142,-42.073],[148.143,-42.073],[148.15,-42.071],[148.142,-42.073]]],[[[146.143,-43.368],[146.144,-43.368],[146.141,-43.366],[146.143,-43.368]]],[[[147.299,-43.525],[147.298,-43.525],[147.297,-43.527],[147.299,-43.525]]],[[[144.68,-41.177],[144.678,-41.175],[144.679,-41.177],[144.68,-41.177]]],[[[147.922,-40.336],[147.923,-40.337],[147.923,-40.335],[147.922,-40.336]]],[[[145.922,-43.42],[145.923,-43.419],[145.922,-43.418],[145.922,-43.42]]],[[[145.688,-43.113],[145.689,-43.112],[145.688,-43.111],[145.688,-43.113]]],[[[146.097,-43.558],[146.097,-43.556],[146.096,-43.557],[146.097,-43.558]]],[[[147.783,-40.295],[147.784,-40.296],[147.786,-40.296],[147.783,-40.295]]],[[[146.154,-43.372],[146.156,-43.372],[146.154,-43.371],[146.154,-43.372]]],[[[147.946,-43.032],[147.948,-43.033],[147.946,-43.031],[147.946,-43.032]]],[[[144.734,-40.64],[144.733,-40.639],[144.733,-40.641],[144.734,-40.64]]],[[[148.026,-42.254],[148.026,-42.252],[148.025,-42.253],[148.026,-42.254]]],[[[144.875,-40.733],[144.877,-40.733],[144.876,-40.732],[144.875,-40.733]]],[[[146.903,-43.517],[146.902,-43.518],[146.903,-43.519],[146.903,-43.517]]],[[[146.546,-41.125],[146.549,-41.124],[146.547,-41.124],[146.546,-41.125]]],[[[146.126,-41.158],[146.124,-41.158],[146.128,-41.159],[146.126,-41.158]]],[[[144.922,-40.567],[144.921,-40.568],[144.923,-40.568],[144.922,-40.567]]],[[[148.355,-42.119],[148.357,-42.119],[148.357,-42.118],[148.355,-42.119]]],[[[148.242,-40.561],[148.242,-40.562],[148.244,-40.562],[148.242,-40.561]]],[[[147.418,-43.058],[147.416,-43.059],[147.418,-43.059],[147.418,-43.058]]],[[[147.958,-40.736],[147.959,-40.736],[147.958,-40.734],[147.958,-40.736]]],[[[147.088,-41.383],[147.089,-41.382],[147.089,-41.38],[147.088,-41.383]]],[[[145.36,-42.194],[145.358,-42.194],[145.359,-42.195],[145.36,-42.194]]],[[[145.962,-43.346],[145.96,-43.346],[145.959,-43.347],[145.962,-43.346]]],[[[146.366,-43.536],[146.368,-43.536],[146.367,-43.535],[146.366,-43.536]]],[[[148.146,-42.066],[148.146,-42.065],[148.144,-42.066],[148.146,-42.066]]],[[[148.353,-42.203],[148.355,-42.203],[148.354,-42.202],[148.353,-42.203]]],[[[147.914,-40.255],[147.915,-40.254],[147.913,-40.254],[147.914,-40.255]]],[[[146.567,-41.171],[146.569,-41.171],[146.567,-41.17],[146.567,-41.171]]],[[[148.127,-42.071],[148.129,-42.071],[148.129,-42.07],[148.127,-42.071]]],[[[146.384,-43.639],[146.382,-43.639],[146.384,-43.64],[146.384,-43.639]]],[[[148.329,-40.922],[148.331,-40.922],[148.33,-40.921],[148.329,-40.922]]],[[[148.312,-41.872],[148.313,-41.872],[148.314,-41.87],[148.312,-41.872]]],[[[144.866,-40.727],[144.867,-40.727],[144.867,-40.725],[144.866,-40.727]]],[[[147.636,-40.788],[147.642,-40.78],[147.617,-40.813],[147.636,-40.788]]],[[[147.917,-40.301],[147.918,-40.301],[147.915,-40.3],[147.917,-40.301]]],[[[147.65,-42.908],[147.649,-42.907],[147.649,-42.908],[147.65,-42.908]]],[[[146.006,-43.459],[146.007,-43.459],[146.006,-43.458],[146.006,-43.459]]],[[[147.852,-39.766],[147.851,-39.766],[147.852,-39.767],[147.852,-39.766]]],[[[145.269,-42.629],[145.267,-42.63],[145.27,-42.629],[145.269,-42.629]]],[[[148.322,-40.922],[148.321,-40.922],[148.321,-40.923],[148.322,-40.922]]],[[[146.428,-41.148],[146.427,-41.147],[146.426,-41.147],[146.428,-41.148]]],[[[147.978,-42.883],[147.979,-42.882],[147.978,-42.882],[147.978,-42.883]]],[[[146.139,-41.135],[146.138,-41.135],[146.139,-41.136],[146.139,-41.135]]],[[[146.379,-43.535],[146.38,-43.536],[146.38,-43.535],[146.379,-43.535]]],[[[145.178,-42.208],[145.177,-42.209],[145.178,-42.209],[145.178,-42.208]]],[[[148.358,-42.117],[148.357,-42.117],[148.358,-42.118],[148.358,-42.117]]],[[[147.549,-40.892],[147.55,-40.892],[147.549,-40.891],[147.549,-40.892]]],[[[148.13,-40.572],[148.13,-40.571],[148.129,-40.571],[148.13,-40.572]]],[[[148.215,-42.005],[148.215,-42.004],[148.214,-42.005],[148.215,-42.005]]],[[[144.611,-40.941],[144.612,-40.941],[144.611,-40.94],[144.611,-40.941]]],[[[144.702,-40.645],[144.703,-40.645],[144.703,-40.644],[144.702,-40.645]]],[[[146.319,-43.535],[146.321,-43.536],[146.32,-43.535],[146.319,-43.535]]],[[[147.005,-43.105],[147.004,-43.105],[147.003,-43.106],[147.005,-43.105]]],[[[144.781,-40.599],[144.781,-40.6],[144.782,-40.598],[144.781,-40.599]]],[[[144.731,-40.587],[144.732,-40.587],[144.732,-40.586],[144.731,-40.587]]],[[[145.969,-43.425],[145.97,-43.426],[145.97,-43.425],[145.969,-43.425]]],[[[147.966,-40.743],[147.967,-40.742],[147.966,-40.742],[147.966,-40.743]]],[[[145.178,-42.308],[145.177,-42.306],[145.177,-42.307],[145.178,-42.308]]],[[[144.031,-40.106],[144.032,-40.106],[144.031,-40.105],[144.031,-40.106]]],[[[144.68,-41.178],[144.679,-41.179],[144.68,-41.179],[144.68,-41.178]]],[[[147.966,-43.218],[147.966,-43.217],[147.965,-43.217],[147.966,-43.218]]],[[[144.944,-40.752],[144.945,-40.751],[144.944,-40.751],[144.944,-40.752]]],[[[146.07,-43.56],[146.07,-43.559],[146.069,-43.56],[146.07,-43.56]]],[[[145.912,-43.197],[145.913,-43.197],[145.913,-43.196],[145.912,-43.197]]],[[[147.244,-43.478],[147.244,-43.477],[147.243,-43.477],[147.244,-43.478]]],[[[144.687,-41.246],[144.687,-41.245],[144.686,-41.245],[144.687,-41.246]]],[[[144.7,-40.788],[144.701,-40.789],[144.701,-40.788],[144.7,-40.788]]],[[[147.168,-43.49],[147.169,-43.49],[147.168,-43.489],[147.168,-43.49]]],[[[145.29,-42.185],[145.291,-42.185],[145.29,-42.184],[145.29,-42.185]]],[[[144.649,-40.898],[144.65,-40.898],[144.649,-40.897],[144.649,-40.898]]],[[[146.178,-43.359],[146.179,-43.359],[146.178,-43.358],[146.178,-43.359]]],[[[144.679,-41.173],[144.679,-41.172],[144.678,-41.173],[144.679,-41.173]]],[[[144.685,-40.583],[144.684,-40.583],[144.685,-40.584],[144.685,-40.583]]],[[[148.309,-41.889],[148.31,-41.889],[148.31,-41.888],[148.309,-41.889]]],[[[148.339,-41.26],[148.338,-41.26],[148.338,-41.261],[148.339,-41.26]]],[[[146.973,-43.447],[146.972,-43.446],[146.972,-43.447],[146.973,-43.447]]],[[[144.697,-40.782],[144.696,-40.782],[144.697,-40.783],[144.697,-40.782]]],[[[146,-43.426],[146,-43.425],[145.999,-43.426],[146,-43.426]]],[[[144.695,-40.813],[144.696,-40.812],[144.695,-40.812],[144.695,-40.813]]],[[[144.678,-40.725],[144.679,-40.725],[144.678,-40.724],[144.678,-40.725]]],[[[144.638,-41.044],[144.639,-41.045],[144.639,-41.044],[144.638,-41.044]]],[[[144.648,-41.048],[144.649,-41.048],[144.649,-41.047],[144.648,-41.048]]],[[[147.018,-43.113],[147.017,-43.112],[147.017,-43.113],[147.018,-43.113]]],[[[144.698,-40.802],[144.697,-40.803],[144.699,-40.802],[144.698,-40.802]]],[[[147.359,-43.404],[147.358,-43.404],[147.36,-43.405],[147.359,-43.404]]],[[[146.265,-43.662],[146.266,-43.662],[146.267,-43.661],[146.265,-43.662]]],[[[148.286,-40.08],[148.287,-40.08],[148.285,-40.079],[148.286,-40.08]]],[[[144.921,-40.573],[144.922,-40.573],[144.923,-40.572],[144.921,-40.573]]],[[[148.209,-40.318],[148.21,-40.318],[148.209,-40.317],[148.209,-40.318]]],[[[145.921,-43.418],[145.92,-43.418],[145.92,-43.419],[145.921,-43.418]]],[[[148.187,-42.036],[148.186,-42.037],[148.186,-42.038],[148.187,-42.036]]],[[[148.269,-42.125],[148.27,-42.125],[148.27,-42.124],[148.269,-42.125]]],[[[147.946,-43.214],[147.947,-43.214],[147.947,-43.213],[147.946,-43.214]]],[[[148.358,-42.117],[148.359,-42.117],[148.359,-42.116],[148.358,-42.117]]],[[[147.984,-42.323],[147.983,-42.322],[147.983,-42.323],[147.984,-42.323]]],[[[147.96,-43.076],[147.961,-43.076],[147.96,-43.075],[147.96,-43.076]]],[[[147.961,-40.745],[147.961,-40.744],[147.96,-40.744],[147.961,-40.745]]],[[[144.697,-40.782],[144.698,-40.781],[144.697,-40.781],[144.697,-40.782]]],[[[146.162,-43.519],[146.163,-43.517],[146.162,-43.518],[146.162,-43.519]]],[[[145.811,-43.281],[145.81,-43.28],[145.811,-43.282],[145.811,-43.281]]],[[[148.339,-42.133],[148.338,-42.133],[148.339,-42.134],[148.339,-42.133]]],[[[145.216,-42.211],[145.216,-42.21],[145.215,-42.211],[145.216,-42.211]]],[[[148.118,-40.544],[148.117,-40.543],[148.117,-40.544],[148.118,-40.544]]],[[[145.933,-43.409],[145.932,-43.41],[145.933,-43.41],[145.933,-43.409]]],[[[146.57,-41.177],[146.569,-41.177],[146.569,-41.178],[146.57,-41.177]]],[[[148.189,-42.036],[148.189,-42.037],[148.19,-42.036],[148.189,-42.036]]],[[[145.959,-43.349],[145.96,-43.348],[145.959,-43.348],[145.959,-43.349]]],[[[144.934,-41.726],[144.935,-41.726],[144.934,-41.725],[144.934,-41.726]]],[[[147.838,-43.004],[147.838,-43.003],[147.837,-43.003],[147.838,-43.004]]],[[[144.704,-40.656],[144.703,-40.655],[144.704,-40.657],[144.704,-40.656]]],[[[148.293,-41.168],[148.294,-41.167],[148.293,-41.167],[148.293,-41.168]]],[[[148.284,-40.076],[148.284,-40.077],[148.285,-40.075],[148.284,-40.076]]],[[[147.18,-43.287],[147.18,-43.288],[147.181,-43.287],[147.18,-43.287]]],[[[146.128,-41.125],[146.129,-41.124],[146.128,-41.124],[146.128,-41.125]]],[[[144.652,-40.381],[144.652,-40.382],[144.653,-40.382],[144.652,-40.381]]],[[[148.003,-42.96],[148.004,-42.961],[148.004,-42.96],[148.003,-42.96]]],[[[147.298,-43.528],[147.299,-43.527],[147.298,-43.527],[147.298,-43.528]]],[[[147.042,-43.332],[147.042,-43.331],[147.041,-43.331],[147.042,-43.332]]],[[[145.18,-42.209],[145.181,-42.21],[145.181,-42.209],[145.18,-42.209]]],[[[145.182,-42.22],[145.183,-42.219],[145.182,-42.219],[145.182,-42.22]]],[[[147.03,-43.077],[147.03,-43.076],[147.029,-43.076],[147.03,-43.077]]],[[[145.178,-42.308],[145.179,-42.308],[145.179,-42.307],[145.178,-42.308]]],[[[144.685,-41.21],[144.686,-41.21],[144.686,-41.209],[144.685,-41.21]]],[[[145.459,-42.385],[145.46,-42.385],[145.459,-42.384],[145.459,-42.385]]],[[[144.711,-40.49],[144.71,-40.49],[144.711,-40.491],[144.711,-40.49]]],[[[147.948,-43.216],[147.949,-43.216],[147.948,-43.215],[147.948,-43.216]]],[[[144.625,-41.027],[144.624,-41.027],[144.626,-41.028],[144.625,-41.027]]],[[[147.953,-40.741],[147.953,-40.742],[147.954,-40.741],[147.953,-40.741]]],[[[143.874,-40.108],[143.875,-40.107],[143.874,-40.107],[143.874,-40.108]]],[[[148.005,-42.959],[148.006,-42.96],[148.006,-42.959],[148.005,-42.959]]],[[[144.705,-40.793],[144.704,-40.793],[144.704,-40.794],[144.705,-40.793]]],[[[144.68,-41.177],[144.679,-41.178],[144.68,-41.178],[144.68,-41.177]]],[[[146.108,-43.559],[146.109,-43.558],[146.108,-43.558],[146.108,-43.559]]],[[[148.029,-40.75],[148.03,-40.75],[148.029,-40.749],[148.029,-40.75]]],[[[144.71,-41.274],[144.709,-41.273],[144.709,-41.274],[144.71,-41.274]]],[[[144.681,-41.174],[144.681,-41.173],[144.68,-41.173],[144.681,-41.174]]],[[[144.684,-40.675],[144.685,-40.674],[144.684,-40.674],[144.684,-40.675]]],[[[144.7,-40.803],[144.701,-40.803],[144.701,-40.802],[144.7,-40.803]]],[[[144.638,-41.044],[144.638,-41.043],[144.637,-41.043],[144.638,-41.044]]],[[[144.918,-41.668],[144.917,-41.668],[144.917,-41.669],[144.918,-41.668]]],[[[144.715,-41.297],[144.716,-41.297],[144.715,-41.296],[144.715,-41.297]]],[[[144.677,-41.171],[144.677,-41.17],[144.676,-41.171],[144.677,-41.171]]],[[[144.745,-40.662],[144.746,-40.662],[144.745,-40.661],[144.745,-40.662]]],[[[144.648,-40.9],[144.649,-40.9],[144.648,-40.899],[144.648,-40.9]]],[[[143.867,-40.077],[143.868,-40.076],[143.867,-40.076],[143.867,-40.077]]],[[[144.636,-40.902],[144.636,-40.901],[144.635,-40.901],[144.636,-40.902]]],[[[148.312,-42.355],[148.312,-42.356],[148.313,-42.356],[148.312,-42.355]]],[[[148.063,-40.291],[148.062,-40.291],[148.061,-40.292],[148.063,-40.291]]],[[[145.223,-42.42],[145.224,-42.42],[145.223,-42.419],[145.223,-42.42]]],[[[146.902,-43.516],[146.901,-43.517],[146.902,-43.517],[146.902,-43.516]]],[[[147.486,-43.069],[147.486,-43.068],[147.485,-43.067],[147.486,-43.069]]],[[[143.873,-40.096],[143.872,-40.096],[143.872,-40.097],[143.873,-40.096]]],[[[148.312,-41.872],[148.312,-41.873],[148.313,-41.875],[148.312,-41.872]]],[[[146.001,-43.439],[146.003,-43.438],[146.002,-43.438],[146.001,-43.439]]],[[[147.849,-39.764],[147.848,-39.765],[147.849,-39.765],[147.849,-39.764]]],[[[147.729,-40.129],[147.73,-40.129],[147.73,-40.128],[147.729,-40.129]]],[[[146.973,-43.447],[146.973,-43.448],[146.974,-43.447],[146.973,-43.447]]],[[[148.152,-42.071],[148.151,-42.07],[148.151,-42.071],[148.152,-42.071]]],[[[148.288,-41.21],[148.289,-41.21],[148.289,-41.209],[148.288,-41.21]]],[[[145.669,-43.082],[145.67,-43.082],[145.669,-43.081],[145.669,-43.082]]],[[[144.908,-40.393],[144.908,-40.392],[144.907,-40.393],[144.908,-40.393]]],[[[145.074,-41.857],[145.075,-41.857],[145.074,-41.856],[145.074,-41.857]]],[[[146.247,-43.662],[146.248,-43.662],[146.247,-43.661],[146.247,-43.662]]],[[[144.735,-40.627],[144.735,-40.628],[144.736,-40.627],[144.735,-40.627]]],[[[144.639,-41.045],[144.639,-41.046],[144.64,-41.046],[144.639,-41.045]]],[[[144.639,-40.919],[144.64,-40.918],[144.639,-40.918],[144.639,-40.919]]],[[[144.645,-41.046],[144.646,-41.047],[144.646,-41.046],[144.645,-41.046]]],[[[144.688,-40.684],[144.688,-40.683],[144.687,-40.684],[144.688,-40.684]]],[[[145.918,-43.207],[145.921,-43.205],[145.919,-43.206],[145.918,-43.207]]],[[[144.874,-40.728],[144.876,-40.729],[144.87,-40.726],[144.874,-40.728]]],[[[147.953,-40.743],[147.954,-40.744],[147.952,-40.742],[147.953,-40.743]]]]},"properties":{"state_code":"6","state_name":"Tasmania","boundary_edition":2026}},
{"type":"Feature","geometry":{"type":"MultiPolygon","coordinates":[[[[137.995,-16.538],[137.73,-16.232],[137.373,-16.133],[136.978,-15.851],[136.953,-15.938],[136.706,-15.931],[136.643,-15.769],[136.724,-15.696],[136.555,-15.75],[136.317,-15.626],[136.24,-15.416],[135.531,-15.017],[135.411,-14.873],[135.382,-14.726],[135.541,-14.653],[135.6030707882535,-14.506635548686244],[135.612,-14.518],[135.63,-14.494],[135.60473461619793,-14.50271220131106],[135.703,-14.271],[135.904,-14.191],[135.91,-13.99],[136.082,-13.66],[135.879,-13.712],[135.86,-13.44],[135.973,-13.402],[135.88,-13.362],[135.912,-13.281],[136.004,-13.212],[136.046,-13.31],[136.145,-13.121],[136.181,-13.282],[136.219,-13.137],[136.316,-13.159],[136.333,-13.032],[136.388,-13.226],[136.331,-13.324],[136.469,-13.247],[136.567,-13.059],[136.454,-12.979],[136.668,-13.004],[136.466,-12.781],[136.543,-12.807],[136.551,-12.74],[136.622,-12.839],[136.606,-12.723],[136.694,-12.711],[136.762,-12.577],[136.669,-12.591],[136.726,-12.482],[136.794,-12.452],[136.773,-12.556],[136.979,-12.345],[136.871,-12.382],[136.927,-12.281],[136.782,-12.159],[136.681,-12.186],[136.69812367778684,-12.210141578519123],[136.696,-12.21],[136.701,-12.231],[136.7059278846154,-12.22114423076923],[136.742,-12.272],[136.649,-12.27],[136.531,-11.991],[136.445,-11.998],[136.563,-11.877],[136.167,-12.164],[136.378,-12.247],[136.304,-12.4],[136.016,-12.494],[135.967,-12.405],[136.061,-12.241],[135.928,-12.224],[136.045,-12.063],[135.711,-12.311],[135.652,-12.202],[135.91,-11.953],[135.57,-12.101],[135.366,-12.085],[135.223,-12.19],[135.343,-12.247],[135.161,-12.226],[135.213,-12.296],[134.856,-12.132],[134.7972772764561,-12.03156767842494],[134.832,-12.047],[134.812,-12.025],[134.79677535014005,-12.030709243697478],[134.749,-11.949],[134.496,-12.073],[134.246,-11.985],[134.182,-12.136],[134.17530601092895,-12.104404371584705],[134.182,-12.087],[134.17316086587437,-12.094279286926994],[134.132,-11.9],[133.839,-11.877],[133.916,-11.743],[133.794,-11.726],[133.518,-11.877],[133.534,-11.761],[133.456,-11.802],[133.402,-11.733],[133.317,-11.768],[133.34,-11.694],[133.153,-11.707],[132.918,-11.332],[132.896,-11.427],[132.668,-11.516],[132.451,-11.218],[132.373,-11.295],[132.344,-11.12],[132.266,-11.176],[132.282,-11.275],[132.136,-11.122],[132.173,-11.324],[132.238,-11.342],[132.17,-11.421],[132.114,-11.212],[131.994,-11.125],[131.962,-11.253],[131.883,-11.182],[131.764,-11.317],[131.944,-11.32],[132.116,-11.54],[132.238,-11.456],[132.527,-11.469],[132.597,-11.654],[132.5,-11.68],[132.645,-11.728],[132.58,-11.788],[132.655,-11.89],[132.629,-12.087],[132.389,-12.236],[132.238,-12.17],[132.07,-12.304],[131.879,-12.215],[131.472,-12.284],[131.334,-12.211],[131.297,-12.043],[131.225,-12.285],[131.169,-12.173],[131.031,-12.146],[131.055,-12.348],[130.896,-12.33],[130.816,-12.407],[130.947,-12.471],[130.9524347826087,-12.536217391304351],[130.952,-12.536],[130.95250000000001,-12.537000000000015],[130.954,-12.555],[130.859,-12.507],[130.967,-12.63],[130.9497090190915,-12.62511784068466],[130.948,-12.617],[130.945,-12.622],[130.9460410958904,-12.624082191780817],[130.882,-12.606],[130.895,-12.682],[130.841,-12.555],[130.732,-12.597],[130.765,-12.437],[130.579,-12.405],[130.568,-12.59],[130.642,-12.639],[130.546,-12.634],[130.739,-12.711],[130.621,-12.705],[130.624,-12.775],[130.53908768946025,-12.704152918813454],[130.518,-12.569],[130.487,-12.624],[130.533548164464,-12.69953098384726],[130.461,-12.639],[130.36461736334405,-12.666411575562702],[130.358,-12.662],[130.36075502008032,-12.667510040160646],[130.352,-12.67],[130.338,-12.89],[130.129,-12.967],[130.116,-13.164],[130.239,-13.282],[130.191,-13.394],[130.008,-13.533],[129.897,-13.44],[129.817,-13.502],[129.746,-13.975],[129.598,-14.011],[129.557,-14.142],[129.479,-14.048],[129.512,-14.127],[129.367,-14.338],[129.357,-14.424],[129.453,-14.505],[129.454,-14.446],[129.523,-14.466],[129.526,-14.552],[129.78,-14.54],[129.584,-14.616],[129.672,-14.763],[129.81,-14.76],[129.769,-14.828],[129.903,-14.773],[129.803,-14.858],[129.578,-14.798],[129.592,-14.891],[129.5,-14.79],[129.685,-15.143],[129.564,-15.18],[129.604,-15.108],[129.482,-14.941],[129.228,-14.839],[129.233,-15.008],[129.302,-15.037],[129.158,-15.198],[129.15908543417365,-15.190612044817943],[129.163,-15.182],[129.15989444444443,-15.185105555555566],[129.189,-14.987],[129.001,-14.88],[129.00166156957536,-25.99899985295186],[129.009998,-25.998998],[137.999,-25.997],[137.99899989435988,-25.9967501875733],[137.995,-16.538]]],[[[130.41,-11.365],[130.495,-11.658],[130.953,-11.94],[131.281,-11.74],[131.38,-11.584],[131.469,-11.609],[131.544,-11.453],[131.437,-11.267],[131.303,-11.274],[131.276,-11.19],[131.209,-11.344],[131.148,-11.25],[131.033,-11.367],[130.899,-11.309],[130.705,-11.385],[130.81,-11.527],[130.711,-11.489],[130.657,-11.336],[130.569,-11.398],[130.596,-11.289],[130.377,-11.167],[130.41,-11.365]]],[[[136.64142857142858,-13.668857142857135],[136.643,-13.668],[136.64,-13.656],[136.63304347826087,-13.671652173913039],[136.575,-13.691],[136.631,-13.789],[136.417,-13.853],[136.443,-14.123],[136.325,-14.246],[136.437,-14.196],[136.649,-14.297],[136.951,-14.304],[136.95808108108108,-14.222567567567545],[136.959,-14.229],[136.965,-14.224],[136.95812727272727,-14.222036363636361],[136.963,-14.166],[136.763,-14.197],[136.699,-14.123],[136.806,-14.038],[136.771,-13.951],[136.905,-13.764],[136.727,-13.843],[136.695,-13.651],[136.64142857142858,-13.668857142857135]],[[136.664,-13.665],[136.682,-13.659],[136.665,-13.685],[136.664,-13.665]]],[[[130.633,-11.777],[130.469,-11.667],[130.339,-11.318],[130.148,-11.482],[130.261,-11.527],[130.195,-11.517],[130.191,-11.64],[130.303,-11.728],[130.22,-11.67],[130.234,-11.741],[130.202,-11.649],[130.076,-11.669],[130.021,-11.776],[130.506,-11.831],[130.633,-11.777]]],[[[135.562,-12.014],[135.566,-12.072],[135.783,-11.974],[135.932,-11.781],[135.876,-11.757],[135.782,-11.91],[135.562,-12.014]]],[[[132.582,-11.154],[132.595,-10.97],[132.462,-11.039],[132.588,-11.357],[132.582,-11.154]]],[[[136.949,-15.736],[137.075,-15.846],[137.082,-15.656],[137.009,-15.587],[136.949,-15.736]]],[[[136.7208010675426,-11.076872921371379],[136.716,-11.076],[136.71942666359658,-11.078937140225642],[136.497,-11.413],[136.684,-11.249],[136.76,-11.018],[136.72694337016574,-11.067647790055249],[136.725,-11.067],[136.724,-11.071],[136.72487851719518,-11.07074899508709],[136.7208010675426,-11.076872921371379]]],[[[136.192,-13.773],[136.248,-13.85],[136.293,-13.708],[136.191,-13.671],[136.106,-13.817],[136.192,-13.773]]],[[[136.617,-15.555],[136.525,-15.531],[136.495,-15.644],[136.59,-15.645],[136.617,-15.555]]],[[[136.142,-13.524],[136.205,-13.451],[136.092,-13.358],[136.142,-13.524]]],[[[136.75,-15.647],[136.738,-15.763],[136.837,-15.687],[136.75,-15.647]]],[[[136.141,-12.045],[136.194,-12.077],[136.314,-11.974],[136.141,-12.045]]],[[[133.391,-11.495],[133.385,-11.548],[133.493,-11.515],[133.391,-11.495]]],[[[135.992,-11.716],[136.049,-11.645],[135.953,-11.679],[135.992,-11.716]]],[[[134.92,-12.111],[134.848,-12.044],[134.869,-12.127],[134.92,-12.111]]],[[[136.373,-11.564],[136.45,-11.532],[136.474,-11.467],[136.373,-11.564]]],[[[135.69,-14.906],[135.764,-14.902],[135.759,-14.848],[135.69,-14.906]]],[[[133.385,-11.638],[133.369,-11.682],[133.481,-11.619],[133.385,-11.638]]],[[[130.02,-13.176],[130.075,-13.171],[130.018,-13.111],[130.02,-13.176]]],[[[132.336,-12.094],[132.422,-12.121],[132.401,-12.076],[132.336,-12.094]]],[[[136.516,-11.797],[136.628,-11.741],[136.534,-11.761],[136.516,-11.797]]],[[[136.499,-13.717],[136.467,-13.741],[136.519,-13.792],[136.499,-13.717]]],[[[134.909,-12.033],[134.959,-12.066],[134.991,-12.037],[134.909,-12.033]]],[[[136.872,-15.61],[136.881,-15.506],[136.845,-15.647],[136.872,-15.61]]],[[[136.411,-11.861],[136.367,-11.904],[136.431,-11.894],[136.411,-11.861]]],[[[135.056,-11.954],[135.122,-11.927],[135.056,-11.919],[135.056,-11.954]]],[[[131.046,-12.094],[131.002,-12.118],[131.065,-12.126],[131.046,-12.094]]],[[[136.798,-12.119],[136.828,-12.135],[136.824,-12.073],[136.798,-12.119]]],[[[132.111,-11.612],[132.15,-11.609],[132.131,-11.565],[132.111,-11.612]]],[[[135.946,-11.905],[135.992,-11.851],[135.942,-11.88],[135.946,-11.905]]],[[[132.904,-11.143],[132.857,-11.148],[132.92,-11.17],[132.904,-11.143]]],[[[136.47,-11.849],[136.464,-11.904],[136.498,-11.794],[136.47,-11.849]]],[[[136.837,-15.567],[136.774,-15.579],[136.836,-15.585],[136.837,-15.567]]],[[[136.367,-13.842],[136.357,-13.809],[136.334,-13.839],[136.367,-13.842]]],[[[132.991,-11.079],[133.017,-11.068],[132.978,-11.044],[132.991,-11.079]]],[[[136.313,-11.598],[136.368,-11.558],[136.159,-11.693],[136.313,-11.598]]],[[[136.149,-12.175],[136.104,-12.191],[136.151,-12.195],[136.149,-12.175]]],[[[131.032,-12.058],[131.064,-12.034],[131.002,-12.052],[131.032,-12.058]]],[[[129.693,-14.806],[129.732,-14.804],[129.671,-14.784],[129.693,-14.806]]],[[[136.155,-11.698],[136.138,-11.683],[136.131,-11.726],[136.155,-11.698]]],[[[135.939,-11.749],[135.959,-11.762],[135.977,-11.733],[135.939,-11.749]]],[[[131.08,-12.016],[131.135,-12.015],[131.127,-12.001],[131.08,-12.016]]],[[[136.027,-12.15],[136.047,-12.103],[136.035,-12.093],[136.027,-12.15]]],[[[136.078,-13.469],[136.109,-13.465],[136.082,-13.444],[136.078,-13.469]]],[[[131.069,-12.072],[131.127,-12.059],[131.094,-12.054],[131.069,-12.072]]],[[[136.243,-13.459],[136.273,-13.462],[136.247,-13.436],[136.243,-13.459]]],[[[132.3,-11.593],[132.325,-11.582],[132.304,-11.564],[132.3,-11.593]]],[[[136.79,-15.614],[136.819,-15.603],[136.789,-15.591],[136.79,-15.614]]],[[[136.929,-13.639],[136.952,-13.649],[136.964,-13.628],[136.929,-13.639]]],[[[134.85,-12.013],[134.829,-12.029],[134.863,-12.031],[134.85,-12.013]]],[[[130.086,-13.205],[130.108,-13.224],[130.102,-13.194],[130.086,-13.205]]],[[[136.647,-15.606],[136.681,-15.605],[136.669,-15.59],[136.647,-15.606]]],[[[134.992,-12.096],[135.001,-12.078],[134.978,-12.066],[134.992,-12.096]]],[[[136.815,-15.746],[136.83,-15.731],[136.8,-15.728],[136.815,-15.746]]],[[[130.38,-12.642],[130.396,-12.627],[130.378,-12.617],[130.38,-12.642]]],[[[136.074,-11.771],[136.101,-11.742],[136.076,-11.753],[136.074,-11.771]]],[[[130.41,-12.583],[130.434,-12.58],[130.421,-12.564],[130.41,-12.583]]],[[[136.097,-13.303],[136.078,-13.298],[136.092,-13.322],[136.097,-13.303]]],[[[136.045,-12.302],[136.051,-12.311],[136.071,-12.277],[136.045,-12.302]]],[[[132.651,-11.205],[132.661,-11.212],[132.682,-11.189],[132.651,-11.205]]],[[[136.437,-11.915],[136.454,-11.918],[136.458,-11.897],[136.437,-11.915]]],[[[132.779,-11.388],[132.803,-11.389],[132.779,-11.373],[132.779,-11.388]]],[[[136.738,-11.007],[136.747,-11.021],[136.763,-11.006],[136.738,-11.007]]],[[[130.394,-12.598],[130.416,-12.595],[130.401,-12.581],[130.394,-12.598]]],[[[136.233,-13.586],[136.226,-13.601],[136.248,-13.6],[136.233,-13.586]]],[[[132.854,-11.06],[132.878,-11.048],[132.859,-11.045],[132.854,-11.06]]],[[[132.356,-12.157],[132.345,-12.172],[132.352,-12.189],[132.356,-12.157]]],[[[132.825,-10.995],[132.833,-10.974],[132.822,-10.967],[132.825,-10.995]]],[[[136.048,-11.788],[136.041,-11.783],[136.028,-11.813],[136.048,-11.788]]],[[[136.687,-13.632],[136.702,-13.635],[136.7,-13.617],[136.687,-13.632]]],[[[134.944,-12.081],[134.957,-12.096],[134.955,-12.074],[134.944,-12.081]]],[[[135.152,-11.7],[135.169,-11.703],[135.157,-11.686],[135.152,-11.7]]],[[[136.205,-11.619],[136.193,-11.614],[136.208,-11.641],[136.205,-11.619]]],[[[136.323,-11.962],[136.336,-11.961],[136.333,-11.945],[136.323,-11.962]]],[[[136.078,-11.604],[136.089,-11.582],[136.077,-11.587],[136.078,-11.604]]],[[[136.399,-13.63],[136.42,-13.632],[136.417,-13.622],[136.399,-13.63]]],[[[136.908,-13.668],[136.909,-13.658],[136.887,-13.676],[136.908,-13.668]]],[[[136.106,-11.563],[136.114,-11.566],[136.122,-11.544],[136.106,-11.563]]],[[[136.578,-13.664],[136.603,-13.657],[136.586,-13.654],[136.578,-13.664]]],[[[130.404,-12.608],[130.385,-12.602],[130.393,-12.613],[130.404,-12.608]]],[[[136.751,-13.692],[136.738,-13.686],[136.733,-13.696],[136.751,-13.692]]],[[[136.055,-11.642],[136.063,-11.647],[136.062,-11.627],[136.055,-11.642]]],[[[132.332,-11.538],[132.338,-11.541],[132.336,-11.515],[132.332,-11.538]]],[[[130.865,-12.546],[130.862,-12.562],[130.873,-12.553],[130.865,-12.546]]],[[[132.731,-11.296],[132.733,-11.285],[132.72,-11.285],[132.731,-11.296]]],[[[136.949,-15.76],[136.94,-15.768],[136.947,-15.777],[136.949,-15.76]]],[[[136.395,-13.704],[136.38,-13.695],[136.4,-13.716],[136.395,-13.704]]],[[[134.919,-12.06],[134.931,-12.067],[134.927,-12.054],[134.919,-12.06]]],[[[132.829,-11.002],[132.817,-11.024],[132.825,-11.02],[132.829,-11.002]]],[[[131.948,-11.478],[131.965,-11.484],[131.955,-11.473],[131.948,-11.478]]],[[[135.974,-13.331],[135.962,-13.321],[135.977,-13.344],[135.974,-13.331]]],[[[131.352,-12.097],[131.348,-12.112],[131.357,-12.109],[131.352,-12.097]]],[[[136.532,-13.699],[136.54,-13.687],[136.53,-13.688],[136.532,-13.699]]],[[[132.453,-11.626],[132.464,-11.621],[132.451,-11.617],[132.453,-11.626]]],[[[136.028,-12.174],[136.026,-12.167],[136.02,-12.196],[136.028,-12.174]]],[[[136.624,-12.866],[136.627,-12.854],[136.618,-12.858],[136.624,-12.866]]],[[[136.819,-11.668],[136.81,-11.674],[136.838,-11.665],[136.819,-11.668]]],[[[136.654,-13.655],[136.644,-13.657],[136.647,-13.665],[136.654,-13.655]]],[[[136.973,-14.261],[136.985,-14.26],[136.976,-14.254],[136.973,-14.261]]],[[[133.028,-10.908],[133.027,-10.913],[133.044,-10.907],[133.028,-10.908]]],[[[136.373,-13.319],[136.383,-13.313],[136.37,-13.313],[136.373,-13.319]]],[[[136.93,-14.352],[136.942,-14.35],[136.933,-14.345],[136.93,-14.352]]],[[[130.651,-11.814],[130.647,-11.821],[130.661,-11.816],[130.651,-11.814]]],[[[134.213,-11.958],[134.217,-11.964],[134.223,-11.954],[134.213,-11.958]]],[[[130.456,-12.632],[130.463,-12.636],[130.457,-12.622],[130.456,-12.632]]],[[[136.685,-13.634],[136.68,-13.647],[136.688,-13.641],[136.685,-13.634]]],[[[136.927,-13.667],[136.937,-13.663],[136.929,-13.659],[136.927,-13.667]]],[[[130.657,-11.321],[130.665,-11.327],[130.661,-11.315],[130.657,-11.321]]],[[[135.78,-15.101],[135.791,-15.091],[135.781,-15.094],[135.78,-15.101]]],[[[136.66,-11.834],[136.688,-11.822],[136.643,-11.839],[136.66,-11.834]]],[[[136.582,-13.723],[136.57,-13.726],[136.579,-13.729],[136.582,-13.723]]],[[[136.323,-11.966],[136.315,-11.963],[136.319,-11.972],[136.323,-11.966]]],[[[132.169,-11.587],[132.175,-11.586],[132.172,-11.577],[132.169,-11.587]]],[[[136.572,-13.782],[136.579,-13.775],[136.572,-13.774],[136.572,-13.782]]],[[[136.572,-11.87],[136.58,-11.865],[136.57,-11.865],[136.572,-11.87]]],[[[136.623,-13.671],[136.629,-13.661],[136.621,-13.666],[136.623,-13.671]]],[[[133.316,-11.667],[133.322,-11.661],[133.316,-11.659],[133.316,-11.667]]],[[[130.433,-12.524],[130.44,-12.518],[130.438,-12.513],[130.433,-12.524]]],[[[136.956,-14.297],[136.964,-14.3],[136.958,-14.292],[136.956,-14.297]]],[[[136.725,-15.653],[136.732,-15.657],[136.729,-15.649],[136.725,-15.653]]],[[[136.671,-12.875],[136.678,-12.877],[136.675,-12.87],[136.671,-12.875]]],[[[135.735,-14.288],[135.728,-14.291],[135.733,-14.295],[135.735,-14.288]]],[[[136.718,-15.763],[136.724,-15.762],[136.718,-15.756],[136.718,-15.763]]],[[[136.02,-12.481],[136.025,-12.475],[136.024,-12.468],[136.02,-12.481]]],[[[136.602,-13.669],[136.61,-13.664],[136.607,-13.661],[136.602,-13.669]]],[[[136.509,-15.53],[136.515,-15.519],[136.508,-15.526],[136.509,-15.53]]],[[[136.269,-13.596],[136.276,-13.592],[136.271,-13.59],[136.269,-13.596]]],[[[136.906,-15.616],[136.91,-15.613],[136.908,-15.606],[136.906,-15.616]]],[[[130.998,-12.161],[131.001,-12.153],[130.996,-12.155],[130.998,-12.161]]],[[[136.728,-12.889],[136.729,-12.882],[136.724,-12.885],[136.728,-12.889]]],[[[131.016,-12.15],[131.024,-12.146],[131.02,-12.144],[131.016,-12.15]]],[[[136.977,-15.603],[136.979,-15.607],[136.982,-15.598],[136.977,-15.603]]],[[[137.07,-15.858],[137.069,-15.866],[137.074,-15.855],[137.07,-15.858]]],[[[136.956,-15.504],[136.955,-15.499],[136.95,-15.503],[136.956,-15.504]]],[[[130.625,-12.688],[130.629,-12.685],[130.626,-12.68],[130.625,-12.688]]],[[[136.792,-14.098],[136.795,-14.1],[136.794,-14.09],[136.792,-14.098]]],[[[136.38,-13.723],[136.379,-13.711],[136.377,-13.715],[136.38,-13.723]]],[[[136.967,-14.246],[136.968,-14.241],[136.962,-14.244],[136.967,-14.246]]],[[[132.157,-11.564],[132.153,-11.566],[132.154,-11.572],[132.157,-11.564]]],[[[136.821,-14.338],[136.823,-14.336],[136.818,-14.329],[136.821,-14.338]]],[[[136.106,-13.447],[136.111,-13.445],[136.109,-13.441],[136.106,-13.447]]],[[[136.952,-14.354],[136.953,-14.349],[136.948,-14.351],[136.952,-14.354]]],[[[136.32,-13.592],[136.324,-13.591],[136.319,-13.587],[136.32,-13.592]]],[[[136.159,-12.181],[136.158,-12.177],[136.153,-12.178],[136.159,-12.181]]],[[[136.228,-13.443],[136.228,-13.439],[136.223,-13.44],[136.228,-13.443]]],[[[136.882,-15.719],[136.887,-15.716],[136.882,-15.715],[136.882,-15.719]]],[[[136.169,-12.37],[136.168,-12.373],[136.175,-12.371],[136.169,-12.37]]],[[[130.407,-11.429],[130.41,-11.427],[130.408,-11.422],[130.407,-11.429]]],[[[136.071,-13.446],[136.075,-13.445],[136.072,-13.441],[136.071,-13.446]]],[[[136.654,-15.587],[136.656,-15.589],[136.659,-15.583],[136.654,-15.587]]],[[[132.725,-11.478],[132.727,-11.474],[132.723,-11.473],[132.725,-11.478]]],[[[136.66,-14.312],[136.66,-14.306],[136.657,-14.304],[136.66,-14.312]]],[[[135.869,-14.437],[135.876,-14.428],[135.868,-14.436],[135.869,-14.437]]],[[[137.083,-15.652],[137.082,-15.648],[137.079,-15.651],[137.083,-15.652]]],[[[136.32,-11.984],[136.32,-11.979],[136.317,-11.983],[136.32,-11.984]]],[[[136.264,-13.835],[136.267,-13.841],[136.265,-13.832],[136.264,-13.835]]],[[[130.419,-12.539],[130.422,-12.537],[130.421,-12.533],[130.419,-12.539]]],[[[137.104,-15.747],[137.103,-15.75],[137.107,-15.751],[137.104,-15.747]]],[[[132.457,-11.026],[132.459,-11.028],[132.459,-11.022],[132.457,-11.026]]],[[[136.289,-13.786],[136.293,-13.782],[136.289,-13.783],[136.289,-13.786]]],[[[135.515,-12.061],[135.518,-12.056],[135.515,-12.057],[135.515,-12.061]]],[[[130.602,-12.703],[130.604,-12.701],[130.6,-12.699],[130.602,-12.703]]],[[[137.076,-15.638],[137.079,-15.637],[137.077,-15.634],[137.076,-15.638]]],[[[136.975,-15.652],[136.972,-15.647],[136.971,-15.649],[136.975,-15.652]]],[[[136.93,-15.629],[136.935,-15.628],[136.929,-15.627],[136.93,-15.629]]],[[[136.96,-15.584],[136.962,-15.589],[136.963,-15.586],[136.96,-15.584]]],[[[135.502,-14.684],[135.505,-14.683],[135.5,-14.681],[135.502,-14.684]]],[[[136.293,-13.705],[136.298,-13.704],[136.298,-13.702],[136.293,-13.705]]],[[[136.719,-15.611],[136.716,-15.61],[136.716,-15.613],[136.719,-15.611]]],[[[136.016,-12.213],[136.015,-12.219],[136.018,-12.209],[136.016,-12.213]]],[[[136.73,-15.716],[136.732,-15.716],[136.731,-15.712],[136.73,-15.716]]],[[[136.833,-15.664],[136.835,-15.663],[136.831,-15.661],[136.833,-15.664]]],[[[136.673,-12.186],[136.675,-12.183],[136.673,-12.182],[136.673,-12.186]]],[[[135.505,-12.021],[135.507,-12.023],[135.506,-12.018],[135.505,-12.021]]],[[[136.181,-13.665],[136.183,-13.667],[136.185,-13.665],[136.181,-13.665]]],[[[136.92,-15.498],[136.921,-15.496],[136.919,-15.492],[136.92,-15.498]]],[[[130.944,-12.617],[130.946,-12.616],[130.944,-12.614],[130.944,-12.617]]],[[[136.829,-15.719],[136.831,-15.715],[136.828,-15.718],[136.829,-15.719]]],[[[136.169,-13.84],[136.171,-13.838],[136.168,-13.838],[136.169,-13.84]]],[[[136.086,-13.813],[136.089,-13.809],[136.086,-13.811],[136.086,-13.813]]],[[[136.592,-13.678],[136.594,-13.675],[136.592,-13.675],[136.592,-13.678]]],[[[136.3,-13.705],[136.302,-13.704],[136.3,-13.702],[136.3,-13.705]]],[[[136.697,-12.239],[136.694,-12.242],[136.7,-12.238],[136.697,-12.239]]],[[[136.785,-12.044],[136.788,-12.042],[136.784,-12.043],[136.785,-12.044]]],[[[136.774,-15.757],[136.773,-15.754],[136.772,-15.756],[136.774,-15.757]]],[[[136.958,-15.788],[136.96,-15.787],[136.959,-15.785],[136.958,-15.788]]],[[[136.909,-12.258],[136.914,-12.258],[136.908,-12.257],[136.909,-12.258]]],[[[136.098,-12.069],[136.097,-12.076],[136.099,-12.067],[136.098,-12.069]]],[[[136.798,-15.747],[136.8,-15.746],[136.798,-15.745],[136.798,-15.747]]],[[[137.103,-15.737],[137.104,-15.735],[137.102,-15.735],[137.103,-15.737]]],[[[136.851,-15.574],[136.851,-15.572],[136.849,-15.572],[136.851,-15.574]]],[[[136.053,-13.336],[136.054,-13.337],[136.055,-13.334],[136.053,-13.336]]],[[[136.545,-13.729],[136.547,-13.727],[136.545,-13.727],[136.545,-13.729]]],[[[135.877,-14.427],[135.879,-14.425],[135.878,-14.424],[135.877,-14.427]]],[[[132.784,-11.317],[132.786,-11.316],[132.782,-11.316],[132.784,-11.317]]],[[[135.838,-14.228],[135.839,-14.227],[135.836,-14.226],[135.838,-14.228]]],[[[134.213,-11.892],[134.213,-11.89],[134.211,-11.889],[134.213,-11.892]]],[[[132.288,-11.104],[132.29,-11.101],[132.288,-11.102],[132.288,-11.104]]],[[[130.612,-11.736],[130.614,-11.735],[130.611,-11.735],[130.612,-11.736]]],[[[136.898,-15.708],[136.9,-15.707],[136.899,-15.706],[136.898,-15.708]]],[[[135.88,-14.423],[135.881,-14.422],[135.882,-14.418],[135.88,-14.423]]],[[[136.869,-12.092],[136.869,-12.089],[136.868,-12.091],[136.869,-12.092]]],[[[132.189,-11.12],[132.19,-11.115],[132.189,-11.117],[132.189,-11.12]]],[[[131.011,-12.152],[131.014,-12.151],[131.011,-12.151],[131.011,-12.152]]],[[[136.629,-13.657],[136.627,-13.656],[136.628,-13.658],[136.629,-13.657]]],[[[136.229,-13.474],[136.23,-13.473],[136.228,-13.472],[136.229,-13.474]]],[[[136.624,-13.672],[136.626,-13.672],[136.626,-13.671],[136.624,-13.672]]],[[[137.102,-15.734],[137.102,-15.732],[137.101,-15.733],[137.102,-15.734]]],[[[130.942,-12.527],[130.942,-12.529],[130.943,-12.528],[130.942,-12.527]]],[[[136.609,-13.669],[136.609,-13.667],[136.608,-13.669],[136.609,-13.669]]],[[[136.677,-15.591],[136.679,-15.59],[136.677,-15.59],[136.677,-15.591]]],[[[130.869,-12.593],[130.871,-12.59],[130.869,-12.592],[130.869,-12.593]]],[[[135.611,-14.536],[135.611,-14.534],[135.61,-14.534],[135.611,-14.536]]],[[[135.308,-11.73],[135.309,-11.73],[135.308,-11.729],[135.308,-11.73]]],[[[136.884,-15.537],[136.885,-15.536],[136.884,-15.536],[136.884,-15.537]]],[[[134.668,-11.919],[134.668,-11.918],[134.667,-11.917],[134.668,-11.919]]],[[[136.75,-12.162],[136.752,-12.161],[136.749,-12.162],[136.75,-12.162]]],[[[132.156,-11.542],[132.156,-11.541],[132.155,-11.541],[132.156,-11.542]]],[[[130.945,-12.527],[130.945,-12.526],[130.944,-12.526],[130.945,-12.527]]],[[[136.674,-12.244],[136.675,-12.243],[136.674,-12.243],[136.674,-12.244]]],[[[130.878,-12.557],[130.877,-12.556],[130.877,-12.557],[130.878,-12.557]]]]},"properties":{"state_code":"7","state_name":"Northern Territory","boundary_edition":2026}},
{"type":"Feature","geometry":{"type":"Polygon","coordinates":[[[149.094,-35.64],[149.205,-35.347],[149.399,-35.319],[149.121,-35.124],[148.81,-35.307],[148.763,-35.495],[148.791,-35.703],[148.887,-35.719],[148.962,-35.897],[149.049,-35.92],[149.096,-35.846],[149.094,-35.64]]]},"properties":{"state_code":"8","state_name":"Australian Capital Territory","boundary_edition":2026}}
]}