band,licence,technical_specification,site_id,state,status,source_id
AM,1170737,10010205,139918,SA,Issued,acma-radio
AM,1198409,4052001,141184,SA,Issued,acma-radio
AM,1198409,4052001,23234,SA,Issued,acma-radio
AM,1198410,4051001,141183,SA,Issued,acma-radio
AM,1198410,4051001,23234,SA,Issued,acma-radio
AM,1198411,2217001,139916,SA,Issued,acma-radio
AM,1170627,5272001,139917,SA,Issued,acma-radio
AM,1384941,10014418,139919,SA,Issued,acma-radio
AM,1384970,4189001,151018,SA,Issued,acma-radio
AM,1150803,1130650,151018,SA,Issued,acma-radio
AM,1198477,10002330,28405,WA,Issued,acma-radio
AM,1198477,10002330,28446,WA,Issued,acma-radio
AM,1385051,10005909,28405,WA,Issued,acma-radio
AM,1385029,10005809,150923,NSW,Issued,acma-radio
AM,1198447,10013955,153579,VIC,Issued,acma-radio
AM,1150891,10003114,2467,NT,Issued,acma-radio
AM,1385025,10003118,2467,NT,Issued,acma-radio
AM,1198574,4005001,151332,NSW,Issued,acma-radio
AM,1384955,4105001,151326,NSW,Issued,acma-radio
AM,1385058,10007491,151774,QLD,Issued,acma-radio
AM,1198658,10007490,141451,QLD,Issued,acma-radio
AM,1198658,10007490,40447,QLD,Issued,acma-radio
AM,1385055,10003792,150827,VIC,Issued,acma-radio
AM,1198577,4006001,141123,NSW,Issued,acma-radio
AM,1198577,4006001,150877,NSW,Issued,acma-radio
AM,1153494,10004481,150878,VIC,Issued,acma-radio
AM,1384950,4171002,151553,QLD,Issued,acma-radio
AM,1385121,10004346,137453,NSW,Issued,acma-radio
AM,1170213,10008519,153477,NSW,Issued,acma-radio
AM,10165265,10002332,27942,WA,Issued,acma-radio
AM,1198490,10002333,27926,WA,Issued,acma-radio
AM,1198655,4031001,141084,QLD,Issued,acma-radio
AM,1198655,4031001,12661,QLD,Issued,acma-radio
AM,10301845,10014414,13419,QLD,Issued,acma-radio
AM,1198660,4030601,12661,QLD,Issued,acma-radio
AM,10301799,4162001,13419,QLD,Issued,acma-radio
AM,1198665,2215001,141084,QLD,Issued,acma-radio
AM,1385006,10009963,13410,QLD,Issued,acma-radio
AM,1170816,10009959,141379,QLD,Issued,acma-radio
AM,1143919,10013948,402418,QLD,Issued,acma-radio
AM,1170692,10009960,151436,QLD,Issued,acma-radio
AM,1385115,5193001,13352,QLD,Issued,acma-radio
AM,10283061,10004128,151236,NSW,Issued,acma-radio
AM,1150287,10004129,151237,NSW,Issued,acma-radio
AM,1198479,10001459,150356,WA,Issued,acma-radio
AM,1170184,10002241,150448,WA,Issued,acma-radio
AM,10165273,10002334,150448,WA,Issued,acma-radio
AM,1170832,10002242,153495,WA,Issued,acma-radio
AM,1385030,10008017,16801,QLD,Issued,acma-radio
AM,1198480,1133175,141246,WA,Issued,acma-radio
AM,1198480,1133175,28084,WA,Issued,acma-radio
AM,1912714,1132618,141246,WA,Issued,acma-radio
AM,1912714,1132618,28084,WA,Issued,acma-radio
AM,1912714,1132618,141247,WA,Issued,acma-radio
AM,1913742,1131023,28084,WA,Issued,acma-radio
AM,1152692,10002240,141248,WA,Issued,acma-radio
AM,1150285,10004001,53707,NSW,Issued,acma-radio
AM,1198661,4046001,141381,QLD,Issued,acma-radio
AM,1198661,4046001,37310,QLD,Issued,acma-radio
AM,10301632,10007435,151778,QLD,Issued,acma-radio
AM,1198316,4001001,141126,ACT,Issued,acma-radio
AM,1198316,4001001,150980,ACT,Issued,acma-radio
AM,1198321,4002001,141125,ACT,Issued,acma-radio
AM,1198321,4002001,150980,ACT,Issued,acma-radio
AM,1170202,10008352,140333,ACT,Issued,acma-radio
AM,1384966,4096001,150978,ACT,Issued,acma-radio
AM,172880,5292001,140337,ACT,Issued,acma-radio
AM,1384967,4097001,140332,ACT,Issued,acma-radio
AM,1186849,1133028,141124,ACT,Issued,acma-radio
AM,1144546,2213001,141126,ACT,Issued,acma-radio
AM,1191487,10001458,601609,WA,Issued,acma-radio
AM,1198487,10001800,31759,WA,Issued,acma-radio
AM,1150337,10003860,151496,QLD,Issued,acma-radio
AM,10073801,4186001,151491,QLD,Issued,acma-radio
AM,10285552,4172001,19986,QLD,Issued,acma-radio
AM,1385063,10003732,20184,QLD,Issued,acma-radio
AM,1385044,10004319,11141,NSW,Issued,acma-radio
AM,1384986,1759001,8014,NSW,Issued,acma-radio
AM,1384956,4149001,150769,VIC,Issued,acma-radio
AM,10165272,10002336,151142,WA,Issued,acma-radio
AM,1198587,4009001,150907,NSW,Issued,acma-radio
AM,1198571,10003515,141127,NSW,Issued,acma-radio
AM,1198571,10003515,150931,NSW,Issued,acma-radio
AM,1198567,10004201,140786,NSW,Issued,acma-radio
AM,1198567,10004201,151166,NSW,Issued,acma-radio
AM,10072738,4186002,151396,QLD,Issued,acma-radio
AM,1198469,10005453,141000,WA,Issued,acma-radio
AM,1198469,10005453,31334,WA,Issued,acma-radio
AM,1198476,10005454,141000,WA,Issued,acma-radio
AM,1198476,10005454,31334,WA,Issued,acma-radio
AM,1198399,10003323,1332,NT,Issued,acma-radio
AM,1153482,10003408,1332,NT,Issued,acma-radio
AM,1385035,10003518,150954,NSW,Issued,acma-radio
AM,1198488,10001760,140575,WA,Issued,acma-radio
AM,1198488,10001760,32290,WA,Issued,acma-radio
AM,1385043,10004229,10941,NSW,Issued,acma-radio
AM,1385061,10007819,140285,QLD,Issued,acma-radio
AM,1198664,4043001,141382,QLD,Issued,acma-radio
AM,1198664,4043001,151526,QLD,Issued,acma-radio
AM,1385060,10007798,151591,QLD,Issued,acma-radio
AM,1198670,4040001,17878,QLD,Issued,acma-radio
AM,1991523,10001341,30185,WA,Issued,acma-radio
AM,1198486,10001307,30219,WA,Issued,acma-radio
AM,1198486,10001307,141066,WA,Issued,acma-radio
AM,1198491,10001801,151654,WA,Issued,acma-radio
AM,1198491,10001801,151622,WA,Issued,acma-radio
AM,1150206,4086001,33465,TAS,Issued,acma-radio
AM,1154651,10000981,570680,WA,Issued,acma-radio
AM,1306086,7283001,140284,VIC,Issued,acma-radio
AM,1198485,10000590,141081,WA,Issued,acma-radio
AM,1198485,10000590,151378,WA,Issued,acma-radio
AM,1952390,10005304,140588,WA,Issued,acma-radio
AM,1384949,4171001,151574,QLD,Issued,acma-radio
AM,1198578,4011001,141386,NSW,Issued,acma-radio
AM,1198578,4011001,6941,NSW,Issued,acma-radio
AM,10283465,10007448,39466,QLD,Issued,acma-radio
AM,11304283,1135675,140233,NSW,Issued,acma-radio
AM,1156586,8315001,141178,NSW,Issued,acma-radio
AM,1198579,1550001,40585,NSW,Issued,acma-radio
AM,1198576,4018001,141210,NSW,Issued,acma-radio
AM,1198576,4018001,151355,NSW,Issued,acma-radio
AM,1384976,4132001,40478,NSW,Issued,acma-radio
AM,1384961,4123001,6996,NSW,Issued,acma-radio
AM,1384958,4175001,151502,QLD,Issued,acma-radio
AM,1198671,4033001,16179,QLD,Issued,acma-radio
AM,10138085,4152001,40479,VIC,Issued,acma-radio
AM,1198342,4084001,199245,TAS,Issued,acma-radio
AM,1198329,1133763,199245,TAS,Issued,acma-radio
AM,1385120,5508001,150683,TAS,Issued,acma-radio
AM,1150207,4085001,140364,TAS,Issued,acma-radio
AM,1154091,10008445,10009172,TAS,Issued,acma-radio
AM,1198443,4029001,141107,VIC,Issued,acma-radio
AM,1198443,4029001,40474,VIC,Issued,acma-radio
AM,1384957,4159001,40371,VIC,Issued,acma-radio
AM,10285556,4172002,151676,QLD,Issued,acma-radio
AM,1198669,4034001,151677,QLD,Issued,acma-radio
AM,1154662,10007530,40473,QLD,Issued,acma-radio
AM,1155714,10007592,40473,QLD,Issued,acma-radio
AM,1991728,4127001,6833,NSW,Issued,acma-radio
AM,1198346,10003176,151820,NT,Issued,acma-radio
AM,1150338,10003935,141004,QLD,Issued,acma-radio
AM,1150338,10003935,152610,QLD,Issued,acma-radio
AM,1198478,10001310,141307,WA,Issued,acma-radio
AM,1198478,10001310,29513,WA,Issued,acma-radio
AM,1385069,10001311,151313,WA,Issued,acma-radio
AM,1170736,10004816,29526,WA,Issued,acma-radio
AM,1198481,10001796,151684,WA,Issued,acma-radio
AM,10165266,10002337,28287,WA,Issued,acma-radio
AM,1198403,10003360,140355,NT,Issued,acma-radio
AM,1384977,4121001,151292,NSW,Issued,acma-radio
AM,1198572,4012001,141198,NSW,Issued,acma-radio
AM,1198572,4012001,151297,NSW,Issued,acma-radio
AM,1384979,4183001,16320,QLD,Issued,acma-radio
AM,1385122,10001824,151800,WA,Issued,acma-radio
AM,1198483,10001764,151800,WA,Issued,acma-radio
AM,1928525,1133139,150717,TAS,Issued,acma-radio
AM,1198416,10003203,151322,SA,Issued,acma-radio
AM,1385016,4119001,8523,NSW,Issued,acma-radio
AM,1385037,10004230,151140,NSW,Issued,acma-radio
AM,1198581,10004206,151130,NSW,Issued,acma-radio
AM,1198654,10003872,141171,QLD,Issued,acma-radio
AM,1198654,10003872,151603,QLD,Issued,acma-radio
AM,1385046,10003716,151602,QLD,Issued,acma-radio
AM,1385009,4181001,18593,QLD,Issued,acma-radio
AM,1152328,10005476,150509,WA,Issued,acma-radio
AM,1150254,10002339,27951,WA,Issued,acma-radio
AM,10165270,10002344,151100,WA,Issued,acma-radio
AM,11616585,10002748,151100,WA,Issued,acma-radio
AM,1385023,10008044,16573,QLD,Issued,acma-radio
AM,1385056,10003810,150856,VIC,Issued,acma-radio
AM,1198444,4024001,140388,VIC,Issued,acma-radio
AM,1198444,4024001,40504,VIC,Issued,acma-radio
AM,10301710,4146001,140290,VIC,Issued,acma-radio
AM,1198445,4025001,140387,VIC,Issued,acma-radio
AM,1198445,4025001,40504,VIC,Issued,acma-radio
AM,1151101,10009986,100353,VIC,Issued,acma-radio
AM,1384993,4145001,150806,VIC,Issued,acma-radio
AM,1384993,4145001,102031,VIC,Issued,acma-radio
AM,1198448,2216001,150806,VIC,Issued,acma-radio
AM,1198448,2216001,102031,VIC,Issued,acma-radio
AM,1188158,10009987,141187,VIC,Issued,acma-radio
AM,1385113,3540001,150806,VIC,Issued,acma-radio
AM,1385113,3540001,102031,VIC,Issued,acma-radio
AM,1198833,4234001,150818,VIC,Issued,acma-radio
AM,1384952,4040501,40523,VIC,Issued,acma-radio
AM,10237971,1133736,41700,VIC,Issued,acma-radio
AM,1150643,8711001,140383,VIC,Issued,acma-radio
AM,1170839,10009992,141187,VIC,Issued,acma-radio
AM,1150834,9273001,41342,VIC,Issued,acma-radio
AM,1385050,10001312,29197,WA,Issued,acma-radio
AM,1152311,10002425,502343,VIC,Issued,acma-radio
AM,1385047,10002419,141103,VIC,Issued,acma-radio
AM,1384945,4176002,18803,QLD,Issued,acma-radio
AM,1384984,4135001,7193,NSW,Issued,acma-radio
AM,1198657,10007457,140382,QLD,Issued,acma-radio
AM,1198657,10007457,40505,QLD,Issued,acma-radio
AM,1198414,10011285,23876,SA,Issued,acma-radio
AM,1385062,10003721,20356,QLD,Issued,acma-radio
AM,1198575,4014001,141115,NSW,Issued,acma-radio
AM,1198575,4014001,141114,NSW,Issued,acma-radio
AM,1384999,4124001,151391,NSW,Issued,acma-radio
AM,1170819,10009966,141114,NSW,Issued,acma-radio
AM,1384983,4125001,151203,NSW,Issued,acma-radio
AM,1150288,4021001,6323,NSW,Issued,acma-radio
AM,1150219,4058001,141094,SA,Issued,acma-radio
AM,1150219,4058001,150863,SA,Issued,acma-radio
AM,10165267,10002340,151163,WA,Issued,acma-radio
AM,1384954,4115001,5981,NSW,Issued,acma-radio
AM,1198580,4017001,141439,NSW,Issued,acma-radio
AM,1198580,4017001,199268,NSW,Issued,acma-radio
AM,1170113,6874001,150250,NSW,Issued,acma-radio
AM,1198386,10003433,151175,NSW,Issued,acma-radio
AM,1198583,2220001,141439,NSW,Issued,acma-radio
AM,1198585,4015001,141440,NSW,Issued,acma-radio
AM,1198585,4015001,199268,NSW,Issued,acma-radio
AM,1198471,10001761,151609,WA,Issued,acma-radio
AM,1198400,10003175,141215,NT,Issued,acma-radio
AM,1198400,10003175,3100,NT,Issued,acma-radio
AM,1385065,10002341,151257,WA,Issued,acma-radio
AM,1198492,10002342,29083,WA,Issued,acma-radio
AM,1150283,1781001,150988,NSW,Issued,acma-radio
AM,1384987,4166001,14689,QLD,Issued,acma-radio
AM,1153089,10003770,40508,VIC,Issued,acma-radio
AM,1385048,10004235,10643,NSW,Issued,acma-radio
AM,1198472,10001762,40503,WA,Issued,acma-radio
AM,1198473,10001797,40535,WA,Issued,acma-radio
AM,1385052,10004236,151153,NSW,Issued,acma-radio
AM,1170739,1137063,10004712,NSW,Issued,acma-radio
AM,1153090,2219001,141003,WA,Issued,acma-radio
AM,1170815,10010948,27115,WA,Issued,acma-radio
AM,1384991,10011154,26800,WA,Issued,acma-radio
AM,10731802,10013942,26800,WA,Issued,acma-radio
AM,1960433,4198001,26800,WA,Issued,acma-radio
AM,1191917,7958001,26800,WA,Issued,acma-radio
AM,1150339,10013637,153631,QLD,Issued,acma-radio
AM,1385059,10007492,41107,QLD,Issued,acma-radio
AM,1198475,10001804,40536,WA,Issued,acma-radio
AM,1384969,1639001,24879,SA,Issued,acma-radio
AM,1198413,4055001,141033,SA,Issued,acma-radio
AM,1198413,4055001,141032,SA,Issued,acma-radio
AM,1198408,4053001,141209,SA,Issued,acma-radio
AM,1198408,4053001,24593,SA,Issued,acma-radio
AM,10285559,10011570,141422,SA,Issued,acma-radio
AM,10285559,10011570,152608,SA,Issued,acma-radio
AM,1198340,6586004,34421,TAS,Issued,acma-radio
AM,1385026,10003449,24149,SA,Issued,acma-radio
AM,1153273,10003264,141034,SA,Issued,acma-radio
AM,1153273,10003264,24148,SA,Issued,acma-radio
AM,1198412,10003444,141034,SA,Issued,acma-radio
AM,1198412,10003444,24148,SA,Issued,acma-radio
AM,1152310,10003579,24149,SA,Issued,acma-radio
AM,1198662,4047001,141001,QLD,Issued,acma-radio
AM,1198662,4047001,17152,QLD,Issued,acma-radio
AM,1385004,4182001,17124,QLD,Issued,acma-radio
AM,1384951,4171003,151608,QLD,Issued,acma-radio
AM,1385064,10003832,151483,QLD,Issued,acma-radio
AM,1198446,4026001,141176,VIC,Issued,acma-radio
AM,1198446,4026001,12062,VIC,Issued,acma-radio
AM,1384980,4157001,140378,VIC,Issued,acma-radio
AM,1384938,4223001,33852,TAS,Issued,acma-radio
AM,1385057,10005814,150891,VIC,Issued,acma-radio
AM,1154961,10007606,150891,VIC,Issued,acma-radio
AM,1150336,10003892,141367,QLD,Issued,acma-radio
AM,1150336,10003892,15493,QLD,Issued,acma-radio
AM,1153091,6683004,33506,TAS,Issued,acma-radio
AM,1150218,10003202,141011,SA,Issued,acma-radio
AM,1150218,10003202,151182,SA,Issued,acma-radio
AM,1385027,10005797,40555,VIC,Issued,acma-radio
AM,1198568,4004001,151084,NSW,Issued,acma-radio
AM,1198568,4004001,151085,NSW,Issued,acma-radio
AM,1198569,2214001,151084,NSW,Issued,acma-radio
AM,1198573,4003001,141105,NSW,Issued,acma-radio
AM,1198573,4003001,151085,NSW,Issued,acma-radio
AM,1385019,4099001,142594,NSW,Issued,acma-radio
AM,1385019,4099001,198299,NSW,Issued,acma-radio
AM,1385017,4102001,141101,NSW,Issued,acma-radio
AM,1385017,4102001,4617,NSW,Issued,acma-radio
AM,10236764,4100001,198299,NSW,Issued,acma-radio
AM,1198831,10004053,4624,NSW,Issued,acma-radio
AM,10074869,4098001,142594,NSW,Issued,acma-radio
AM,10074869,4098001,198299,NSW,Issued,acma-radio
AM,1139587,5157002,40372,NSW,Issued,acma-radio
AM,1385018,4101001,4624,NSW,Issued,acma-radio
AM,1150817,8671001,4613,NSW,Issued,acma-radio
AM,1198570,4019001,141452,NSW,Issued,acma-radio
AM,1198570,4019001,151310,NSW,Issued,acma-radio
AM,1150284,4020001,151247,NSW,Issued,acma-radio
AM,1198402,10003180,151717,NT,Issued,acma-radio
AM,1198474,10001814,40502,WA,Issued,acma-radio
AM,1198659,4044001,141212,QLD,Issued,acma-radio
AM,1198659,4044001,14706,QLD,Issued,acma-radio
AM,1384946,4174001,151428,QLD,Issued,acma-radio
AM,1198667,10003975,40549,QLD,Issued,acma-radio
AM,1154792,10004279,40549,QLD,Issued,acma-radio
AM,1198656,4042001,141203,QLD,Issued,acma-radio
AM,1198656,4042001,19386,QLD,Issued,acma-radio
AM,1155267,7661001,140381,QLD,Issued,acma-radio
AM,1153668,4177002,152495,QLD,Issued,acma-radio
AM,1385015,4136001,150997,NSW,Issued,acma-radio
AM,1198470,10002343,141259,WA,Issued,acma-radio
AM,1198470,10002343,28250,WA,Issued,acma-radio
AM,1153092,10002345,141259,WA,Issued,acma-radio
AM,1961777,10002154,131294,WA,Issued,acma-radio
AM,1150243,10003790,40538,VIC,Issued,acma-radio
AM,1384962,4158001,40534,VIC,Issued,acma-radio
AM,10446542,12000300,153566,VIC,Issued,acma-radio
AM,1198449,4028001,150760,VIC,Issued,acma-radio
AM,1384973,4187001,151406,QLD,Issued,acma-radio
AM,1198666,10003981,140857,QLD,Issued,acma-radio
AM,1198666,10003981,40548,QLD,Issued,acma-radio
AM,1198584,10004002,139298,NSW,Issued,acma-radio
AM,1198586,10004003,139298,NSW,Issued,acma-radio
AM,1144543,10013103,151035,NSW,Issued,acma-radio
AM,1170114,6873001,140384,NSW,Issued,acma-radio
AM,1198582,4023001,141179,NSW,Issued,acma-radio
AM,1198582,4023001,151035,NSW,Issued,acma-radio
AM,1198387,4233601,140385,NSW,Issued,acma-radio
AM,1170116,8311001,140385,NSW,Issued,acma-radio
AM,1198415,10003201,151286,SA,Issued,acma-radio
AM,1158288,10001763,32406,WA,Issued,acma-radio
AM,1384963,4118001,151055,NSW,Issued,acma-radio
FM,1170890,10010794,23139,SA,Issued,acma-radio
FM,1170715,3371001,23158,SA,Issued,acma-radio
FM,1385198,3076001,23158,SA,Issued,acma-radio
FM,1156865,6457001,23139,SA,Issued,acma-radio
FM,1911525,4191001,23132,SA,Issued,acma-radio
FM,1385199,3074002,23158,SA,Issued,acma-radio
FM,1198423,3021001,23139,SA,Issued,acma-radio
FM,1153756,4192601,23132,SA,Issued,acma-radio
FM,1153756,4192601,9024286,SA,Issued,acma-radio
FM,1153756,4192601,23181,SA,Issued,acma-radio
FM,1198426,3997001,23139,SA,Issued,acma-radio
FM,1198293,6879001,23139,SA,Issued,acma-radio
FM,10093101,3037001,9024286,SA,Issued,acma-radio
FM,10093101,3037001,23181,SA,Issued,acma-radio
FM,10093101,3037001,23132,SA,Issued,acma-radio
FM,1569070,5269001,23139,SA,Issued,acma-radio
FM,10093104,10010138,22155,SA,Issued,acma-radio
FM,1198598,6879002,22155,SA,Issued,acma-radio
FM,1150209,3997002,22155,SA,Issued,acma-radio
FM,1911524,4191002,22155,SA,Issued,acma-radio
FM,1150210,3021002,22155,SA,Issued,acma-radio
FM,1384848,4192002,22155,SA,Issued,acma-radio
FM,1170891,10010795,22155,SA,Issued,acma-radio
FM,1170716,1134392,22642,SA,Issued,acma-radio
FM,1159357,1136891,140789,NT,Issued,acma-radio
FM,1198394,10003336,1736,NT,Issued,acma-radio
FM,1198395,10003335,1736,NT,Issued,acma-radio
FM,1159356,1136890,140789,NT,Issued,acma-radio
FM,1385197,3367001,23192,SA,Issued,acma-radio
FM,1934976,1136300,41186,NSW,Issued,acma-radio
FM,1159628,10013396,16893,QLD,Issued,acma-radio
FM,1198672,5507003,142344,QLD,Issued,acma-radio
FM,1144032,10007569,142344,QLD,Issued,acma-radio
FM,1144683,4181602,142344,QLD,Issued,acma-radio
FM,1170505,10008027,142344,QLD,Issued,acma-radio
FM,1198677,1562002,142344,QLD,Issued,acma-radio
FM,1565005,1130979,142344,QLD,Issued,acma-radio
FM,1151246,1964002,142344,QLD,Issued,acma-radio
FM,1198682,7471001,142344,QLD,Issued,acma-radio
FM,1171006,10002400,141768,WA,Issued,acma-radio
FM,1152734,10002401,41036,WA,Issued,acma-radio
FM,1153509,10000047,601882,WA,Issued,acma-radio
FM,1152693,10000046,28477,WA,Issued,acma-radio
FM,1152733,10002402,28477,WA,Issued,acma-radio
FM,1172080,12000417,9814,NSW,Issued,acma-radio
FM,1154767,10007964,34995,NSW,Issued,acma-radio
FM,1170090,10005693,134100,NSW,Issued,acma-radio
FM,1384929,10004577,11949,VIC,Issued,acma-radio
FM,1154677,10003493,11949,VIC,Issued,acma-radio
FM,1139638,10005704,134100,NSW,Issued,acma-radio
FM,1152098,10006075,40660,VIC,Issued,acma-radio
FM,1152104,10006074,40660,VIC,Issued,acma-radio
FM,10407539,1137748,42163,VIC,Issued,acma-radio
FM,1154825,10006078,42163,VIC,Issued,acma-radio
FM,1154825,10006078,137846,VIC,Issued,acma-radio
FM,1156418,10010492,2352,NT,Issued,acma-radio
FM,1385271,10002283,3026,NT,Issued,acma-radio
FM,11203783,10002282,3026,NT,Issued,acma-radio
FM,1198406,10003990,53447,NT,Issued,acma-radio
FM,1153490,10004014,53447,NT,Issued,acma-radio
FM,1384923,10002362,53447,NT,Issued,acma-radio
FM,1198389,10002363,53447,NT,Issued,acma-radio
FM,1170814,10004214,570486,NT,Issued,acma-radio
FM,1198390,10002351,53447,NT,Issued,acma-radio
FM,1385237,10002364,570486,NT,Issued,acma-radio
FM,10402087,10002365,53447,NT,Issued,acma-radio
FM,1566059,1132880,53447,NT,Issued,acma-radio
FM,1158251,10003647,153286,QLD,Issued,acma-radio
FM,1171073,10004026,153286,QLD,Issued,acma-radio
FM,1198707,10003846,140012,QLD,Issued,acma-radio
FM,1198739,10003845,140012,QLD,Issued,acma-radio
FM,10762611,10002887,153308,SA,Issued,acma-radio
FM,10101121,12000057,10001591,QLD,Issued,acma-radio
FM,10101221,12000130,10001591,QLD,Issued,acma-radio
FM,10101233,12000053,10001591,QLD,Issued,acma-radio
FM,10101224,12000054,10001591,QLD,Issued,acma-radio
FM,10101215,12000055,10001591,QLD,Issued,acma-radio
FM,10101039,12000058,10001591,QLD,Issued,acma-radio
FM,10101202,12000056,10001591,QLD,Issued,acma-radio
FM,1198429,10002897,25545,SA,Issued,acma-radio
FM,1198437,10002898,25545,SA,Issued,acma-radio
FM,10066918,10005857,24206,SA,Issued,acma-radio
FM,10066829,1137792,24206,SA,Issued,acma-radio
FM,10066919,10008574,24206,SA,Issued,acma-radio
FM,1922753,1133388,142289,VIC,Issued,acma-radio
FM,1156894,10010463,140223,VIC,Issued,acma-radio
FM,1170432,10009649,10040589,VIC,Issued,acma-radio
FM,1990198,1136609,140223,VIC,Issued,acma-radio
FM,1950047,1136799,140256,QLD,Issued,acma-radio
FM,1198782,10003847,151621,QLD,Issued,acma-radio
FM,1170746,10004792,11729,VIC,Issued,acma-radio
FM,11702760,1137118,10023126,VIC,Issued,acma-radio
FM,1154856,10008708,10023126,VIC,Issued,acma-radio
FM,1384897,10001401,32438,WA,Issued,acma-radio
FM,1154066,10001400,32438,WA,Issued,acma-radio
FM,1198511,10001399,32438,WA,Issued,acma-radio
FM,1198535,10001398,32438,WA,Issued,acma-radio
FM,11162151,12000808,10022700,NSW,Issued,acma-radio
FM,10125348,10010711,10002544,WA,Issued,acma-radio
FM,1171717,3040001,280229,NSW,Issued,acma-radio
FM,1384955,12000078,6684,NSW,Issued,acma-radio
FM,1152598,10004773,6684,NSW,Issued,acma-radio
FM,1153032,10007939,35685,NSW,Issued,acma-radio
FM,1198628,10005059,35685,NSW,Issued,acma-radio
FM,1915829,1131132,35685,NSW,Issued,acma-radio
FM,1198637,10005057,35685,NSW,Issued,acma-radio
FM,1170010,10007760,6684,NSW,Issued,acma-radio
FM,1155112,10008033,250472,NSW,Issued,acma-radio
FM,1170718,10010706,142576,SA,Issued,acma-radio
FM,1153103,10004276,6881,NSW,Issued,acma-radio
FM,1154760,10007660,152887,QLD,Issued,acma-radio
FM,1155350,10007503,141069,QLD,Issued,acma-radio
FM,1154757,10007733,152887,QLD,Issued,acma-radio
FM,12578915,12000539,150016,QLD,Issued,acma-radio
FM,10437430,10013411,150016,QLD,Issued,acma-radio
FM,1198762,10003848,15322,QLD,Issued,acma-radio
FM,1171969,1133510,137492,WA,Issued,acma-radio
FM,1198498,10002268,40725,WA,Issued,acma-radio
FM,1198501,10002269,40725,WA,Issued,acma-radio
FM,10165271,1133501,40725,WA,Issued,acma-radio
FM,10700127,10003474,40875,QLD,Issued,acma-radio
FM,13011587,1138018,19299,QLD,Issued,acma-radio
FM,13012386,1138001,19299,QLD,Issued,acma-radio
FM,10756649,1137918,19299,QLD,Issued,acma-radio
FM,10756642,1137995,19299,QLD,Issued,acma-radio
FM,1170275,10008020,19299,QLD,Issued,acma-radio
FM,1152883,10007526,440569,QLD,Issued,acma-radio
FM,1153669,10007532,440569,QLD,Issued,acma-radio
FM,1152884,10007527,440569,QLD,Issued,acma-radio
FM,1155037,10009179,440569,QLD,Issued,acma-radio
FM,1156590,10009587,152917,VIC,Issued,acma-radio
FM,1156590,10009587,10008393,VIC,Issued,acma-radio
FM,10100236,10002444,40905,WA,Issued,acma-radio
FM,1172209,10003475,40901,QLD,Issued,acma-radio
FM,1170827,10011064,12067,VIC,Issued,acma-radio
FM,10312376,1138046,140959,VIC,Issued,acma-radio
FM,10139575,10011107,140959,VIC,Issued,acma-radio
FM,1385174,5266002,12067,VIC,Issued,acma-radio
FM,1150239,3827002,12067,VIC,Issued,acma-radio
FM,1192780,10011108,12067,VIC,Issued,acma-radio
FM,10140632,10001408,151708,WA,Issued,acma-radio
FM,1150237,10003794,36240,VIC,Issued,acma-radio
FM,1153093,10003796,36240,VIC,Issued,acma-radio
FM,1150240,10003795,36240,VIC,Issued,acma-radio
FM,1934056,1134454,150365,VIC,Issued,acma-radio
FM,1188181,1131420,11727,VIC,Issued,acma-radio
FM,1153294,10005655,11727,VIC,Issued,acma-radio
FM,1153686,10005653,150365,VIC,Issued,acma-radio
FM,1151274,10005184,150365,VIC,Issued,acma-radio
FM,1154113,10003798,11727,VIC,Issued,acma-radio
FM,1157970,7064001,14943,QLD,Issued,acma-radio
FM,10066822,7060001,9015471,QLD,Issued,acma-radio
FM,1153781,1415017,14943,QLD,Issued,acma-radio
FM,1170782,10010310,8391,NSW,Issued,acma-radio
FM,1153272,10004331,37499,NSW,Issued,acma-radio
FM,1152385,10004336,10010939,NSW,Issued,acma-radio
FM,1158252,1133261,136344,QLD,Issued,acma-radio
FM,1142613,10003970,136344,QLD,Issued,acma-radio
FM,1941850,10009148,40421,NSW,Issued,acma-radio
FM,1158014,10005016,18096,QLD,Issued,acma-radio
FM,1153473,10004025,18083,QLD,Issued,acma-radio
FM,1198740,10003851,18083,QLD,Issued,acma-radio
FM,1170001,10007975,153032,NSW,Issued,acma-radio
FM,1170693,10010207,24182,SA,Issued,acma-radio
FM,1170761,10010206,24182,SA,Issued,acma-radio
FM,10589791,12000276,150715,TAS,Issued,acma-radio
FM,10589919,12000462,150715,TAS,Issued,acma-radio
FM,1991729,1133262,135650,NSW,Issued,acma-radio
FM,1149667,10013960,135650,NSW,Issued,acma-radio
FM,1917708,1133367,9010301,WA,Issued,acma-radio
FM,1917707,1133366,9010301,WA,Issued,acma-radio
FM,1917706,1133365,9010301,WA,Issued,acma-radio
FM,1917705,1133364,9010301,WA,Issued,acma-radio
FM,1917704,1133363,9010301,WA,Issued,acma-radio
FM,1917703,1133362,9010301,WA,Issued,acma-radio
FM,12221692,8236001,2182,NT,Issued,acma-radio
FM,1171194,10003452,2182,NT,Issued,acma-radio
FM,1157289,1137620,1707,NT,Issued,acma-radio
FM,1159649,1130719,1707,NT,Issued,acma-radio
FM,1157288,10003343,1707,NT,Issued,acma-radio
FM,1170203,10008345,370283,NSW,Issued,acma-radio
FM,1192602,10008226,8979,NSW,Issued,acma-radio
FM,1150277,5075001,8979,NSW,Issued,acma-radio
FM,1150278,3316001,8979,NSW,Issued,acma-radio
FM,1154117,10004660,8979,NSW,Issued,acma-radio
FM,1150279,1782001,8979,NSW,Issued,acma-radio
FM,1384843,4107004,8979,NSW,Issued,acma-radio
FM,1385031,12000080,150418,NSW,Issued,acma-radio
FM,1151398,10001355,41077,NSW,Issued,acma-radio
FM,1151398,10001355,150418,NSW,Issued,acma-radio
FM,1153543,10001353,152801,NSW,Issued,acma-radio
FM,10437429,12000166,10611,NSW,Issued,acma-radio
FM,1385139,10001818,10611,NSW,Issued,acma-radio
FM,1156596,10007024,10621,NSW,Issued,acma-radio
FM,1150264,10001819,10621,NSW,Issued,acma-radio
FM,1156598,10007025,10621,NSW,Issued,acma-radio
FM,1565033,10014310,10621,NSW,Issued,acma-radio
FM,1198393,10003992,36838,NT,Issued,acma-radio
FM,1198398,10003991,36838,NT,Issued,acma-radio
FM,1385273,10003468,36838,NT,Issued,acma-radio
FM,10186854,10003453,10004556,NT,Issued,acma-radio
FM,11262731,1132352,150960,NSW,Issued,acma-radio
FM,1171396,10001460,32231,WA,Issued,acma-radio
FM,1157974,10009912,153026,QLD,Issued,acma-radio
FM,1151931,10013050,153026,QLD,Issued,acma-radio
FM,1158095,10013049,153026,QLD,Issued,acma-radio
FM,1147662,9661001,152695,QLD,Issued,acma-radio
FM,1146538,9659001,152695,QLD,Issued,acma-radio
FM,1198719,10003853,20432,QLD,Issued,acma-radio
FM,1198763,10003852,20432,QLD,Issued,acma-radio
FM,1949901,1134124,142298,VIC,Issued,acma-radio
FM,1170156,10013104,9164,NSW,Issued,acma-radio
FM,1384996,12000219,9162,NSW,Issued,acma-radio
FM,1151345,10004650,9162,NSW,Issued,acma-radio
FM,1947588,10014377,142519,NSW,Issued,acma-radio
FM,1150273,3086601,142519,NSW,Issued,acma-radio
FM,1153094,7631001,142519,NSW,Issued,acma-radio
FM,1150276,4978001,142519,NSW,Issued,acma-radio
FM,1385126,3041001,8011,NSW,Issued,acma-radio
FM,11775734,12001085,10031066,QLD,Issued,acma-radio
FM,11775737,12001086,10031066,QLD,Issued,acma-radio
FM,12333700,12001277,10031066,QLD,Issued,acma-radio
FM,12333703,12001278,10031066,QLD,Issued,acma-radio
FM,10906103,12000729,10018801,VIC,Issued,acma-radio
FM,1170346,10005657,11742,VIC,Issued,acma-radio
FM,1922416,1132562,11742,VIC,Issued,acma-radio
FM,1153095,10003808,11742,VIC,Issued,acma-radio
FM,1150222,10003806,11742,VIC,Issued,acma-radio
FM,1170027,10004472,11742,VIC,Issued,acma-radio
FM,1150224,10003805,11742,VIC,Issued,acma-radio
FM,10112503,10003803,11742,VIC,Issued,acma-radio
FM,1171468,1132563,11742,VIC,Issued,acma-radio
FM,1170172,10009660,36862,VIC,Issued,acma-radio
FM,1158819,10006081,300440,VIC,Issued,acma-radio
FM,1171569,1133091,300440,VIC,Issued,acma-radio
FM,1171469,1133092,300440,VIC,Issued,acma-radio
FM,12239159,1130631,10036307,NT,Issued,acma-radio
FM,12239222,12001236,10036307,NT,Issued,acma-radio
FM,1171190,10003454,10036307,NT,Issued,acma-radio
FM,12692573,1137750,10039735,VIC,Issued,acma-radio
FM,1150198,5570007,33477,TAS,Issued,acma-radio
FM,1150200,6683002,33477,TAS,Issued,acma-radio
FM,1171450,10014408,33490,TAS,Issued,acma-radio
FM,1171012,10008066,461264,QLD,Issued,acma-radio
FM,1152400,10007076,17719,QLD,Issued,acma-radio
FM,10408068,1137523,10001094,VIC,Issued,acma-radio
FM,1147663,9665001,151514,QLD,Issued,acma-radio
FM,1146537,9664001,151514,QLD,Issued,acma-radio
FM,1198720,10003855,15452,QLD,Issued,acma-radio
FM,1198764,10003854,15452,QLD,Issued,acma-radio
FM,1158275,10004425,15254,QLD,Issued,acma-radio
FM,1152298,10004217,15254,QLD,Issued,acma-radio
FM,1151945,10004183,15254,QLD,Issued,acma-radio
FM,1198783,10003856,15260,QLD,Issued,acma-radio
FM,1170861,10008287,5027,NSW,Issued,acma-radio
FM,1159624,10013606,17362,QLD,Issued,acma-radio
FM,1198751,1345001,17361,QLD,Issued,acma-radio
FM,1155134,5685008,17361,QLD,Issued,acma-radio
FM,1153315,10008640,17321,QLD,Issued,acma-radio
FM,1158877,10013608,17768,QLD,Issued,acma-radio
FM,1159318,10014351,17768,QLD,Issued,acma-radio
FM,10988790,12000776,10020758,QLD,Issued,acma-radio
FM,10988793,12000777,10020758,QLD,Issued,acma-radio
FM,1384933,10007818,17973,QLD,Issued,acma-radio
FM,1171018,10012318,460332,QLD,Issued,acma-radio
FM,1159417,10013964,201534,NSW,Issued,acma-radio
FM,1188526,10010225,153326,WA,Issued,acma-radio
FM,1957887,1137069,28979,WA,Issued,acma-radio
FM,11865709,1133094,9007015,WA,Issued,acma-radio
FM,11866116,1133095,9007015,WA,Issued,acma-radio
FM,11866302,1137906,9007015,WA,Issued,acma-radio
FM,11766123,12001083,9007015,WA,Issued,acma-radio
FM,11393453,12000981,10021741,NSW,Issued,acma-radio
FM,11393454,12000985,10021741,NSW,Issued,acma-radio
FM,11393457,12000986,10021741,NSW,Issued,acma-radio
FM,12299515,10003477,151843,QLD,Issued,acma-radio
FM,1159476,10008266,10010987,NSW,Issued,acma-radio
FM,1159444,10008425,10010987,NSW,Issued,acma-radio
FM,1198605,4006002,40714,NSW,Issued,acma-radio
FM,1159158,10013018,136342,NSW,Issued,acma-radio
FM,1170155,10012792,40714,NSW,Issued,acma-radio
FM,1153096,3155002,142337,NSW,Issued,acma-radio
FM,1150257,6298002,142337,NSW,Issued,acma-radio
FM,1172009,1135226,142669,QLD,Issued,acma-radio
FM,1171837,10005716,23646,SA,Issued,acma-radio
FM,1170244,10003455,10032635,NT,Issued,acma-radio
FM,1198350,10003149,2239,NT,Issued,acma-radio
FM,1198349,10003150,2239,NT,Issued,acma-radio
FM,10746899,12000678,10013267,QLD,Issued,acma-radio
FM,10746885,12000677,10013267,QLD,Issued,acma-radio
FM,1198721,10003859,151624,QLD,Issued,acma-radio
FM,1198765,10003857,151624,QLD,Issued,acma-radio
FM,1171010,10004315,205912,NSW,Issued,acma-radio
FM,1152699,10004314,250704,NSW,Issued,acma-radio
FM,1988663,1130812,11232,NSW,Issued,acma-radio
FM,1153097,10004496,10021558,NSW,Issued,acma-radio
FM,1183062,10014566,10021558,NSW,Issued,acma-radio
FM,1155210,10004309,10021558,NSW,Issued,acma-radio
FM,1933734,10014415,250628,NSW,Issued,acma-radio
FM,13010316,10008026,19235,QLD,Issued,acma-radio
FM,1154095,4185002,19235,QLD,Issued,acma-radio
FM,13010843,10007524,19235,QLD,Issued,acma-radio
FM,1384871,4168502,19235,QLD,Issued,acma-radio
FM,1153098,1983601,19229,QLD,Issued,acma-radio
FM,1154773,10008029,19238,QLD,Issued,acma-radio
FM,1171220,10007525,19238,QLD,Issued,acma-radio
FM,1904830,1131041,19229,QLD,Issued,acma-radio
FM,1385014,10008494,9362,NSW,Issued,acma-radio
FM,1385159,1651001,9362,NSW,Issued,acma-radio
FM,1170993,12000323,9723,NSW,Issued,acma-radio
FM,10900451,12000728,9723,NSW,Issued,acma-radio
FM,1158988,10013761,601436,WA,Issued,acma-radio
FM,10099941,1132589,11194,NSW,Issued,acma-radio
FM,1152700,10004500,10010941,NSW,Issued,acma-radio
FM,1156716,10005729,141046,WA,Issued,acma-radio
FM,1198450,10003507,150876,VIC,Issued,acma-radio
FM,1152402,10003514,150876,VIC,Issued,acma-radio
FM,1198452,10003513,150876,VIC,Issued,acma-radio
FM,12840747,12000756,150876,VIC,Issued,acma-radio
FM,1929230,1133859,150876,VIC,Issued,acma-radio
FM,1153258,12000755,150876,VIC,Issued,acma-radio
FM,1198431,6878001,12752,QLD,Issued,acma-radio
FM,1170571,6254001,35087,QLD,Issued,acma-radio
FM,1156866,6251001,12752,QLD,Issued,acma-radio
FM,1156866,6251001,12749,QLD,Issued,acma-radio
FM,1139600,6250001,35087,QLD,Issued,acma-radio
FM,1385186,10010287,35087,QLD,Issued,acma-radio
FM,1385196,10009898,35087,QLD,Issued,acma-radio
FM,1385192,10009899,35087,QLD,Issued,acma-radio
FM,1991549,3036002,12752,QLD,Issued,acma-radio
FM,1991549,3036002,12757,QLD,Issued,acma-radio
FM,1991549,3036002,12749,QLD,Issued,acma-radio
FM,10075730,4163601,12752,QLD,Issued,acma-radio
FM,10075730,4163601,12749,QLD,Issued,acma-radio
FM,10075730,4163601,12757,QLD,Issued,acma-radio
FM,1150327,3016001,12752,QLD,Issued,acma-radio
FM,1150333,4179001,12752,QLD,Issued,acma-radio
FM,1158593,10013183,9017859,WA,Issued,acma-radio
FM,1989589,1137886,9017859,WA,Issued,acma-radio
FM,1158592,10013182,9017859,WA,Issued,acma-radio
FM,1989599,10013243,9017859,WA,Issued,acma-radio
FM,1159279,10013242,9017859,WA,Issued,acma-radio
FM,1919561,1133402,9004054,WA,Issued,acma-radio
FM,1919559,1133401,9004054,WA,Issued,acma-radio
FM,1919560,1133398,9004054,WA,Issued,acma-radio
FM,1919558,1133399,9004054,WA,Issued,acma-radio
FM,1919557,1133400,9004054,WA,Issued,acma-radio
FM,1152314,10008604,151236,NSW,Issued,acma-radio
FM,1384922,1134987,151236,NSW,Issued,acma-radio
FM,1152299,10004133,40467,NSW,Issued,acma-radio
FM,1153099,10004135,40467,NSW,Issued,acma-radio
FM,1198635,10004136,40467,NSW,Issued,acma-radio
FM,1198639,10004137,40467,NSW,Issued,acma-radio
FM,1562565,1130801,40467,NSW,Issued,acma-radio
FM,1172058,10004141,10009483,NSW,Issued,acma-radio
FM,1188102,1131520,405146,WA,Issued,acma-radio
FM,1159521,1131045,153632,WA,Issued,acma-radio
FM,1153293,10001437,570600,WA,Issued,acma-radio
FM,1991730,10001436,570600,WA,Issued,acma-radio
FM,1158383,10001435,570600,WA,Issued,acma-radio
FM,1152327,10005309,53509,WA,Issued,acma-radio
FM,1566062,1132817,150356,WA,Issued,acma-radio
FM,1198546,10001433,150356,WA,Issued,acma-radio
FM,12712619,12001381,10040398,WA,Issued,acma-radio
FM,10557513,12000548,10012955,NSW,Issued,acma-radio
FM,10557538,12000549,10012955,NSW,Issued,acma-radio
FM,10557540,12000550,10012955,NSW,Issued,acma-radio
FM,12225995,8211001,2193,NT,Issued,acma-radio
FM,1171192,10003456,2193,NT,Issued,acma-radio
FM,1198493,10002140,27867,WA,Issued,acma-radio
FM,1153101,10002142,27867,WA,Issued,acma-radio
FM,10295824,10002138,141073,WA,Issued,acma-radio
FM,10295824,10002138,27867,WA,Issued,acma-radio
FM,10300433,10007924,16831,QLD,Issued,acma-radio
FM,1384930,10007973,16827,QLD,Issued,acma-radio
FM,1170224,10007923,16827,QLD,Issued,acma-radio
FM,1154746,10007922,16827,QLD,Issued,acma-radio
FM,1154827,10007921,16827,QLD,Issued,acma-radio
FM,1955666,1136741,140668,NSW,Issued,acma-radio
FM,1157408,528001,40701,QLD,Issued,acma-radio
FM,1157411,527001,40701,QLD,Issued,acma-radio
FM,1189253,10011323,34204,TAS,Issued,acma-radio
FM,1170748,10011351,34204,TAS,Issued,acma-radio
FM,1150191,6625001,34204,TAS,Issued,acma-radio
FM,10583996,12000325,130230,TAS,Issued,acma-radio
FM,10583928,12000273,130230,TAS,Issued,acma-radio
FM,10589965,12000082,130231,TAS,Issued,acma-radio
FM,1159287,10013428,130231,TAS,Issued,acma-radio
FM,1159416,10013961,100877,NSW,Issued,acma-radio
FM,1384875,7521001,151667,QLD,Issued,acma-radio
FM,1140231,3054001,40463,NSW,Issued,acma-radio
FM,10762194,12000693,10006571,QLD,Issued,acma-radio
FM,10923609,12000744,10006571,QLD,Issued,acma-radio
FM,10059751,10009939,8561,NSW,Issued,acma-radio
FM,1151422,10009957,39520,QLD,Issued,acma-radio
FM,1900640,1132773,203459,NSW,Issued,acma-radio
FM,1900639,1132772,203459,NSW,Issued,acma-radio
FM,1568130,1132741,203459,NSW,Issued,acma-radio
FM,1568132,1132743,203459,NSW,Issued,acma-radio
FM,1189266,10013402,21158,QLD,Issued,acma-radio
FM,1198706,10007418,21158,QLD,Issued,acma-radio
FM,1198710,10007419,21158,QLD,Issued,acma-radio
FM,1198738,10007417,21158,QLD,Issued,acma-radio
FM,1198741,10007421,21158,QLD,Issued,acma-radio
FM,1385189,10007329,142652,QLD,Issued,acma-radio
FM,1145338,1131097,142652,QLD,Issued,acma-radio
FM,1171222,10007451,142652,QLD,Issued,acma-radio
FM,1155515,10007855,21276,QLD,Issued,acma-radio
FM,1154996,10007328,21276,QLD,Issued,acma-radio
FM,1384935,10007433,21276,QLD,Issued,acma-radio
FM,1170159,10007456,21284,QLD,Issued,acma-radio
FM,1153102,10007423,21955,QLD,Issued,acma-radio
FM,1151780,10007586,21955,QLD,Issued,acma-radio
FM,1153104,10007422,21955,QLD,Issued,acma-radio
FM,1189252,10013639,21955,QLD,Issued,acma-radio
FM,1151779,10007430,21955,QLD,Issued,acma-radio
FM,1170538,5162001,136887,VIC,Issued,acma-radio
FM,1170538,5162001,11644,VIC,Issued,acma-radio
FM,1155901,10009796,153006,NSW,Issued,acma-radio
FM,1198723,10003915,151715,QLD,Issued,acma-radio
FM,1150334,10003914,151715,QLD,Issued,acma-radio
FM,1170515,10009041,34904,NSW,Issued,acma-radio
FM,1172232,10008284,138507,NSW,Issued,acma-radio
FM,1170316,10008252,9580,ACT,Issued,acma-radio
FM,1170310,10008253,9580,ACT,Issued,acma-radio
FM,1171651,10008276,9580,ACT,Issued,acma-radio
FM,1155601,10008251,9580,ACT,Issued,acma-radio
FM,1198286,3999601,9580,ACT,Issued,acma-radio
FM,1198319,3689601,9580,ACT,Issued,acma-radio
FM,1159538,3518001,9580,ACT,Issued,acma-radio
FM,1153461,1066901,9580,ACT,Issued,acma-radio
FM,1153105,6880001,9580,ACT,Issued,acma-radio
FM,1384866,1060901,9580,ACT,Issued,acma-radio
FM,1198465,3869002,12096,VIC,Issued,acma-radio
FM,1198468,3870002,12096,VIC,Issued,acma-radio
FM,10649638,10007479,152469,QLD,Issued,acma-radio
FM,11935995,10010213,402714,QLD,Issued,acma-radio
FM,1158897,10010408,402714,QLD,Issued,acma-radio
FM,1193546,1132537,136827,WA,Issued,acma-radio
FM,1193547,1132538,136827,WA,Issued,acma-radio
FM,1198742,1346001,17347,QLD,Issued,acma-radio
FM,10910343,12000733,150955,NSW,Issued,acma-radio
FM,1153671,10007590,440464,QLD,Issued,acma-radio
FM,1152063,10012914,440464,QLD,Issued,acma-radio
FM,10192632,1133357,142345,QLD,Issued,acma-radio
FM,1143107,1130632,142345,QLD,Issued,acma-radio
FM,1985760,10010907,142345,QLD,Issued,acma-radio
FM,1152331,10005188,31844,WA,Issued,acma-radio
FM,1191488,10001069,601609,WA,Issued,acma-radio
FM,1565017,1130965,31839,WA,Issued,acma-radio
FM,1198547,10001064,31839,WA,Issued,acma-radio
FM,1170678,10009948,41158,NSW,Issued,acma-radio
FM,1170999,7446001,139204,VIC,Issued,acma-radio
FM,10546317,12000535,10008897,QLD,Issued,acma-radio
FM,10546323,12000536,10008897,QLD,Issued,acma-radio
FM,10403556,1137759,305532,VIC,Issued,acma-radio
FM,1170174,10009503,53323,VIC,Issued,acma-radio
FM,10244782,12000263,9014785,QLD,Issued,acma-radio
FM,12456404,12001328,10028561,QLD,Issued,acma-radio
FM,12456401,12001327,10028561,QLD,Issued,acma-radio
FM,12456405,12001329,10028561,QLD,Issued,acma-radio
FM,12456406,12001330,10028561,QLD,Issued,acma-radio
FM,12456397,12001325,10028217,QLD,Issued,acma-radio
FM,12456398,12001326,10028217,QLD,Issued,acma-radio
FM,12456395,12001323,10028217,QLD,Issued,acma-radio
FM,12456396,12001324,10028217,QLD,Issued,acma-radio
FM,12456410,12001332,10028560,QLD,Issued,acma-radio
FM,12456411,12001333,10028560,QLD,Issued,acma-radio
FM,12456409,12001331,10028560,QLD,Issued,acma-radio
FM,12456412,12001334,10028560,QLD,Issued,acma-radio
FM,10967890,1137879,25256,SA,Issued,acma-radio
FM,1152465,10008467,142609,SA,Issued,acma-radio
FM,1152304,10003582,25295,SA,Issued,acma-radio
FM,1151022,10014411,25256,SA,Issued,acma-radio
FM,1198439,10002899,25295,SA,Issued,acma-radio
FM,1153435,10000031,28153,WA,Issued,acma-radio
FM,1198499,10000033,28153,WA,Issued,acma-radio
FM,1192580,10000032,28153,WA,Issued,acma-radio
FM,1918382,1132735,10004482,NSW,Issued,acma-radio
FM,1153106,10004072,10004482,NSW,Issued,acma-radio
FM,1198634,10004074,10004482,NSW,Issued,acma-radio
FM,1198641,10004075,10004482,NSW,Issued,acma-radio
FM,1153107,10001860,151278,NSW,Issued,acma-radio
FM,1150280,10001859,151278,NSW,Issued,acma-radio
FM,1192604,10001858,151278,NSW,Issued,acma-radio
FM,1150281,10001857,151278,NSW,Issued,acma-radio
FM,1150282,10001856,151278,NSW,Issued,acma-radio
FM,1155425,10009563,152958,QLD,Issued,acma-radio
FM,1155424,10009564,152958,QLD,Issued,acma-radio
FM,1159230,10014323,152958,QLD,Issued,acma-radio
FM,10598276,12000569,30612,WA,Issued,acma-radio
FM,1157746,10001192,30612,WA,Issued,acma-radio
FM,1158916,10013657,30612,WA,Issued,acma-radio
FM,1170171,10007799,6171,NSW,Issued,acma-radio
FM,11384284,12000982,10007642,WA,Issued,acma-radio
FM,11385614,12000983,10007642,WA,Issued,acma-radio
FM,11385622,12000984,10007642,WA,Issued,acma-radio
FM,1152249,10007033,48307,WA,Issued,acma-radio
FM,1158595,10013263,48307,WA,Issued,acma-radio
FM,1152248,10007031,48307,WA,Issued,acma-radio
FM,1158127,10004431,15193,QLD,Issued,acma-radio
FM,1152295,10009569,151487,QLD,Issued,acma-radio
FM,1171045,6271001,15193,QLD,Issued,acma-radio
FM,1198743,10003861,151487,QLD,Issued,acma-radio
FM,1567112,1134062,137424,NSW,Issued,acma-radio
FM,1567113,1134061,137424,NSW,Issued,acma-radio
FM,1151583,10004899,19952,QLD,Issued,acma-radio
FM,1170742,10008145,19952,QLD,Issued,acma-radio
FM,1198688,1326001,150286,QLD,Issued,acma-radio
FM,1155136,1131002,150286,QLD,Issued,acma-radio
FM,1156203,10008273,10006118,NSW,Issued,acma-radio
FM,1145529,1137887,130143,QLD,Issued,acma-radio
FM,1145530,1137888,130143,QLD,Issued,acma-radio
FM,1153658,10002767,14794,QLD,Issued,acma-radio
FM,1901453,10002765,14794,QLD,Issued,acma-radio
FM,1991574,1134115,9011556,WA,Issued,acma-radio
FM,1991575,1134116,9011556,WA,Issued,acma-radio
FM,1991576,1134117,9011556,WA,Issued,acma-radio
FM,1974680,1137629,9011556,WA,Issued,acma-radio
FM,11262717,12000895,9011167,WA,Issued,acma-radio
FM,11263692,12000896,9011167,WA,Issued,acma-radio
FM,11263696,12000897,9011167,WA,Issued,acma-radio
FM,11262728,12000898,9011167,WA,Issued,acma-radio
FM,1159631,9692001,9018065,QLD,Issued,acma-radio
FM,10192603,9691001,151649,QLD,Issued,acma-radio
FM,1384932,10007809,17942,QLD,Issued,acma-radio
FM,1159632,10007790,17942,QLD,Issued,acma-radio
FM,10168069,1131054,17942,QLD,Issued,acma-radio
FM,1198704,1249001,17956,QLD,Issued,acma-radio
FM,1155133,10007810,17956,QLD,Issued,acma-radio
FM,1198766,1329001,17956,QLD,Issued,acma-radio
FM,11995700,12000839,10023476,QLD,Issued,acma-radio
FM,11995697,12000838,10023476,QLD,Issued,acma-radio
FM,11225915,12000837,10023476,QLD,Issued,acma-radio
FM,1991686,1138024,10023476,QLD,Issued,acma-radio
FM,11225881,12000836,10023476,QLD,Issued,acma-radio
FM,1949687,1136511,10023476,QLD,Issued,acma-radio
FM,11162044,12000489,25118,SA,Issued,acma-radio
FM,11162034,12000488,25118,SA,Issued,acma-radio
FM,1153474,10004027,20123,QLD,Issued,acma-radio
FM,1951737,10004176,150102,QLD,Issued,acma-radio
FM,1156024,583001,150102,QLD,Issued,acma-radio
FM,1188039,1131530,150102,QLD,Issued,acma-radio
FM,1198767,10003916,20123,QLD,Issued,acma-radio
FM,11281008,12000909,10025059,WA,Issued,acma-radio
FM,11281009,12000910,10025059,WA,Issued,acma-radio
FM,11281010,12000911,10025059,WA,Issued,acma-radio
FM,11281011,12000912,10025059,WA,Issued,acma-radio
FM,11281012,12000913,10025059,WA,Issued,acma-radio
FM,11281013,12000914,10025059,WA,Issued,acma-radio
FM,1991581,12000468,9020967,WA,Issued,acma-radio
FM,1991585,12000473,9020967,WA,Issued,acma-radio
FM,1991583,12000474,9020967,WA,Issued,acma-radio
FM,1991582,12000470,9020967,WA,Issued,acma-radio
FM,1991577,12000471,9020967,WA,Issued,acma-radio
FM,1991579,12000472,9020967,WA,Issued,acma-radio
FM,1991580,12000478,9021397,WA,Issued,acma-radio
FM,1991578,12000469,9021397,WA,Issued,acma-radio
FM,1991584,12000476,9021397,WA,Issued,acma-radio
FM,1991571,12000477,9021397,WA,Issued,acma-radio
FM,1991573,12000479,9021397,WA,Issued,acma-radio
FM,1991572,12000475,9021397,WA,Issued,acma-radio
FM,10068937,1130146,11153,NSW,Issued,acma-radio
FM,1136260,10003553,35877,NSW,Issued,acma-radio
FM,1153491,10007047,153150,NSW,Issued,acma-radio
FM,10068938,1131963,11153,NSW,Issued,acma-radio
FM,1198647,10003524,153150,NSW,Issued,acma-radio
FM,10068939,10005198,11153,NSW,Issued,acma-radio
FM,1156597,10003542,153150,NSW,Issued,acma-radio
FM,1155558,10008009,152676,VIC,Issued,acma-radio
FM,12864310,12000648,152676,VIC,Issued,acma-radio
FM,1171166,10003478,41051,QLD,Issued,acma-radio
FM,1198712,10003918,21515,QLD,Issued,acma-radio
FM,1198752,10003917,21515,QLD,Issued,acma-radio
FM,1171596,10005046,7833,NSW,Issued,acma-radio
FM,1980355,10006008,7833,NSW,Issued,acma-radio
FM,10212135,10005491,7833,NSW,Issued,acma-radio
FM,1170011,10005047,7833,NSW,Issued,acma-radio
FM,10214402,10005042,7949,NSW,Issued,acma-radio
FM,1170590,1131138,11700,VIC,Issued,acma-radio
FM,1913677,1132561,11700,VIC,Issued,acma-radio
FM,1152571,6754001,11700,VIC,Issued,acma-radio
FM,1152701,10004338,11093,NSW,Issued,acma-radio
FM,1152253,10005268,280127,NSW,Issued,acma-radio
FM,1152254,10005267,11087,NSW,Issued,acma-radio
FM,10260948,1133472,10004776,WA,Issued,acma-radio
FM,10714904,1133128,19134,QLD,Issued,acma-radio
FM,1158254,10003654,19134,QLD,Issued,acma-radio
FM,1155138,10002789,151698,QLD,Issued,acma-radio
FM,1198713,10002791,151698,QLD,Issued,acma-radio
FM,1198753,10002792,151698,QLD,Issued,acma-radio
FM,10888951,12000722,9022327,QLD,Issued,acma-radio
FM,1153108,10003780,11394,NSW,Issued,acma-radio
FM,1180741,10003781,142718,NSW,Issued,acma-radio
FM,1153492,10003782,11394,NSW,Issued,acma-radio
FM,1149443,1131047,153004,SA,Issued,acma-radio
FM,1152303,10000374,25589,SA,Issued,acma-radio
FM,1151023,1130716,151366,SA,Issued,acma-radio
FM,1147344,1131048,153004,SA,Issued,acma-radio
FM,1170979,10009790,153004,SA,Issued,acma-radio
FM,1198430,10002900,25589,SA,Issued,acma-radio
FM,1198440,10002901,25589,SA,Issued,acma-radio
FM,1911314,1133117,138229,QLD,Issued,acma-radio
FM,10492255,1133236,10011314,QLD,Issued,acma-radio
FM,10407805,1133237,10011314,QLD,Issued,acma-radio
FM,1153476,10002768,40390,QLD,Issued,acma-radio
FM,1198708,10002762,40390,QLD,Issued,acma-radio
FM,1198744,10002760,40390,QLD,Issued,acma-radio
FM,1925279,1133228,11282,NSW,Issued,acma-radio
FM,1182784,10014582,35012,NSW,Issued,acma-radio
FM,1384988,12000226,40749,NSW,Issued,acma-radio
FM,1170208,10008387,40749,NSW,Issued,acma-radio
FM,1151875,10005274,40749,NSW,Issued,acma-radio
FM,1170756,10008233,142647,NSW,Issued,acma-radio
FM,1198610,4978002,9007739,NSW,Issued,acma-radio
FM,1171007,10013233,250660,NSW,Issued,acma-radio
FM,10408079,1136774,142677,NSW,Issued,acma-radio
FM,10408081,1136775,142677,NSW,Issued,acma-radio
FM,1158868,10012415,153385,SA,Issued,acma-radio
FM,1157398,10004446,153369,NSW,Issued,acma-radio
FM,1171029,10013232,10004551,NSW,Issued,acma-radio
FM,10262009,1137986,30662,WA,Issued,acma-radio
FM,1942093,1135319,30662,WA,Issued,acma-radio
FM,1184869,1131972,153168,NSW,Issued,acma-radio
FM,1991699,1133811,153168,NSW,Issued,acma-radio
FM,1159328,1137288,153168,NSW,Issued,acma-radio
FM,12333286,12000645,601322,WA,Issued,acma-radio
FM,12333288,12000646,10016201,WA,Issued,acma-radio
FM,1198745,10003921,18330,QLD,Issued,acma-radio
FM,1154768,10007981,152662,NSW,Issued,acma-radio
FM,10298320,10007548,40979,VIC,Issued,acma-radio
FM,1158248,10007549,40979,VIC,Issued,acma-radio
FM,1198454,10003516,40979,VIC,Issued,acma-radio
FM,1913283,10013969,138397,VIC,Issued,acma-radio
FM,1198456,10003517,40979,VIC,Issued,acma-radio
FM,10967955,12000762,10019235,WA,Issued,acma-radio
FM,10968021,12000763,10019235,WA,Issued,acma-radio
FM,10968036,12000764,10019235,WA,Issued,acma-radio
FM,1918889,1132687,21756,QLD,Issued,acma-radio
FM,11165453,12000482,44338,SA,Issued,acma-radio
FM,11165431,12000483,44338,SA,Issued,acma-radio
FM,1183074,1132334,34531,NSW,Issued,acma-radio
FM,1159327,10013240,151097,NSW,Issued,acma-radio
FM,1991700,1133855,151097,NSW,Issued,acma-radio
FM,1971402,10009496,41454,NSW,Issued,acma-radio
FM,1157285,12000515,151047,NSW,Issued,acma-radio
FM,1158222,10009495,41454,NSW,Issued,acma-radio
FM,1157284,10003421,151047,NSW,Issued,acma-radio
FM,1198714,10003923,40880,QLD,Issued,acma-radio
FM,1198754,10003922,40880,QLD,Issued,acma-radio
FM,1384909,10001031,151447,WA,Issued,acma-radio
FM,1158230,10001030,151447,WA,Issued,acma-radio
FM,1198515,10001029,151447,WA,Issued,acma-radio
FM,1198548,10001027,151447,WA,Issued,acma-radio
FM,1930953,1133946,35048,NSW,Issued,acma-radio
FM,1154769,10007982,10010564,NSW,Issued,acma-radio
FM,1158247,10004434,151396,QLD,Issued,acma-radio
FM,12775899,12000537,152947,QLD,Issued,acma-radio
FM,1143013,1130596,152947,QLD,Issued,acma-radio
FM,1171011,10004220,10009040,QLD,Issued,acma-radio
FM,1198725,10003864,151401,QLD,Issued,acma-radio
FM,1198768,10003863,151401,QLD,Issued,acma-radio
FM,1900737,1132879,17759,QLD,Issued,acma-radio
FM,1147345,1131424,138162,TAS,Issued,acma-radio
FM,1567109,1132682,138162,TAS,Issued,acma-radio
FM,1189564,1132343,138162,TAS,Issued,acma-radio
FM,1170460,10009927,39621,QLD,Issued,acma-radio
FM,1154017,10003012,1981,NT,Issued,acma-radio
FM,1918892,1132814,21754,QLD,Issued,acma-radio
FM,1188040,1131531,20234,QLD,Issued,acma-radio
FM,1170182,10008133,150032,QLD,Issued,acma-radio
FM,1170006,10008592,152913,QLD,Issued,acma-radio
FM,1180743,10008669,10002156,QLD,Issued,acma-radio
FM,1170158,10008686,14705,QLD,Issued,acma-radio
FM,1158231,10005459,153200,WA,Issued,acma-radio
FM,1151576,10005458,153200,WA,Issued,acma-radio
FM,1198372,10003994,1403,NT,Issued,acma-radio
FM,1198370,10003993,1403,NT,Issued,acma-radio
FM,10289906,10010376,40414,WA,Issued,acma-radio
FM,1198561,10000612,40414,WA,Issued,acma-radio
FM,1151713,1157001,16355,QLD,Issued,acma-radio
FM,1153109,2184001,16355,QLD,Issued,acma-radio
FM,1150332,3019001,16355,QLD,Issued,acma-radio
FM,1384903,10001097,151414,WA,Issued,acma-radio
FM,1154559,10003480,151838,QLD,Issued,acma-radio
FM,1155777,1135792,139711,NT,Issued,acma-radio
FM,1172081,1136814,139711,NT,Issued,acma-radio
FM,1384928,1135790,139711,NT,Issued,acma-radio
FM,1198595,1135214,139711,NT,Issued,acma-radio
FM,1153014,1135073,139711,NT,Issued,acma-radio
FM,1150182,1135787,139711,NT,Issued,acma-radio
FM,1172355,1136820,53355,NT,Issued,acma-radio
FM,1151946,1135791,139711,NT,Issued,acma-radio
FM,1150181,1135788,10002139,NT,Issued,acma-radio
FM,1150181,1135788,139711,NT,Issued,acma-radio
FM,1150180,1135789,139711,NT,Issued,acma-radio
FM,1152325,10003384,10040622,NT,Issued,acma-radio
FM,1171027,10003385,10036789,NT,Issued,acma-radio
FM,1152312,10003386,53355,NT,Issued,acma-radio
FM,12300038,10003481,151840,QLD,Issued,acma-radio
FM,1991676,12001494,10032288,QLD,Issued,acma-radio
FM,1991677,12001495,10032288,QLD,Issued,acma-radio
FM,1991678,12001496,10032288,QLD,Issued,acma-radio
FM,12914240,12001497,10041995,QLD,Issued,acma-radio
FM,12914248,12001498,10041995,QLD,Issued,acma-radio
FM,12914249,12001499,10041995,QLD,Issued,acma-radio
FM,1170050,10008102,152339,NSW,Issued,acma-radio
FM,1985757,1137796,141746,WA,Issued,acma-radio
FM,1155764,10001083,141746,WA,Issued,acma-radio
FM,10407998,1136646,31181,WA,Issued,acma-radio
FM,1198536,10001080,31181,WA,Issued,acma-radio
FM,1198620,10003520,36249,NSW,Issued,acma-radio
FM,1923620,1132641,36249,NSW,Issued,acma-radio
FM,1384931,10003519,51934,NSW,Issued,acma-radio
FM,12864311,12000589,51934,NSW,Issued,acma-radio
FM,12864311,12000589,51935,NSW,Issued,acma-radio
FM,1172179,10001456,10015912,WA,Issued,acma-radio
FM,1170733,10005310,140745,WA,Issued,acma-radio
FM,1154839,10001452,600767,WA,Issued,acma-radio
FM,1384888,10001453,600767,WA,Issued,acma-radio
FM,1145470,10001451,142525,WA,Issued,acma-radio
FM,1198537,10001450,600767,WA,Issued,acma-radio
FM,1943446,1133696,34100,TAS,Issued,acma-radio
FM,10592122,12000089,34166,TAS,Issued,acma-radio
FM,1170823,10011353,34166,TAS,Issued,acma-radio
FM,1154577,3150003,34109,TAS,Issued,acma-radio
FM,1154751,10005571,34166,TAS,Issued,acma-radio
FM,1198335,6625003,40625,TAS,Issued,acma-radio
FM,1191724,1130806,40625,TAS,Issued,acma-radio
FM,1198673,10007494,40608,QLD,Issued,acma-radio
FM,1198679,10007493,40608,QLD,Issued,acma-radio
FM,1198746,10002741,151382,QLD,Issued,acma-radio
FM,11188113,12000810,10022962,QLD,Issued,acma-radio
FM,10379782,12000334,10002029,WA,Issued,acma-radio
FM,10379784,12000335,10002029,WA,Issued,acma-radio
FM,1385127,3041602,8002,NSW,Issued,acma-radio
FM,1385127,3041602,7991,NSW,Issued,acma-radio
FM,1151425,10002060,10792,NSW,Issued,acma-radio
FM,1159640,10002059,153070,NSW,Issued,acma-radio
FM,1159640,10002059,10006828,NSW,Issued,acma-radio
FM,10124118,10002055,41258,NSW,Issued,acma-radio
FM,1153547,10004645,130174,NSW,Issued,acma-radio
FM,10212149,1130143,130174,NSW,Issued,acma-radio
FM,1189250,10013635,10943,NSW,Issued,acma-radio
FM,1186127,1132337,10635,NSW,Issued,acma-radio
FM,12847679,1137969,9017286,QLD,Issued,acma-radio
FM,12847703,1137970,9017286,QLD,Issued,acma-radio
FM,12847705,1137971,9017286,QLD,Issued,acma-radio
FM,12847710,1137972,9017286,QLD,Issued,acma-radio
FM,1963918,1137299,25704,SA,Issued,acma-radio
FM,1963923,1137300,25704,SA,Issued,acma-radio
FM,1170989,1133230,153599,NSW,Issued,acma-radio
FM,1171019,10007949,10017570,QLD,Issued,acma-radio
FM,1198674,2157001,151639,QLD,Issued,acma-radio
FM,1198680,2156001,151639,QLD,Issued,acma-radio
FM,1991704,10011919,13995,QLD,Issued,acma-radio
FM,1991705,6560001,13995,QLD,Issued,acma-radio
FM,1157336,10011970,440422,QLD,Issued,acma-radio
FM,1940705,1135030,9011620,QLD,Issued,acma-radio
FM,12655394,12001351,9018798,WA,Issued,acma-radio
FM,12655493,12001352,9018798,WA,Issued,acma-radio
FM,12655494,12001353,9018798,WA,Issued,acma-radio
FM,12655495,12001354,9018798,WA,Issued,acma-radio
FM,12655496,12001355,9018798,WA,Issued,acma-radio
FM,12655497,12001356,9018798,WA,Issued,acma-radio
FM,1148661,10005447,10035890,VIC,Issued,acma-radio
FM,11697165,12000437,10010554,VIC,Issued,acma-radio
FM,11697170,12000441,10010554,VIC,Issued,acma-radio
FM,11017317,12000321,102258,NSW,Issued,acma-radio
FM,1171087,10013098,9145,NSW,Issued,acma-radio
FM,1154118,10004661,102258,NSW,Issued,acma-radio
FM,1198650,4006003,9145,NSW,Issued,acma-radio
FM,1170204,10008384,102258,NSW,Issued,acma-radio
FM,1198653,4978004,9145,NSW,Issued,acma-radio
FM,1152744,10007587,151527,QLD,Issued,acma-radio
FM,1157845,10012433,37271,WA,Issued,acma-radio
FM,1152871,10007077,40664,VIC,Issued,acma-radio
FM,1152867,10007078,40664,VIC,Issued,acma-radio
FM,1180796,1131133,199236,QLD,Issued,acma-radio
FM,1150374,10004177,199236,QLD,Issued,acma-radio
FM,1150379,10004178,199236,QLD,Issued,acma-radio
FM,11435548,12000975,10020025,WA,Issued,acma-radio
FM,11435554,12000976,10020025,WA,Issued,acma-radio
FM,11435354,12000977,10020025,WA,Issued,acma-radio
FM,11435511,12000978,10020025,WA,Issued,acma-radio
FM,11435526,12000979,10020025,WA,Issued,acma-radio
FM,11435535,12000980,10020025,WA,Issued,acma-radio
FM,10985048,1137880,500755,NT,Issued,acma-radio
FM,11176559,12000486,151123,SA,Issued,acma-radio
FM,11176549,12000487,151123,SA,Issued,acma-radio
FM,1566064,10008689,17881,QLD,Issued,acma-radio
FM,1156896,10010515,17881,QLD,Issued,acma-radio
FM,1170743,10007997,139205,QLD,Issued,acma-radio
FM,1150303,1330001,17881,QLD,Issued,acma-radio
FM,1151598,10005126,17879,QLD,Issued,acma-radio
FM,1155137,10007840,17881,QLD,Issued,acma-radio
FM,1198603,2148001,151357,NSW,Issued,acma-radio
FM,1384894,10000887,30714,WA,Issued,acma-radio
FM,1158232,10002387,30714,WA,Issued,acma-radio
FM,1198549,10000097,41033,WA,Issued,acma-radio
FM,1385274,10002891,153305,SA,Issued,acma-radio
FM,10762648,10002892,153305,SA,Issued,acma-radio
FM,1156701,10010923,480317,QLD,Issued,acma-radio
FM,1156702,10003733,480317,QLD,Issued,acma-radio
FM,1156700,1137207,150610,QLD,Issued,acma-radio
FM,1188072,1131521,15368,QLD,Issued,acma-radio
FM,1152332,10000969,152987,WA,Issued,acma-radio
FM,10164465,10004947,30253,WA,Issued,acma-radio
FM,1564998,1130984,30253,WA,Issued,acma-radio
FM,1170082,10004991,30266,WA,Issued,acma-radio
FM,1198506,10000594,30253,WA,Issued,acma-radio
FM,1154125,10004992,30253,WA,Issued,acma-radio
FM,1198523,10000593,30253,WA,Issued,acma-radio
FM,1152334,10000722,153381,WA,Issued,acma-radio
FM,1152836,10000719,137271,WA,Issued,acma-radio
FM,1567350,1132701,137271,WA,Issued,acma-radio
FM,1153255,10000717,137271,WA,Issued,acma-radio
FM,10299300,1136651,137271,WA,Issued,acma-radio
FM,1198550,10000715,31918,WA,Issued,acma-radio
FM,1154676,10011812,55649,VIC,Issued,acma-radio
FM,1158226,10013681,55649,VIC,Issued,acma-radio
FM,1385275,10003098,2682,NT,Issued,acma-radio
FM,1154021,10003013,2682,NT,Issued,acma-radio
FM,1151347,4749049,32597,WA,Issued,acma-radio
FM,1198516,10001770,151740,WA,Issued,acma-radio
FM,1198551,10001769,151740,WA,Issued,acma-radio
FM,1159647,1130751,10000469,VIC,Issued,acma-radio
FM,1159646,1130752,10000469,VIC,Issued,acma-radio
FM,10263595,1138014,10000469,VIC,Issued,acma-radio
FM,12016988,12001172,10028422,WA,Issued,acma-radio
FM,12016996,12001173,10028422,WA,Issued,acma-radio
FM,12017062,12001174,10028422,WA,Issued,acma-radio
FM,12017074,12001175,10028422,WA,Issued,acma-radio
FM,1180800,1130359,21432,QLD,Issued,acma-radio
FM,511190,1415019,21432,QLD,Issued,acma-radio
FM,511191,1984005,21432,QLD,Issued,acma-radio
FM,10285963,4131003,10006788,NSW,Issued,acma-radio
FM,1385136,1583001,7463,NSW,Issued,acma-radio
FM,1384906,10001048,40936,WA,Issued,acma-radio
FM,1385168,1912003,40859,VIC,Issued,acma-radio
FM,1156105,10009573,152988,VIC,Issued,acma-radio
FM,10762651,10002893,151472,SA,Issued,acma-radio
FM,1171457,10010710,151225,WA,Issued,acma-radio
FM,1385206,10010198,151225,WA,Issued,acma-radio
FM,1159654,10001089,28561,WA,Issued,acma-radio
FM,1198357,10003171,1592,NT,Issued,acma-radio
FM,10308373,10003015,10002199,NT,Issued,acma-radio
FM,1198354,10003170,1592,NT,Issued,acma-radio
FM,1963937,1137305,141365,WA,Issued,acma-radio
FM,1963936,1137304,141365,WA,Issued,acma-radio
FM,1963935,1137303,141365,WA,Issued,acma-radio
FM,1170638,10008541,137548,QLD,Issued,acma-radio
FM,1170750,10009639,8000005,VIC,Issued,acma-radio
FM,1384869,5148001,40824,VIC,Issued,acma-radio
FM,10215102,6598001,40824,VIC,Issued,acma-radio
FM,1384885,4151001,40824,VIC,Issued,acma-radio
FM,1170544,6597001,40824,VIC,Issued,acma-radio
FM,1170572,10009641,8000005,VIC,Issued,acma-radio
FM,10643785,10010811,10015846,TAS,Issued,acma-radio
FM,1153802,12000461,12106,VIC,Issued,acma-radio
FM,1170996,10010792,100994,TAS,Issued,acma-radio
FM,1180794,660001,40403,QLD,Issued,acma-radio
FM,1198726,10003929,40403,QLD,Issued,acma-radio
FM,1198769,10003928,40403,QLD,Issued,acma-radio
FM,1198495,10005294,31071,WA,Issued,acma-radio
FM,1384925,10005656,152981,WA,Issued,acma-radio
FM,1384927,10005688,152981,WA,Issued,acma-radio
FM,1151762,10005297,31071,WA,Issued,acma-radio
FM,1198503,10005298,31071,WA,Issued,acma-radio
FM,1565006,10000964,31071,WA,Issued,acma-radio
FM,1171031,10013234,136713,NSW,Issued,acma-radio
FM,10407826,1137740,153620,NSW,Issued,acma-radio
FM,1171981,1133369,9018967,QLD,Issued,acma-radio
FM,1170049,10014320,17121,QLD,Issued,acma-radio
FM,1170355,6847001,17085,QLD,Issued,acma-radio
FM,1155266,5685012,17085,QLD,Issued,acma-radio
FM,1170274,6849001,17085,QLD,Issued,acma-radio
FM,1198696,2012602,17085,QLD,Issued,acma-radio
FM,1566065,7735001,17085,QLD,Issued,acma-radio
FM,1198693,2278001,17085,QLD,Issued,acma-radio
FM,1153470,10002399,151348,NSW,Issued,acma-radio
FM,1170916,10005054,10004439,NSW,Issued,acma-radio
FM,1151802,10004869,35679,NSW,Issued,acma-radio
FM,1155270,10007766,6955,NSW,Issued,acma-radio
FM,1921000,1133693,139001,NSW,Issued,acma-radio
FM,1921001,1133508,139001,NSW,Issued,acma-radio
FM,1159630,10013398,151669,QLD,Issued,acma-radio
FM,1154917,10007374,151669,QLD,Issued,acma-radio
FM,1154918,10007373,151669,QLD,Issued,acma-radio
FM,10168070,1131061,151669,QLD,Issued,acma-radio
FM,1170002,10008591,153030,NSW,Issued,acma-radio
FM,10220661,4131002,7445,NSW,Issued,acma-radio
FM,1198625,5045002,151231,NSW,Issued,acma-radio
FM,1198632,6300002,151231,NSW,Issued,acma-radio
FM,10220666,10004971,7445,NSW,Issued,acma-radio
FM,12455190,12000675,10038709,NSW,Issued,acma-radio
FM,12455190,12000675,138266,NSW,Issued,acma-radio
FM,1150295,2138001,13564,QLD,Issued,acma-radio
FM,1385190,3069001,14001,QLD,Issued,acma-radio
FM,1150298,2139001,13564,QLD,Issued,acma-radio
FM,1384858,3182001,14001,QLD,Issued,acma-radio
FM,1150301,2268601,13564,QLD,Issued,acma-radio
FM,1384883,4173001,14001,QLD,Issued,acma-radio
FM,1156593,6252001,13564,QLD,Issued,acma-radio
FM,1150308,7329601,13564,QLD,Issued,acma-radio
FM,1170842,10013951,403573,QLD,Issued,acma-radio
FM,1170594,10013953,403573,QLD,Issued,acma-radio
FM,1170589,10013954,403573,QLD,Issued,acma-radio
FM,12310710,1133863,139393,WA,Issued,acma-radio
FM,12310720,1133856,139393,WA,Issued,acma-radio
FM,12310727,1132554,139393,WA,Issued,acma-radio
FM,1384839,10001187,139393,WA,Issued,acma-radio
FM,1156141,10013226,153105,NSW,Issued,acma-radio
FM,1198621,10002948,53702,NSW,Issued,acma-radio
FM,1198626,10002949,53702,NSW,Issued,acma-radio
FM,1171751,12000517,502467,SA,Issued,acma-radio
FM,1384861,2994002,7372,NSW,Issued,acma-radio
FM,1151379,10004883,7372,NSW,Issued,acma-radio
FM,1155135,5685014,40589,QLD,Issued,acma-radio
FM,1153271,10008152,40589,QLD,Issued,acma-radio
FM,1198681,5641001,40589,QLD,Issued,acma-radio
FM,1189170,1133265,133262,QLD,Issued,acma-radio
FM,1189169,1133266,133262,QLD,Issued,acma-radio
FM,1153807,1415015,10004218,QLD,Issued,acma-radio
FM,1139493,10007086,9015266,QLD,Issued,acma-radio
FM,10066821,10014324,10004218,QLD,Issued,acma-radio
FM,1906615,1133000,10004218,QLD,Issued,acma-radio
FM,1906614,1133003,10004218,QLD,Issued,acma-radio
FM,1156662,10009501,35748,NSW,Issued,acma-radio
FM,1170721,10008330,35748,NSW,Issued,acma-radio
FM,1171485,10008329,35748,NSW,Issued,acma-radio
FM,1170988,10008328,35748,NSW,Issued,acma-radio
FM,1385131,6527001,35748,NSW,Issued,acma-radio
FM,1156594,10009502,35748,NSW,Issued,acma-radio
FM,1384864,5145001,35748,NSW,Issued,acma-radio
FM,1170886,1150647,34876,NSW,Issued,acma-radio
FM,10258041,4113001,202747,NSW,Issued,acma-radio
FM,1151392,10004710,9010584,NSW,Issued,acma-radio
FM,1170212,10008394,9010584,NSW,Issued,acma-radio
FM,1385135,1137615,9493,NSW,Issued,acma-radio
FM,1384960,12000224,9010584,NSW,Issued,acma-radio
FM,1153111,3999002,9493,NSW,Issued,acma-radio
FM,1152857,10007720,9493,NSW,Issued,acma-radio
FM,1153112,7632001,9493,NSW,Issued,acma-radio
FM,11887746,12000595,9493,NSW,Issued,acma-radio
FM,1192601,10008597,9493,NSW,Issued,acma-radio
FM,1170175,10008339,9010584,NSW,Issued,acma-radio
FM,1153113,10003777,150896,VIC,Issued,acma-radio
FM,1150225,10003528,150896,VIC,Issued,acma-radio
FM,1150227,10003529,150896,VIC,Issued,acma-radio
FM,1918381,1136494,150896,VIC,Issued,acma-radio
FM,1385011,12000124,150628,NSW,Issued,acma-radio
FM,1155521,10008041,35648,NSW,Issued,acma-radio
FM,1172300,10005048,141035,NSW,Issued,acma-radio
FM,1153259,10005952,150628,NSW,Issued,acma-radio
FM,1947587,10013857,7952,NSW,Issued,acma-radio
FM,1156737,10003251,7952,NSW,Issued,acma-radio
FM,1150258,2044001,7952,NSW,Issued,acma-radio
FM,1150269,2043001,7952,NSW,Issued,acma-radio
FM,1150274,6299001,7952,NSW,Issued,acma-radio
FM,10287234,12000286,152574,WA,Issued,acma-radio
FM,10287312,12000287,152574,WA,Issued,acma-radio
FM,10287348,12000288,152574,WA,Issued,acma-radio
FM,1991702,10013610,7460,NSW,Issued,acma-radio
FM,1991703,10013609,7460,NSW,Issued,acma-radio
FM,1942094,1135322,30635,WA,Issued,acma-radio
FM,1151844,10005965,30635,WA,Issued,acma-radio
FM,1155798,10009821,30635,WA,Issued,acma-radio
FM,1155799,10009820,30635,WA,Issued,acma-radio
FM,1198701,10003931,19702,QLD,Issued,acma-radio
FM,1198715,10003930,19702,QLD,Issued,acma-radio
FM,1991726,1133738,142711,NSW,Issued,acma-radio
FM,1991724,1133737,142711,NSW,Issued,acma-radio
FM,1928526,1132725,139772,NSW,Issued,acma-radio
FM,10334015,10010767,151062,NSW,Issued,acma-radio
FM,1151395,10004674,9921,NSW,Issued,acma-radio
FM,1904737,1132991,10021980,NT,Issued,acma-radio
FM,1385238,10003108,3138,NT,Issued,acma-radio
FM,1153485,10004016,3138,NT,Issued,acma-radio
FM,1198361,10003173,3138,NT,Issued,acma-radio
FM,1198368,10003172,3138,NT,Issued,acma-radio
FM,11587998,12001027,10028341,WA,Issued,acma-radio
FM,11588001,12001028,10028341,WA,Issued,acma-radio
FM,1183079,1130699,150994,NSW,Issued,acma-radio
FM,1182786,10014581,150994,NSW,Issued,acma-radio
FM,1159323,10013486,150994,NSW,Issued,acma-radio
FM,1170012,10008271,35653,NSW,Issued,acma-radio
FM,1152597,10004785,35653,NSW,Issued,acma-radio
FM,10699484,10003483,40709,QLD,Issued,acma-radio
FM,1170626,10009965,400524,QLD,Issued,acma-radio
FM,1150302,4861001,151485,QLD,Issued,acma-radio
FM,1192603,6367001,151485,QLD,Issued,acma-radio
FM,1150304,4236002,151485,QLD,Issued,acma-radio
FM,1152110,1131517,150339,QLD,Issued,acma-radio
FM,1150306,4859001,151485,QLD,Issued,acma-radio
FM,1153810,1777004,2850,NT,Issued,acma-radio
FM,1987944,1137871,404672,QLD,Issued,acma-radio
FM,11801719,12001096,404672,QLD,Issued,acma-radio
FM,1188593,1132332,404672,QLD,Issued,acma-radio
FM,1188592,1132333,404672,QLD,Issued,acma-radio
FM,11795073,12001092,10019048,QLD,Issued,acma-radio
FM,11795088,12001093,10019048,QLD,Issued,acma-radio
FM,11795095,12001095,10019048,QLD,Issued,acma-radio
FM,11795092,12001094,10019048,QLD,Issued,acma-radio
FM,1182775,10014453,24320,SA,Issued,acma-radio
FM,1153617,10005687,138243,WA,Issued,acma-radio
FM,1170731,10005312,153538,WA,Issued,acma-radio
FM,1384908,10001538,32701,WA,Issued,acma-radio
FM,1198517,10001536,32701,WA,Issued,acma-radio
FM,1198552,10001535,32701,WA,Issued,acma-radio
FM,10132720,10010709,11703,VIC,Issued,acma-radio
FM,1170831,6478001,153490,VIC,Issued,acma-radio
FM,1963787,1137297,153115,VIC,Issued,acma-radio
FM,1172353,1133509,142698,WA,Issued,acma-radio
FM,1913089,1132869,24408,SA,Issued,acma-radio
FM,1198438,10002960,24385,SA,Issued,acma-radio
FM,1198588,3558002,9935,NSW,Issued,acma-radio
FM,1153114,6302002,9935,NSW,Issued,acma-radio
FM,1139601,2069001,151037,NSW,Issued,acma-radio
FM,1198678,10007495,40369,QLD,Issued,acma-radio
FM,1385276,10003099,151570,NT,Issued,acma-radio
FM,1154024,10003018,151570,NT,Issued,acma-radio
FM,1171594,10007996,16641,QLD,Issued,acma-radio
FM,1158567,10014640,153642,QLD,Issued,acma-radio
FM,1198324,3998601,32830,TAS,Issued,acma-radio
FM,1198323,3030601,32830,TAS,Issued,acma-radio
FM,1193947,1131532,32901,TAS,Issued,acma-radio
FM,1384863,3864001,32830,TAS,Issued,acma-radio
FM,1384854,4216001,32830,TAS,Issued,acma-radio
FM,11332365,12000277,32830,TAS,Issued,acma-radio
FM,1153115,7734001,32830,TAS,Issued,acma-radio
FM,10335953,10010799,32830,TAS,Issued,acma-radio
FM,1384884,4217001,32830,TAS,Issued,acma-radio
FM,1157287,1131583,32932,TAS,Issued,acma-radio
FM,1170794,10010802,10016203,TAS,Issued,acma-radio
FM,1183618,1131509,34902,NSW,Issued,acma-radio
FM,1154770,10007601,152524,NSW,Issued,acma-radio
FM,1950703,1136617,9001078,WA,Issued,acma-radio
FM,1950701,1136615,9001078,WA,Issued,acma-radio
FM,1950702,1136616,9001078,WA,Issued,acma-radio
FM,1950700,1136614,9001078,WA,Issued,acma-radio
FM,1950699,1136613,9001078,WA,Issued,acma-radio
FM,1942890,1135279,9013342,WA,Issued,acma-radio
FM,1942891,1135280,9013342,WA,Issued,acma-radio
FM,1942888,1135281,9013342,WA,Issued,acma-radio
FM,1942887,1135282,9013342,WA,Issued,acma-radio
FM,1942889,1135283,9013342,WA,Issued,acma-radio
FM,10620878,12000605,9001123,WA,Issued,acma-radio
FM,1180683,1131144,9001123,WA,Issued,acma-radio
FM,1180682,1131145,9001123,WA,Issued,acma-radio
FM,1180684,1131142,9001123,WA,Issued,acma-radio
FM,1180685,1131143,9001123,WA,Issued,acma-radio
FM,10721955,10003485,21471,QLD,Issued,acma-radio
FM,1156096,10004612,153075,VIC,Issued,acma-radio
FM,1955599,1136912,142644,WA,Issued,acma-radio
FM,1955600,1136913,142644,WA,Issued,acma-radio
FM,1187446,10000834,142644,WA,Issued,acma-radio
FM,1155503,10000830,142644,WA,Issued,acma-radio
FM,1152997,10007911,152602,WA,Issued,acma-radio
FM,1152998,10007913,152602,WA,Issued,acma-radio
FM,1170568,10008289,4189,NSW,Issued,acma-radio
FM,1569069,6490001,40474,VIC,Issued,acma-radio
FM,1170862,6489001,10002860,VIC,Issued,acma-radio
FM,1156902,6486001,10002860,VIC,Issued,acma-radio
FM,1151514,10008172,40474,VIC,Issued,acma-radio
FM,1170830,10010638,41772,VIC,Issued,acma-radio
FM,11250793,12000876,20018,QLD,Issued,acma-radio
FM,10099943,1132713,20018,QLD,Issued,acma-radio
FM,1158573,10013176,20018,QLD,Issued,acma-radio
FM,1198755,1323001,53900,QLD,Issued,acma-radio
FM,10643784,10010810,33051,TAS,Issued,acma-radio
FM,1917187,10012793,40499,NSW,Issued,acma-radio
FM,1150262,3008901,40499,NSW,Issued,acma-radio
FM,1150268,2111601,40499,NSW,Issued,acma-radio
FM,1153116,7335001,40499,NSW,Issued,acma-radio
FM,1154026,10003019,151539,NT,Issued,acma-radio
FM,1154027,10002894,153304,SA,Issued,acma-radio
FM,1154749,10007655,151730,QLD,Issued,acma-radio
FM,1171020,10013215,402174,QLD,Issued,acma-radio
FM,1181048,9737001,142180,QLD,Issued,acma-radio
FM,1198716,10003867,142180,QLD,Issued,acma-radio
FM,1198756,10003866,142180,QLD,Issued,acma-radio
FM,1154763,10008093,152715,QLD,Issued,acma-radio
FM,1151394,10007531,152493,QLD,Issued,acma-radio
FM,10060433,10008100,138270,NSW,Issued,acma-radio
FM,1155271,10008099,6855,NSW,Issued,acma-radio
FM,1566070,10005041,150296,NSW,Issued,acma-radio
FM,1136257,10004859,150296,NSW,Issued,acma-radio
FM,1384862,10010256,14187,QLD,Issued,acma-radio
FM,1198770,10003869,151558,QLD,Issued,acma-radio
FM,12459870,12001318,10038312,NSW,Issued,acma-radio
FM,1198648,10002950,11395,NSW,Issued,acma-radio
FM,1198652,10003999,11395,NSW,Issued,acma-radio
FM,1183061,10013958,3169,NT,Issued,acma-radio
FM,1153484,10004017,3169,NT,Issued,acma-radio
FM,1198382,10003174,3169,NT,Issued,acma-radio
FM,10660707,1133145,10014447,SA,Issued,acma-radio
FM,10660713,12000649,10014447,SA,Issued,acma-radio
FM,10660710,1133146,10014447,SA,Issued,acma-radio
FM,1184859,1131432,9001585,WA,Issued,acma-radio
FM,1184860,1131431,9001585,WA,Issued,acma-radio
FM,1184858,1131433,9001585,WA,Issued,acma-radio
FM,1184857,1131434,9001585,WA,Issued,acma-radio
FM,10324791,12000309,402505,QLD,Issued,acma-radio
FM,1930097,1133850,402505,QLD,Issued,acma-radio
FM,1930096,1133851,402505,QLD,Issued,acma-radio
FM,11001719,12000781,9012058,QLD,Issued,acma-radio
FM,11949115,12001124,9012058,QLD,Issued,acma-radio
FM,1198771,10003870,15272,QLD,Issued,acma-radio
FM,1198606,10003531,9941,NSW,Issued,acma-radio
FM,1154028,10000740,151607,WA,Issued,acma-radio
FM,1991524,1137919,9013451,WA,Issued,acma-radio
FM,1147154,1137920,9013451,WA,Issued,acma-radio
FM,1991526,1137921,9013451,WA,Issued,acma-radio
FM,1991527,1137922,9013451,WA,Issued,acma-radio
FM,1147153,1137923,9013451,WA,Issued,acma-radio
FM,1991529,1137924,9013451,WA,Issued,acma-radio
FM,11851957,12001111,10008113,WA,Issued,acma-radio
FM,11851995,12001112,10008113,WA,Issued,acma-radio
FM,11851996,12001113,10008113,WA,Issued,acma-radio
FM,11851997,12001114,10008113,WA,Issued,acma-radio
FM,11851998,12001115,10008113,WA,Issued,acma-radio
FM,11851999,12001116,10008113,WA,Issued,acma-radio
FM,1170754,10008250,9742,NSW,Issued,acma-radio
FM,1151873,10005249,9741,NSW,Issued,acma-radio
FM,1198611,4009002,9741,NSW,Issued,acma-radio
FM,1198614,4978003,9741,NSW,Issued,acma-radio
FM,1170209,10008342,9741,NSW,Issued,acma-radio
FM,1384857,12000313,9741,NSW,Issued,acma-radio
FM,1158259,1133281,20107,QLD,Issued,acma-radio
FM,1198757,10003934,20087,QLD,Issued,acma-radio
FM,1152103,10008416,138612,WA,Issued,acma-radio
FM,1153842,10005326,138612,WA,Issued,acma-radio
FM,1151421,10005321,138612,WA,Issued,acma-radio
FM,1916253,1133355,138612,WA,Issued,acma-radio
FM,11549354,12001024,601474,WA,Issued,acma-radio
FM,1182781,10014579,101879,NSW,Issued,acma-radio
FM,1183611,1132147,101879,NSW,Issued,acma-radio
FM,1934027,1134470,204909,NSW,Issued,acma-radio
FM,1159616,1130174,138453,WA,Issued,acma-radio
FM,1159614,1130175,138453,WA,Issued,acma-radio
FM,10598282,12000570,138453,WA,Issued,acma-radio
FM,1384896,10002388,138453,WA,Issued,acma-radio
FM,1158234,10002389,138453,WA,Issued,acma-radio
FM,1198562,10002397,30670,WA,Issued,acma-radio
FM,10335184,12000557,26620,WA,Issued,acma-radio
FM,10335184,12000557,10041954,WA,Issued,acma-radio
FM,1384887,10001115,31148,WA,Issued,acma-radio
FM,1158235,10001113,31148,WA,Issued,acma-radio
FM,1152318,10005315,31148,WA,Issued,acma-radio
FM,1198521,10001111,31148,WA,Issued,acma-radio
FM,1198553,10001109,31148,WA,Issued,acma-radio
FM,1150246,10000251,9001927,WA,Issued,acma-radio
FM,1172103,10005175,9001927,WA,Issued,acma-radio
FM,1150248,10000249,9001927,WA,Issued,acma-radio
FM,10164455,10005179,141174,WA,Issued,acma-radio
FM,1150250,10000248,9001927,WA,Issued,acma-radio
FM,1565001,1130963,9001927,WA,Issued,acma-radio
FM,1928531,1133186,150190,WA,Issued,acma-radio
FM,1190614,1132515,136814,WA,Issued,acma-radio
FM,1190615,1132514,136814,WA,Issued,acma-radio
FM,1901207,1132804,136814,WA,Issued,acma-radio
FM,1901208,1132805,136814,WA,Issued,acma-radio
FM,11190993,12000826,10002637,NT,Issued,acma-radio
FM,1172008,10001476,32420,WA,Issued,acma-radio
FM,1150244,10000218,29943,WA,Issued,acma-radio
FM,10164456,10005181,29943,WA,Issued,acma-radio
FM,1928532,1133195,29943,WA,Issued,acma-radio
FM,1151781,10002542,40833,NSW,Issued,acma-radio
FM,1922239,1130173,35200,NSW,Issued,acma-radio
FM,1154109,10002541,151173,NSW,Issued,acma-radio
FM,1151782,10002544,40833,NSW,Issued,acma-radio
FM,12314298,12000831,35200,NSW,Issued,acma-radio
FM,1152999,10005691,140522,SA,Issued,acma-radio
FM,1151105,1137178,24226,SA,Issued,acma-radio
FM,1928906,1133725,9011128,WA,Issued,acma-radio
FM,1928905,1133713,9011128,WA,Issued,acma-radio
FM,1928907,1133726,9011128,WA,Issued,acma-radio
FM,1928908,1133732,9011128,WA,Issued,acma-radio
FM,1928909,1133733,9011128,WA,Issued,acma-radio
FM,11188095,12000820,10017424,WA,Issued,acma-radio
FM,1183063,10012333,23994,SA,Issued,acma-radio
FM,1198504,10000595,38550,WA,Issued,acma-radio
FM,1152330,10005151,600447,WA,Issued,acma-radio
FM,10278541,1138067,38550,WA,Issued,acma-radio
FM,10300639,10009851,38550,WA,Issued,acma-radio
FM,1562559,10000599,38550,WA,Issued,acma-radio
FM,1153253,10000596,38550,WA,Issued,acma-radio
FM,1158260,1133282,153044,QLD,Issued,acma-radio
FM,1153701,10008642,153044,QLD,Issued,acma-radio
FM,1198727,10002756,153044,QLD,Issued,acma-radio
FM,1198772,10002755,153044,QLD,Issued,acma-radio
FM,1154794,10008606,10003270,WA,Issued,acma-radio
FM,1964503,1130779,200731,WA,Issued,acma-radio
FM,1385028,12000444,1890,NT,Issued,acma-radio
FM,12789832,1130953,1888,NT,Issued,acma-radio
FM,1385239,10003353,1888,NT,Issued,acma-radio
FM,1153486,10003409,1855,NT,Issued,acma-radio
FM,10967925,1137881,151812,NT,Issued,acma-radio
FM,1566067,1130995,1855,NT,Issued,acma-radio
FM,1198392,10003359,1855,NT,Issued,acma-radio
FM,1157268,10003318,1890,NT,Issued,acma-radio
FM,1150479,5661001,10341,NSW,Issued,acma-radio
FM,1384878,4116001,53793,NSW,Issued,acma-radio
FM,1155976,1130153,53793,NSW,Issued,acma-radio
FM,1982087,1131295,53793,NSW,Issued,acma-radio
FM,1198418,10005886,23639,SA,Issued,acma-radio
FM,1949903,1133555,139088,SA,Issued,acma-radio
FM,1171836,1584002,23643,SA,Issued,acma-radio
FM,1170013,10008042,7594,NSW,Issued,acma-radio
FM,1148078,10005044,7594,NSW,Issued,acma-radio
FM,1384867,2161001,7648,NSW,Issued,acma-radio
FM,1170129,10005043,7648,NSW,Issued,acma-radio
FM,12456328,12001319,10035942,WA,Issued,acma-radio
FM,12456330,12001320,10035942,WA,Issued,acma-radio
FM,12456332,12001321,10035942,WA,Issued,acma-radio
FM,12456334,12001322,10035942,WA,Issued,acma-radio
FM,10407631,1136500,9001677,VIC,Issued,acma-radio
FM,1152630,2004002,9816,NSW,Issued,acma-radio
FM,1152628,2002002,9816,NSW,Issued,acma-radio
FM,1152629,2003002,9816,NSW,Issued,acma-radio
FM,11161084,12000554,25123,SA,Issued,acma-radio
FM,11160999,12000555,25123,SA,Issued,acma-radio
FM,1151724,8644001,33781,TAS,Issued,acma-radio
FM,12065171,12001104,10031795,WA,Issued,acma-radio
FM,12065172,12001105,10031795,WA,Issued,acma-radio
FM,12065173,12001106,10031795,WA,Issued,acma-radio
FM,1154810,6374001,16343,QLD,Issued,acma-radio
FM,1170005,10008594,152916,QLD,Issued,acma-radio
FM,1170004,10008602,53915,QLD,Issued,acma-radio
FM,10263592,1138015,138230,VIC,Issued,acma-radio
FM,10263592,1138015,10006356,VIC,Issued,acma-radio
FM,1151025,10013946,44228,SA,Issued,acma-radio
FM,1185218,10010729,500823,SA,Issued,acma-radio
FM,1151279,10014331,153603,SA,Issued,acma-radio
FM,1385277,10003100,2871,NT,Issued,acma-radio
FM,1154030,10003021,2871,NT,Issued,acma-radio
FM,1182745,1130408,151611,NT,Issued,acma-radio
FM,1140028,10001484,31717,WA,Issued,acma-radio
FM,1141240,1130162,1614,NT,Issued,acma-radio
FM,10887990,12000721,9003133,QLD,Issued,acma-radio
FM,1932641,1133961,10016420,WA,Issued,acma-radio
FM,1932640,1133962,10016420,WA,Issued,acma-radio
FM,1932639,1133963,10016420,WA,Issued,acma-radio
FM,1932643,1133965,10016420,WA,Issued,acma-radio
FM,1932642,1133968,10016420,WA,Issued,acma-radio
FM,1159265,1133298,10011035,QLD,Issued,acma-radio
FM,10480449,1133299,10011035,QLD,Issued,acma-radio
FM,1158940,10000141,151307,WA,Issued,acma-radio
FM,12300150,10003488,40914,QLD,Issued,acma-radio
FM,1184719,1131440,28838,WA,Issued,acma-radio
FM,1154840,10001554,151801,WA,Issued,acma-radio
FM,1384891,10001553,151801,WA,Issued,acma-radio
FM,1152333,10005314,10000915,WA,Issued,acma-radio
FM,1198527,10001555,151801,WA,Issued,acma-radio
FM,1171690,1132534,11737,VIC,Issued,acma-radio
FM,1159313,10013032,280078,NSW,Issued,acma-radio
FM,1566758,1132668,137466,QLD,Issued,acma-radio
FM,1566759,1132666,137466,QLD,Issued,acma-radio
FM,1566757,1132667,137466,QLD,Issued,acma-radio
FM,1152373,10005084,32127,WA,Issued,acma-radio
FM,1154033,10001492,32127,WA,Issued,acma-radio
FM,1385278,10003101,1951,NT,Issued,acma-radio
FM,10722536,10003022,1951,NT,Issued,acma-radio
FM,1913090,1132542,9914,NSW,Issued,acma-radio
FM,12693169,12001365,10039645,NSW,Issued,acma-radio
FM,12833063,12001437,10041840,NSW,Issued,acma-radio
FM,12833064,12001436,10041840,NSW,Issued,acma-radio
FM,12833065,12001438,10041840,NSW,Issued,acma-radio
FM,12833066,12001439,10041840,NSW,Issued,acma-radio
FM,11293820,12000310,51099,NSW,Issued,acma-radio
FM,1171486,10007821,141657,NSW,Issued,acma-radio
FM,10196673,12000229,9007136,QLD,Issued,acma-radio
FM,10196674,12000230,9007136,QLD,Issued,acma-radio
FM,10196675,12000231,9007136,QLD,Issued,acma-radio
FM,1945750,1135880,9007136,QLD,Issued,acma-radio
FM,1153501,10008303,21542,QLD,Issued,acma-radio
FM,1153498,10008300,21542,QLD,Issued,acma-radio
FM,1171024,10011109,40607,VIC,Issued,acma-radio
FM,1385173,5266001,136202,VIC,Issued,acma-radio
FM,1155705,10009654,152973,SA,Issued,acma-radio
FM,1157239,12000743,153578,SA,Issued,acma-radio
FM,1154860,12001072,150533,WA,Issued,acma-radio
FM,1158236,12001073,150533,WA,Issued,acma-radio
FM,1170821,10011063,47336,VIC,Issued,acma-radio
FM,1189265,6751001,12044,VIC,Issued,acma-radio
FM,1151658,7602001,12044,VIC,Issued,acma-radio
FM,1150229,3827001,12044,VIC,Issued,acma-radio
FM,1150230,3014601,12044,VIC,Issued,acma-radio
FM,1170981,10010733,12044,VIC,Issued,acma-radio
FM,1385162,3063001,10007437,VIC,Issued,acma-radio
FM,1562974,10012999,33804,TAS,Issued,acma-radio
FM,1565839,10012998,33804,TAS,Issued,acma-radio
FM,1940480,1135009,139978,TAS,Issued,acma-radio
FM,1385211,3985901,33635,TAS,Issued,acma-radio
FM,1385214,3986001,33635,TAS,Issued,acma-radio
FM,1157889,10011338,700657,TAS,Issued,acma-radio
FM,1908236,1132754,137617,TAS,Issued,acma-radio
FM,1908243,1132753,137617,TAS,Issued,acma-radio
FM,1198731,10003937,21455,QLD,Issued,acma-radio
FM,1198773,10003936,21455,QLD,Issued,acma-radio
FM,1985145,1137788,133890,WA,Issued,acma-radio
FM,1157694,10012251,141421,WA,Issued,acma-radio
FM,1157161,10001175,141421,WA,Issued,acma-radio
FM,1384898,10001173,150383,WA,Issued,acma-radio
FM,1152306,10001172,150383,WA,Issued,acma-radio
FM,1198519,10001171,29876,WA,Issued,acma-radio
FM,1198555,10001170,29876,WA,Issued,acma-radio
FM,1384911,10002390,138726,WA,Issued,acma-radio
FM,1158238,10002391,138726,WA,Issued,acma-radio
FM,1198528,10002398,30633,WA,Issued,acma-radio
FM,10612857,12000602,10014563,SA,Issued,acma-radio
FM,1953963,1136765,140684,SA,Issued,acma-radio
FM,1198432,10002902,151322,SA,Issued,acma-radio
FM,1152315,10005289,29774,WA,Issued,acma-radio
FM,1158239,10000998,29774,WA,Issued,acma-radio
FM,1384905,10000997,29774,WA,Issued,acma-radio
FM,11233226,12000855,29774,WA,Issued,acma-radio
FM,11233185,12000854,29774,WA,Issued,acma-radio
FM,11233183,12000853,29774,WA,Issued,acma-radio
FM,1385166,1912001,40858,VIC,Issued,acma-radio
FM,1170824,10011104,9001606,VIC,Issued,acma-radio
FM,1961744,1137298,151370,WA,Issued,acma-radio
FM,1984785,1137793,151370,WA,Issued,acma-radio
FM,1156130,10001168,151370,WA,Issued,acma-radio
FM,1171017,10001167,151370,WA,Issued,acma-radio
FM,1158240,10001166,151370,WA,Issued,acma-radio
FM,1384895,10001165,151370,WA,Issued,acma-radio
FM,1198507,10001163,29850,WA,Issued,acma-radio
FM,1198529,10001162,29850,WA,Issued,acma-radio
FM,12457383,12001335,10035784,WA,Issued,acma-radio
FM,1170107,10004341,150017,NSW,Issued,acma-radio
FM,1159251,10003539,150017,NSW,Issued,acma-radio
FM,1151377,10004888,11114,NSW,Issued,acma-radio
FM,1198599,10002952,11107,NSW,Issued,acma-radio
FM,1151378,10004887,11114,NSW,Issued,acma-radio
FM,1198604,10002953,11107,NSW,Issued,acma-radio
FM,1156143,10013227,150017,NSW,Issued,acma-radio
FM,1152702,10004340,150616,NSW,Issued,acma-radio
FM,1159310,10010808,34350,TAS,Issued,acma-radio
FM,1150187,6586002,34349,TAS,Issued,acma-radio
FM,1150188,6625004,34349,TAS,Issued,acma-radio
FM,1159206,3051001,8532,NSW,Issued,acma-radio
FM,1184605,1131405,151372,NSW,Issued,acma-radio
FM,1384832,6306001,8535,NSW,Issued,acma-radio
FM,1158846,10009237,152325,NSW,Issued,acma-radio
FM,1153548,10001616,10479,NSW,Issued,acma-radio
FM,1904832,1131105,10479,NSW,Issued,acma-radio
FM,1198600,10001614,10479,NSW,Issued,acma-radio
FM,1159634,10013395,153227,QLD,Issued,acma-radio
FM,1139598,3046001,5110,NSW,Issued,acma-radio
FM,11176494,12000484,10011668,SA,Issued,acma-radio
FM,11176448,12000485,10011668,SA,Issued,acma-radio
FM,1385188,1945001,13165,QLD,Issued,acma-radio
FM,1564138,1133023,153356,NSW,Issued,acma-radio
FM,1198692,10003874,18185,QLD,Issued,acma-radio
FM,1188095,1131527,150375,QLD,Issued,acma-radio
FM,10482173,12000451,150375,QLD,Issued,acma-radio
FM,1152342,10004221,150375,QLD,Issued,acma-radio
FM,1154700,10005014,151602,QLD,Issued,acma-radio
FM,1976578,10005026,150375,QLD,Issued,acma-radio
FM,10482519,12000452,150375,QLD,Issued,acma-radio
FM,1170592,1135654,136908,VIC,Issued,acma-radio
FM,1154563,10003491,40898,QLD,Issued,acma-radio
FM,1155472,10007550,18427,QLD,Issued,acma-radio
FM,1150309,1562001,18651,QLD,Issued,acma-radio
FM,1155719,10007929,18651,QLD,Issued,acma-radio
FM,1151769,7603001,18651,QLD,Issued,acma-radio
FM,1384840,1964001,18651,QLD,Issued,acma-radio
FM,1150311,5507001,18651,QLD,Issued,acma-radio
FM,1155488,6396001,18651,QLD,Issued,acma-radio
FM,1150317,6155001,18651,QLD,Issued,acma-radio
FM,1154764,6395001,18651,QLD,Issued,acma-radio
FM,1189264,10013399,18651,QLD,Issued,acma-radio
FM,1171135,6393001,18428,QLD,Issued,acma-radio
FM,1198253,10007546,18428,QLD,Issued,acma-radio
FM,1948379,10012343,24732,SA,Issued,acma-radio
FM,1385169,5242001,12113,VIC,Issued,acma-radio
FM,1198458,3684001,12113,VIC,Issued,acma-radio
FM,1198462,3682001,12113,VIC,Issued,acma-radio
FM,10426922,12000183,150148,WA,Issued,acma-radio
FM,10426922,12000183,27499,WA,Issued,acma-radio
FM,1151269,10004933,150148,WA,Issued,acma-radio
FM,1151269,10004933,27499,WA,Issued,acma-radio
FM,11217711,12000848,9012230,NSW,Issued,acma-radio
FM,11217713,12000849,9012230,NSW,Issued,acma-radio
FM,11217715,12000850,9012230,NSW,Issued,acma-radio
FM,1976560,1130750,1582,NT,Issued,acma-radio
FM,1154037,10003457,1582,NT,Issued,acma-radio
FM,1563209,10008216,204131,NSW,Issued,acma-radio
FM,1563210,10008215,41011,NSW,Issued,acma-radio
FM,1922408,1131098,7658,NSW,Issued,acma-radio
FM,1150261,2044002,7658,NSW,Issued,acma-radio
FM,1151711,7360001,7658,NSW,Issued,acma-radio
FM,1150267,6300001,7658,NSW,Issued,acma-radio
FM,1150271,3102601,7658,NSW,Issued,acma-radio
FM,10407927,1137790,11981,VIC,Issued,acma-radio
FM,1151401,1137778,11981,VIC,Issued,acma-radio
FM,1155034,10007438,11981,VIC,Issued,acma-radio
FM,1155034,10007438,10006963,VIC,Issued,acma-radio
FM,1198460,10003550,11983,VIC,Issued,acma-radio
FM,1198463,10003544,11983,VIC,Issued,acma-radio
FM,1159280,10000661,52919,WA,Issued,acma-radio
FM,1158644,4749048,52919,WA,Issued,acma-radio
FM,1158594,10000663,52919,WA,Issued,acma-radio
FM,1153827,7100001,52919,WA,Issued,acma-radio
FM,1159281,10013245,52919,WA,Issued,acma-radio
FM,1960173,1137233,141140,WA,Issued,acma-radio
FM,1960171,1137231,141140,WA,Issued,acma-radio
FM,1960172,1137232,141140,WA,Issued,acma-radio
FM,1960170,1137230,141140,WA,Issued,acma-radio
FM,1960169,1137229,141140,WA,Issued,acma-radio
FM,1198512,10000788,151671,WA,Issued,acma-radio
FM,1198538,10000787,151671,WA,Issued,acma-radio
FM,10773683,10008122,10012299,QLD,Issued,acma-radio
FM,1159017,1133511,26184,WA,Issued,acma-radio
FM,1198427,10002903,25815,SA,Issued,acma-radio
FM,1198435,10002904,25815,SA,Issued,acma-radio
FM,1158901,10013729,152955,WA,Issued,acma-radio
FM,1158902,10013731,152955,WA,Issued,acma-radio
FM,1155102,10008040,152888,QLD,Issued,acma-radio
FM,1980357,10007995,153198,QLD,Issued,acma-radio
FM,1156803,10007994,153198,QLD,Issued,acma-radio
FM,1155907,10007928,153198,QLD,Issued,acma-radio
FM,1171608,1132564,140125,VIC,Issued,acma-radio
FM,1930093,1133852,138475,VIC,Issued,acma-radio
FM,1151268,10008361,134422,VIC,Issued,acma-radio
FM,1156514,10009653,150549,VIC,Issued,acma-radio
FM,1198375,10003996,2147,NT,Issued,acma-radio
FM,1198374,10003995,2147,NT,Issued,acma-radio
FM,1158292,10013017,33169,TAS,Issued,acma-radio
FM,1928016,1133675,53837,NT,Issued,acma-radio
FM,1928014,1133674,53837,NT,Issued,acma-radio
FM,1928015,1133673,53837,NT,Issued,acma-radio
FM,12349442,12001295,10034328,WA,Issued,acma-radio
FM,12349443,12001296,10034328,WA,Issued,acma-radio
FM,12349444,12001297,10034328,WA,Issued,acma-radio
FM,1188044,159001,14917,QLD,Issued,acma-radio
FM,1198703,10003877,140497,QLD,Issued,acma-radio
FM,1155295,10001046,140317,WA,Issued,acma-radio
FM,1158241,10001044,151479,WA,Issued,acma-radio
FM,10103855,10001043,151479,WA,Issued,acma-radio
FM,1152321,10001042,140317,WA,Issued,acma-radio
FM,1198524,10001041,151479,WA,Issued,acma-radio
FM,1198563,10001038,151479,WA,Issued,acma-radio
FM,1170727,10008366,12010,VIC,Issued,acma-radio
FM,1170755,6762001,12010,VIC,Issued,acma-radio
FM,1171051,10005261,12014,VIC,Issued,acma-radio
FM,1171051,10005261,12010,VIC,Issued,acma-radio
FM,1385185,10009497,12014,VIC,Issued,acma-radio
FM,1198385,7113001,12014,VIC,Issued,acma-radio
FM,1170518,6761001,12010,VIC,Issued,acma-radio
FM,1170518,6761001,12014,VIC,Issued,acma-radio
FM,10110268,4142001,12014,VIC,Issued,acma-radio
FM,10110268,4142001,12013,VIC,Issued,acma-radio
FM,10110268,4142001,12010,VIC,Issued,acma-radio
FM,1384853,3035001,12014,VIC,Issued,acma-radio
FM,1384853,3035001,12013,VIC,Issued,acma-radio
FM,1384853,3035001,11597,VIC,Issued,acma-radio
FM,1385178,3068001,12013,VIC,Issued,acma-radio
FM,1385164,10009498,12013,VIC,Issued,acma-radio
FM,1384880,4143001,12014,VIC,Issued,acma-radio
FM,1384880,4143001,12013,VIC,Issued,acma-radio
FM,1384880,4143001,12010,VIC,Issued,acma-radio
FM,1991670,3034001,12013,VIC,Issued,acma-radio
FM,1991670,3034001,11597,VIC,Issued,acma-radio
FM,1991670,3034001,12014,VIC,Issued,acma-radio
FM,10099945,3012001,12014,VIC,Issued,acma-radio
FM,1385171,10009499,12014,VIC,Issued,acma-radio
FM,1385171,10009499,12013,VIC,Issued,acma-radio
FM,1198467,3994001,12014,VIC,Issued,acma-radio
FM,1170602,10008379,199023,VIC,Issued,acma-radio
FM,1385161,3951001,302508,VIC,Issued,acma-radio
FM,1171207,3959001,153016,VIC,Issued,acma-radio
FM,10105506,10009559,50350,VIC,Issued,acma-radio
FM,10105506,10009559,153654,VIC,Issued,acma-radio
FM,1139943,5170001,9001537,VIC,Issued,acma-radio
FM,1385179,5191001,137549,VIC,Issued,acma-radio
FM,1385175,2053001,35081,VIC,Issued,acma-radio
FM,1198612,10004000,151202,NSW,Issued,acma-radio
FM,1198615,10005949,151202,NSW,Issued,acma-radio
FM,11964629,12001137,11399,NSW,Issued,acma-radio
FM,12457469,12001316,11399,NSW,Issued,acma-radio
FM,1965293,10000246,600678,WA,Issued,acma-radio
FM,1198520,10000234,29739,WA,Issued,acma-radio
FM,1198556,10000232,29739,WA,Issued,acma-radio
FM,1156550,10006137,142516,NT,Issued,acma-radio
FM,1156552,10010868,142516,NT,Issued,acma-radio
FM,11654866,12000573,34748,NSW,Issued,acma-radio
FM,1955667,1136740,140667,VIC,Issued,acma-radio
FM,1152322,10000109,151269,WA,Issued,acma-radio
FM,1152729,10005158,29198,WA,Issued,acma-radio
FM,1198530,10000108,29232,WA,Issued,acma-radio
FM,1198629,5657002,41049,NSW,Issued,acma-radio
FM,1159182,10007859,133965,NSW,Issued,acma-radio
FM,1198638,5655001,41049,NSW,Issued,acma-radio
FM,1566633,1132670,9009007,WA,Issued,acma-radio
FM,1566635,1132671,9009007,WA,Issued,acma-radio
FM,1566634,1132672,9009007,WA,Issued,acma-radio
FM,1566636,1132669,9009007,WA,Issued,acma-radio
FM,1919785,1133423,9009007,WA,Issued,acma-radio
FM,1156421,10010465,44765,WA,Issued,acma-radio
FM,1141375,1130126,44765,WA,Issued,acma-radio
FM,1931159,1133874,44765,WA,Issued,acma-radio
FM,1156422,10010466,44765,WA,Issued,acma-radio
FM,1171021,10007990,18918,QLD,Issued,acma-radio
FM,1159625,10013413,18915,QLD,Issued,acma-radio
FM,1153118,10007830,18918,QLD,Issued,acma-radio
FM,1153119,10007829,18918,QLD,Issued,acma-radio
FM,1152690,10007163,502343,VIC,Issued,acma-radio
FM,1564474,1132632,43425,VIC,Issued,acma-radio
FM,1151355,10002410,502343,VIC,Issued,acma-radio
FM,1153297,10002417,11763,VIC,Issued,acma-radio
FM,1153297,10002417,53325,VIC,Issued,acma-radio
FM,1151140,10002415,11763,VIC,Issued,acma-radio
FM,1192765,1132661,11763,VIC,Issued,acma-radio
FM,1153120,10002414,11763,VIC,Issued,acma-radio
FM,1150234,10002413,11763,VIC,Issued,acma-radio
FM,1150236,10002412,11763,VIC,Issued,acma-radio
FM,1150238,10002411,11763,VIC,Issued,acma-radio
FM,1198675,10003878,14809,QLD,Issued,acma-radio
FM,1151930,10002732,14811,QLD,Issued,acma-radio
FM,1941129,1133167,14811,QLD,Issued,acma-radio
FM,10187246,10003458,10029331,NT,Issued,acma-radio
FM,10308416,10002245,10007952,NT,Issued,acma-radio
FM,12464693,5703001,23800,SA,Issued,acma-radio
FM,10158711,8118001,1620,NT,Issued,acma-radio
FM,1154040,10003459,1620,NT,Issued,acma-radio
FM,1158869,10014369,153610,SA,Issued,acma-radio
FM,1909522,1133156,25169,SA,Issued,acma-radio
FM,1152979,10007881,16904,QLD,Issued,acma-radio
FM,1152984,10007885,16904,QLD,Issued,acma-radio
FM,1384919,10007541,41331,QLD,Issued,acma-radio
FM,1153121,10007529,41331,QLD,Issued,acma-radio
FM,1153122,10007528,41331,QLD,Issued,acma-radio
FM,1171075,10004222,55183,QLD,Issued,acma-radio
FM,1159627,167001,153039,QLD,Issued,acma-radio
FM,1198732,10003880,15136,QLD,Issued,acma-radio
FM,1198774,10003879,15136,QLD,Issued,acma-radio
FM,1170753,6171001,9793,NSW,Issued,acma-radio
FM,1924266,1130144,153387,QLD,Issued,acma-radio
FM,1150315,10003882,16500,QLD,Issued,acma-radio
FM,1158264,10002724,153387,QLD,Issued,acma-radio
FM,11787946,12001090,10001666,NSW,Issued,acma-radio
FM,11788431,12001091,10001666,NSW,Issued,acma-radio
FM,11787831,12001089,10001666,NSW,Issued,acma-radio
FM,1156551,10000479,501694,SA,Issued,acma-radio
FM,1154798,1987005,151395,SA,Issued,acma-radio
FM,10263091,1137989,30599,WA,Issued,acma-radio
FM,1567355,1132878,137573,WA,Issued,acma-radio
FM,1567354,1132877,137573,WA,Issued,acma-radio
FM,1567353,1132876,137573,WA,Issued,acma-radio
FM,10570164,10007724,18767,QLD,Issued,acma-radio
FM,1159633,10007723,18885,QLD,Issued,acma-radio
FM,1170874,10013634,404745,QLD,Issued,acma-radio
FM,1198705,5507002,18885,QLD,Issued,acma-radio
FM,1198736,2331001,18885,QLD,Issued,acma-radio
FM,10183482,1131056,151650,QLD,Issued,acma-radio
FM,1922539,1133535,31413,WA,Issued,acma-radio
FM,10263093,1137734,31413,WA,Issued,acma-radio
FM,10652906,1137733,31395,WA,Issued,acma-radio
FM,1142574,10002469,31413,WA,Issued,acma-radio
FM,1384860,2994001,35653,NSW,Issued,acma-radio
FM,1155269,10008160,152956,NSW,Issued,acma-radio
FM,1385177,1969001,12127,VIC,Issued,acma-radio
FM,1170205,10008514,35140,NSW,Issued,acma-radio
FM,1385133,1772001,8979,NSW,Issued,acma-radio
FM,12579492,12000538,153046,QLD,Issued,acma-radio
FM,10072851,10013412,153513,QLD,Issued,acma-radio
FM,1198758,10003883,15169,QLD,Issued,acma-radio
FM,1158249,10007856,21759,QLD,Issued,acma-radio
FM,1150299,10007432,21759,QLD,Issued,acma-radio
FM,1154774,10007489,21215,QLD,Issued,acma-radio
FM,1158227,10007488,441105,QLD,Issued,acma-radio
FM,1918893,1132680,441105,QLD,Issued,acma-radio
FM,11022974,12000553,23171,SA,Issued,acma-radio
FM,11022974,12000553,305178,SA,Issued,acma-radio
FM,11020859,12000516,23483,SA,Issued,acma-radio
FM,1157334,10010683,23483,SA,Issued,acma-radio
FM,1151866,10007607,150427,VIC,Issued,acma-radio
FM,1153257,10007908,150427,VIC,Issued,acma-radio
FM,1171043,1133183,11959,VIC,Issued,acma-radio
FM,1154096,10007991,41098,VIC,Issued,acma-radio
FM,12298819,1136654,305423,VIC,Issued,acma-radio
FM,12056168,12000915,23800,SA,Issued,acma-radio
FM,1153709,10004702,23800,SA,Issued,acma-radio
FM,1385200,10010697,131229,SA,Issued,acma-radio
FM,1151771,7565001,23800,SA,Issued,acma-radio
FM,1151772,7566001,23800,SA,Issued,acma-radio
FM,1150208,3023001,23800,SA,Issued,acma-radio
FM,1171736,10010695,23959,SA,Issued,acma-radio
FM,1189261,10010696,23800,SA,Issued,acma-radio
FM,1198684,10003939,21714,QLD,Issued,acma-radio
FM,1198686,10003938,21714,QLD,Issued,acma-radio
FM,1157767,10007604,41113,VIC,Issued,acma-radio
FM,1153224,10004644,41317,QLD,Issued,acma-radio
FM,1198699,10003946,39695,QLD,Issued,acma-radio
FM,1384934,10003831,151687,QLD,Issued,acma-radio
FM,1153479,10004031,39695,QLD,Issued,acma-radio
FM,1153123,10003945,39695,QLD,Issued,acma-radio
FM,1566068,10003723,39695,QLD,Issued,acma-radio
FM,1153124,10003943,39695,QLD,Issued,acma-radio
FM,1198747,10003941,39695,QLD,Issued,acma-radio
FM,1156864,10011674,153280,WA,Issued,acma-radio
FM,1156863,10011673,153280,WA,Issued,acma-radio
FM,1156862,10011672,153280,WA,Issued,acma-radio
FM,1156703,10010946,29744,WA,Issued,acma-radio
FM,1565247,1132629,29744,WA,Issued,acma-radio
FM,1565248,1132630,29744,WA,Issued,acma-radio
FM,1565249,1132631,29744,WA,Issued,acma-radio
FM,1142059,1130297,153133,NT,Issued,acma-radio
FM,1142061,1130296,153133,NT,Issued,acma-radio
FM,1142060,1130182,153133,NT,Issued,acma-radio
FM,1158242,10001199,151399,WA,Issued,acma-radio
FM,1384912,10001198,151399,WA,Issued,acma-radio
FM,1152316,10001197,142667,WA,Issued,acma-radio
FM,1198508,10001196,151399,WA,Issued,acma-radio
FM,1198531,10001195,151399,WA,Issued,acma-radio
FM,1198685,10007502,40988,QLD,Issued,acma-radio
FM,1198687,10007496,40988,QLD,Issued,acma-radio
FM,12921161,12001505,10043319,WA,Issued,acma-radio
FM,10322787,10013870,17734,QLD,Issued,acma-radio
FM,10322790,10013869,17734,QLD,Issued,acma-radio
FM,11244526,12000874,9003763,QLD,Issued,acma-radio
FM,11244574,12000875,9003763,QLD,Issued,acma-radio
FM,10448782,12000540,10012459,NSW,Issued,acma-radio
FM,1180798,1131120,21433,QLD,Issued,acma-radio
FM,511187,1415018,21433,QLD,Issued,acma-radio
FM,511186,1984004,21433,QLD,Issued,acma-radio
FM,1145536,10010402,153375,QLD,Issued,acma-radio
FM,1149187,10011920,153375,QLD,Issued,acma-radio
FM,1158103,10007102,17819,QLD,Issued,acma-radio
FM,1158104,10007103,17819,QLD,Issued,acma-radio
FM,1151947,10005934,36223,VIC,Issued,acma-radio
FM,11755500,12001013,403362,NSW,Issued,acma-radio
FM,11755506,12001012,403362,NSW,Issued,acma-radio
FM,11755507,12001014,403362,NSW,Issued,acma-radio
FM,12266259,12001222,40770,WA,Issued,acma-radio
FM,12266261,12001223,40770,WA,Issued,acma-radio
FM,12266263,12001224,40770,WA,Issued,acma-radio
FM,11871184,12001053,10001789,WA,Issued,acma-radio
FM,11871188,12001054,10001789,WA,Issued,acma-radio
FM,11871189,12001055,10001789,WA,Issued,acma-radio
FM,11871190,12001056,10001789,WA,Issued,acma-radio
FM,11871191,12001057,10001789,WA,Issued,acma-radio
FM,11871192,12001058,10001789,WA,Issued,acma-radio
FM,1159512,10002539,151198,NSW,Issued,acma-radio
FM,1154097,12000907,151198,NSW,Issued,acma-radio
FM,1153545,10004643,11345,NSW,Issued,acma-radio
FM,1198622,10002537,11345,NSW,Issued,acma-radio
FM,1565021,1130958,11345,NSW,Issued,acma-radio
FM,1972404,1137585,151303,WA,Issued,acma-radio
FM,1152406,10000189,31473,WA,Issued,acma-radio
FM,1159520,10014339,370253,NSW,Issued,acma-radio
FM,1154805,10007979,10010565,NSW,Issued,acma-radio
FM,10437431,10013414,10044210,QLD,Issued,acma-radio
FM,1152288,10008306,136156,NSW,Issued,acma-radio
FM,1152287,10008307,136156,NSW,Issued,acma-radio
FM,1384992,12000188,501707,SA,Issued,acma-radio
FM,1170238,10005489,501707,SA,Issued,acma-radio
FM,12299938,10003494,41050,QLD,Issued,acma-radio
FM,1916029,1131109,11885,VIC,Issued,acma-radio
FM,1150233,10005796,11885,VIC,Issued,acma-radio
FM,1150235,10005794,11885,VIC,Issued,acma-radio
FM,1153125,10005792,11885,VIC,Issued,acma-radio
FM,1385225,10005717,150969,VIC,Issued,acma-radio
FM,1152885,10007986,152654,WA,Issued,acma-radio
FM,1152938,10008032,9921,NSW,Issued,acma-radio
FM,1198616,3002001,9921,NSW,Issued,acma-radio
FM,1189263,10005408,9921,NSW,Issued,acma-radio
FM,1198618,6302001,9921,NSW,Issued,acma-radio
FM,1198624,3558001,9921,NSW,Issued,acma-radio
FM,1155299,10008761,6401,NSW,Issued,acma-radio
FM,1170014,10008589,153057,NSW,Issued,acma-radio
FM,1925080,1133573,6405,NSW,Issued,acma-radio
FM,1198640,5813001,6401,NSW,Issued,acma-radio
FM,1384865,7663001,250177,NSW,Issued,acma-radio
FM,1170015,10005071,6361,NSW,Issued,acma-radio
FM,1565002,10007775,6361,NSW,Issued,acma-radio
FM,1198643,5657001,6361,NSW,Issued,acma-radio
FM,1155230,9197001,151529,NT,Issued,acma-radio
FM,1950049,1136835,140255,QLD,Issued,acma-radio
FM,1198775,10003884,151637,QLD,Issued,acma-radio
FM,12840187,1137991,41099,VIC,Issued,acma-radio
FM,1198451,10003769,41099,VIC,Issued,acma-radio
FM,1186128,1131585,12002,VIC,Issued,acma-radio
FM,1150296,3016002,16046,QLD,Issued,acma-radio
FM,1150297,4179002,16046,QLD,Issued,acma-radio
FM,1150300,4236001,16046,QLD,Issued,acma-radio
FM,1170853,10008223,141346,QLD,Issued,acma-radio
FM,1151461,10004669,15894,QLD,Issued,acma-radio
FM,1384874,4184601,151471,QLD,Issued,acma-radio
FM,1969850,1131209,16046,QLD,Issued,acma-radio
FM,1170732,10009958,151471,QLD,Issued,acma-radio
FM,10259680,10009956,15891,QLD,Issued,acma-radio
FM,1385146,5017001,7646,NSW,Issued,acma-radio
FM,1960715,1137234,141260,WA,Issued,acma-radio
FM,1960716,1137235,141260,WA,Issued,acma-radio
FM,1960717,1137236,141260,WA,Issued,acma-radio
FM,1960718,1137237,141260,WA,Issued,acma-radio
FM,1960719,1137238,141260,WA,Issued,acma-radio
FM,1198497,10002270,28026,WA,Issued,acma-radio
FM,1198500,10002271,28026,WA,Issued,acma-radio
FM,10238697,12000246,10004838,WA,Issued,acma-radio
FM,10238715,12000247,10004838,WA,Issued,acma-radio
FM,1159050,10010714,23720,SA,Issued,acma-radio
FM,1171737,10010698,141682,SA,Issued,acma-radio
FM,1155311,10010529,23720,SA,Issued,acma-radio
FM,1152404,10000174,28860,WA,Issued,acma-radio
FM,1385134,1772002,133903,NSW,Issued,acma-radio
FM,1170206,10008513,9120,NSW,Issued,acma-radio
FM,1170360,10008103,35653,NSW,Issued,acma-radio
FM,1171691,1133373,35613,NSW,Issued,acma-radio
FM,1188098,1131526,35613,NSW,Issued,acma-radio
FM,11020848,12000785,10021744,WA,Issued,acma-radio
FM,1156903,10010599,28235,WA,Issued,acma-radio
FM,1150788,10005726,601320,WA,Issued,acma-radio
FM,10407842,1137741,306271,NSW,Issued,acma-radio
FM,1385143,3050001,151082,NSW,Issued,acma-radio
FM,1150542,10012742,33804,TAS,Issued,acma-radio
FM,1148453,10013768,33804,TAS,Issued,acma-radio
FM,1158417,10011368,33804,TAS,Issued,acma-radio
FM,1150193,3029601,33804,TAS,Issued,acma-radio
FM,1150192,5570501,33804,TAS,Issued,acma-radio
FM,1159629,10013239,18733,QLD,Issued,acma-radio
FM,10407988,10013132,18733,QLD,Issued,acma-radio
FM,10168071,1131057,402937,QLD,Issued,acma-radio
FM,1170097,10007610,6112,NSW,Issued,acma-radio
FM,1187963,10014598,5839,NSW,Issued,acma-radio
FM,1198631,4000001,5839,NSW,Issued,acma-radio
FM,10276955,4117001,5838,NSW,Issued,acma-radio
FM,1172019,10008577,5838,NSW,Issued,acma-radio
FM,1384859,197001,5838,NSW,Issued,acma-radio
FM,1198646,3003001,5839,NSW,Issued,acma-radio
FM,1384877,4126001,5839,NSW,Issued,acma-radio
FM,1198377,10003178,151758,NT,Issued,acma-radio
FM,1198378,10003177,151758,NT,Issued,acma-radio
FM,1158765,10013400,18762,QLD,Issued,acma-radio
FM,1940706,1135028,18762,QLD,Issued,acma-radio
FM,1384889,10000738,151609,WA,Issued,acma-radio
FM,1154838,10000737,151609,WA,Issued,acma-radio
FM,1198494,10000734,151609,WA,Issued,acma-radio
FM,1171005,10000732,36529,WA,Issued,acma-radio
FM,1974684,1137630,10000105,WA,Issued,acma-radio
FM,1974683,1137631,10000105,WA,Issued,acma-radio
FM,1974687,1137632,10000105,WA,Issued,acma-radio
FM,1974685,1137633,10000105,WA,Issued,acma-radio
FM,1974682,1137634,10000105,WA,Issued,acma-radio
FM,1974688,1137635,10000105,WA,Issued,acma-radio
FM,1974681,1137636,10000105,WA,Issued,acma-radio
FM,1974686,1137637,10000105,WA,Issued,acma-radio
FM,1974690,1137638,10000105,WA,Issued,acma-radio
FM,1974689,1137639,10000105,WA,Issued,acma-radio
FM,1154041,9114001,10023396,NT,Issued,acma-radio
FM,1385279,10003102,2160,NT,Issued,acma-radio
FM,12231038,1777003,10023396,NT,Issued,acma-radio
FM,11895780,1137100,41747,VIC,Issued,acma-radio
FM,1158220,6766001,41747,VIC,Issued,acma-radio
FM,1151746,10003427,40632,VIC,Issued,acma-radio
FM,1949291,1136488,3110,NT,Issued,acma-radio
FM,1949440,1136489,3110,NT,Issued,acma-radio
FM,1153483,10004018,3104,NT,Issued,acma-radio
FM,10103853,1134105,3110,NT,Issued,acma-radio
FM,1198358,10003184,3104,NT,Issued,acma-radio
FM,1170680,10009943,55624,NSW,Issued,acma-radio
FM,1184713,1131966,8481,NSW,Issued,acma-radio
FM,1170854,10010307,404233,QLD,Issued,acma-radio
FM,1986022,1130996,51085,QLD,Issued,acma-radio
FM,1170677,10008222,404233,QLD,Issued,acma-radio
FM,1157260,10011281,10039671,QLD,Issued,acma-radio
FM,1157259,10010282,10039671,QLD,Issued,acma-radio
FM,1149322,1132363,51085,QLD,Issued,acma-radio
FM,1987107,1137826,141200,QLD,Issued,acma-radio
FM,1153700,10008634,141200,QLD,Issued,acma-radio
FM,1158265,10003668,40354,QLD,Issued,acma-radio
FM,1153478,10002751,40354,QLD,Issued,acma-radio
FM,1198709,10002750,40354,QLD,Issued,acma-radio
FM,1198748,10002749,40354,QLD,Issued,acma-radio
FM,1198509,10000257,30041,WA,Issued,acma-radio
FM,1198532,10000255,30041,WA,Issued,acma-radio
FM,1159061,1137249,403753,NSW,Issued,acma-radio
FM,11235567,12000860,9020765,WA,Issued,acma-radio
FM,11235569,12000861,9020765,WA,Issued,acma-radio
FM,11235589,12000862,9020765,WA,Issued,acma-radio
FM,11235610,12000863,9020765,WA,Issued,acma-radio
FM,1152731,10005399,151257,WA,Issued,acma-radio
FM,1158608,10013187,28008,WA,Issued,acma-radio
FM,1158607,10013188,28008,WA,Issued,acma-radio
FM,1158606,10013186,28008,WA,Issued,acma-radio
FM,1385013,12000215,142658,NSW,Issued,acma-radio
FM,1384835,2163001,41339,NSW,Issued,acma-radio
FM,1170299,10008572,142658,NSW,Issued,acma-radio
FM,1170211,10008297,142658,NSW,Issued,acma-radio
FM,1385155,2273501,142658,NSW,Issued,acma-radio
FM,10458179,12000432,9021849,WA,Issued,acma-radio
FM,12242031,9130001,1369,NT,Issued,acma-radio
FM,1154043,10003026,1369,NT,Issued,acma-radio
FM,1198609,10002772,10824,NSW,Issued,acma-radio
FM,10619275,10002774,151261,NSW,Issued,acma-radio
FM,10733319,10014649,304515,TAS,Issued,acma-radio
FM,1929437,1133740,150294,NSW,Issued,acma-radio
FM,1181792,1132340,150294,NSW,Issued,acma-radio
FM,1976562,1137655,1542,NT,Issued,acma-radio
FM,1154044,10003461,1542,NT,Issued,acma-radio
FM,1158250,10014134,40920,VIC,Issued,acma-radio
FM,1159541,10007582,40920,VIC,Issued,acma-radio
FM,1198457,10003771,135679,VIC,Issued,acma-radio
FM,1159542,10007581,153126,VIC,Issued,acma-radio
FM,10408064,1137992,141224,WA,Issued,acma-radio
FM,10408066,1137993,141224,WA,Issued,acma-radio
FM,1171013,10000714,141224,WA,Issued,acma-radio
FM,1143466,1130600,141224,WA,Issued,acma-radio
FM,1198539,10000707,151663,WA,Issued,acma-radio
FM,1385218,10004545,10004483,NSW,Issued,acma-radio
FM,1912925,1132525,10729,NSW,Issued,acma-radio
FM,1153683,10007035,10685,NSW,Issued,acma-radio
FM,1170026,10001552,10005031,NSW,Issued,acma-radio
FM,1170026,10001552,35066,NSW,Issued,acma-radio
FM,1158896,10004542,35066,NSW,Issued,acma-radio
FM,1158896,10004542,10005031,NSW,Issued,acma-radio
FM,1153544,10004547,35066,NSW,Issued,acma-radio
FM,1153677,10004546,10685,NSW,Issued,acma-radio
FM,1171025,10011224,12090,VIC,Issued,acma-radio
FM,1198453,3869001,12090,VIC,Issued,acma-radio
FM,1198455,3870001,12090,VIC,Issued,acma-radio
FM,1153126,7209001,142668,TAS,Issued,acma-radio
FM,1150205,7130001,142668,TAS,Issued,acma-radio
FM,1155192,10009264,152931,QLD,Issued,acma-radio
FM,10912217,8219003,153475,VIC,Issued,acma-radio
FM,1157238,10012323,139522,SA,Issued,acma-radio
FM,1171734,10008024,152689,QLD,Issued,acma-radio
FM,10767915,12000298,10007340,QLD,Issued,acma-radio
FM,10767916,12000299,10007448,QLD,Issued,acma-radio
FM,1159537,1130159,1365,NT,Issued,acma-radio
FM,1154046,10003462,1365,NT,Issued,acma-radio
FM,1158243,10000639,40926,WA,Issued,acma-radio
FM,1384902,10000641,40926,WA,Issued,acma-radio
FM,1155796,10000637,40926,WA,Issued,acma-radio
FM,1198557,10000636,40926,WA,Issued,acma-radio
FM,1385280,10003103,2877,NT,Issued,acma-radio
FM,1171415,10003027,151613,NT,Issued,acma-radio
FM,10265264,10000682,38846,WA,Issued,acma-radio
FM,1171014,10005144,200745,WA,Issued,acma-radio
FM,1158596,10013168,38846,WA,Issued,acma-radio
FM,1158597,10000676,38846,WA,Issued,acma-radio
FM,1155888,10010112,38846,WA,Issued,acma-radio
FM,1198558,10000675,38846,WA,Issued,acma-radio
FM,1915378,1132345,100805,NSW,Issued,acma-radio
FM,1152678,10001424,151148,NSW,Issued,acma-radio
FM,10180101,10001423,10734,NSW,Issued,acma-radio
FM,1153546,10011667,151148,NSW,Issued,acma-radio
FM,1385132,1251001,4902,NSW,Issued,acma-radio
FM,12346789,12001286,10002513,QLD,Issued,acma-radio
FM,12346792,12001287,10002513,QLD,Issued,acma-radio
FM,10092831,1133127,10002513,QLD,Issued,acma-radio
FM,10092835,1133126,10026624,QLD,Issued,acma-radio
FM,12346793,12001288,10026624,QLD,Issued,acma-radio
FM,12346794,12001289,10026624,QLD,Issued,acma-radio
FM,12346795,12001290,10002516,QLD,Issued,acma-radio
FM,12346796,12001291,10002516,QLD,Issued,acma-radio
FM,10092841,10013175,10002516,QLD,Issued,acma-radio
FM,10092837,1133152,10002515,QLD,Issued,acma-radio
FM,12346797,12001292,10002515,QLD,Issued,acma-radio
FM,12346798,12001293,10002515,QLD,Issued,acma-radio
FM,1926473,1133579,11361,NSW,Issued,acma-radio
FM,1970064,1137551,480703,WA,Issued,acma-radio
FM,1182780,1131147,151238,SA,Issued,acma-radio
FM,1198733,10003951,19673,QLD,Issued,acma-radio
FM,1198776,10003950,19673,QLD,Issued,acma-radio
FM,1158386,10013026,1386,NT,Issued,acma-radio
FM,1154048,10003463,1386,NT,Issued,acma-radio
FM,1151051,10005609,10009801,WA,Issued,acma-radio
FM,1158244,10005610,10009801,WA,Issued,acma-radio
FM,1384856,4138003,201689,NSW,Issued,acma-radio
FM,1152717,10005666,201689,NSW,Issued,acma-radio
FM,10501322,1133459,26652,WA,Issued,acma-radio
FM,10119216,1133010,26647,WA,Issued,acma-radio
FM,1384852,4200001,26624,WA,Issued,acma-radio
FM,1384852,4200001,26627,WA,Issued,acma-radio
FM,1170706,1133009,26624,WA,Issued,acma-radio
FM,1170706,1133009,26620,WA,Issued,acma-radio
FM,1384881,4199001,26624,WA,Issued,acma-radio
FM,1384881,4199001,26627,WA,Issued,acma-radio
FM,1384882,3038001,26627,WA,Issued,acma-radio
FM,1198371,6891001,26620,WA,Issued,acma-radio
FM,1198496,3028601,26620,WA,Issued,acma-radio
FM,1385210,1133011,26647,WA,Issued,acma-radio
FM,1198502,3996601,26620,WA,Issued,acma-radio
FM,1172328,10013851,26647,WA,Issued,acma-radio
FM,1236269,1133012,26647,WA,Issued,acma-radio
FM,1926086,1170142,26620,WA,Issued,acma-radio
FM,1198482,12001029,26620,WA,Issued,acma-radio
FM,1198484,12001030,26620,WA,Issued,acma-radio
FM,1153090,12001031,26620,WA,Issued,acma-radio
FM,1170836,10010302,26497,WA,Issued,acma-radio
FM,1170751,12001035,26497,WA,Issued,acma-radio
FM,1385167,1912002,150750,VIC,Issued,acma-radio
FM,12716292,12001387,10039872,WA,Issued,acma-radio
FM,12156624,12001218,10039872,WA,Issued,acma-radio
FM,12716303,12001388,10039872,WA,Issued,acma-radio
FM,1153489,10004019,1768,NT,Issued,acma-radio
FM,1198380,10003998,1768,NT,Issued,acma-radio
FM,1198379,10003997,1768,NT,Issued,acma-radio
FM,1385172,5159001,36269,VIC,Issued,acma-radio
FM,10722409,10003028,132249,NT,Issued,acma-radio
FM,11179044,12000812,10023639,QLD,Issued,acma-radio
FM,11179046,12000813,10023639,QLD,Issued,acma-radio
FM,11179065,12000814,10023639,QLD,Issued,acma-radio
FM,11179067,12000815,10023639,QLD,Issued,acma-radio
FM,1154050,10003496,40427,QLD,Issued,acma-radio
FM,1170714,10010195,153019,SA,Issued,acma-radio
FM,10723286,1131085,24375,SA,Issued,acma-radio
FM,1141243,1130161,1615,NT,Issued,acma-radio
FM,1918891,1132815,21215,QLD,Issued,acma-radio
FM,1153252,10000782,40547,WA,Issued,acma-radio
FM,1152329,10000781,53519,WA,Issued,acma-radio
FM,10298972,1138050,40547,WA,Issued,acma-radio
FM,1562562,1130943,40802,WA,Issued,acma-radio
FM,1150247,10000786,40802,WA,Issued,acma-radio
FM,1155551,10009582,40802,WA,Issued,acma-radio
FM,1155550,10009581,40802,WA,Issued,acma-radio
FM,1155846,10005400,500313,SA,Issued,acma-radio
FM,1156785,10011671,500313,SA,Issued,acma-radio
FM,1141565,1130139,24964,SA,Issued,acma-radio
FM,1384969,12000200,500313,SA,Issued,acma-radio
FM,1170016,10008376,7759,NSW,Issued,acma-radio
FM,1182706,10008375,280165,NSW,Issued,acma-radio
FM,10112590,10008069,280165,NSW,Issued,acma-radio
FM,1170130,10005045,7759,NSW,Issued,acma-radio
FM,1384868,2161002,7759,NSW,Issued,acma-radio
FM,1385158,4925001,280165,NSW,Issued,acma-radio
FM,10099944,1133025,7744,NSW,Issued,acma-radio
FM,1170708,10010705,305536,SA,Issued,acma-radio
FM,1189251,10014305,53725,NSW,Issued,acma-radio
FM,1156904,10014308,53725,NSW,Issued,acma-radio
FM,1562558,10014314,53725,NSW,Issued,acma-radio
FM,1233244,10014313,53725,NSW,Issued,acma-radio
FM,1170095,10007804,53725,NSW,Issued,acma-radio
FM,10131445,1137076,153479,VIC,Issued,acma-radio
FM,10132216,10012663,153479,VIC,Issued,acma-radio
FM,1150226,3324001,42517,VIC,Issued,acma-radio
FM,1566069,6759001,42517,VIC,Issued,acma-radio
FM,1150228,3925601,42517,VIC,Issued,acma-radio
FM,1385176,3067601,42517,VIC,Issued,acma-radio
FM,1170735,10011114,10028928,VIC,Issued,acma-radio
FM,1198601,10001618,10579,NSW,Issued,acma-radio
FM,1198607,10004543,10579,NSW,Issued,acma-radio
FM,1990190,1137093,141072,VIC,Issued,acma-radio
FM,10187423,10003464,10004560,NT,Issued,acma-radio
FM,1934126,1134129,34399,TAS,Issued,acma-radio
FM,1147346,1131059,34399,TAS,Issued,acma-radio
FM,1150189,6625006,34399,TAS,Issued,acma-radio
FM,1154863,12000330,34400,TAS,Issued,acma-radio
FM,10585315,10004682,34400,TAS,Issued,acma-radio
FM,1188071,1131511,152310,QLD,Issued,acma-radio
FM,10072866,10013415,153597,QLD,Issued,acma-radio
FM,1198734,10003886,152310,QLD,Issued,acma-radio
FM,1198777,10003885,152310,QLD,Issued,acma-radio
FM,12469159,12001082,6553,NSW,Issued,acma-radio
FM,11134280,1137878,142462,SA,Issued,acma-radio
FM,11134313,1137875,142462,SA,Issued,acma-radio
FM,1198442,3643001,24383,SA,Issued,acma-radio
FM,10308420,10003029,1535,NT,Issued,acma-radio
FM,1940642,1133574,139977,QLD,Issued,acma-radio
FM,1937000,1134218,151122,WA,Issued,acma-radio
FM,1955601,1136910,151122,WA,Issued,acma-radio
FM,1187443,10000874,199293,WA,Issued,acma-radio
FM,1955602,1136911,151122,WA,Issued,acma-radio
FM,1198513,10000869,199293,WA,Issued,acma-radio
FM,1198540,10000868,199293,WA,Issued,acma-radio
FM,10070571,12000030,10001580,NSW,Issued,acma-radio
FM,10070572,12000031,10001580,NSW,Issued,acma-radio
FM,10070573,12000032,10001580,NSW,Issued,acma-radio
FM,12903840,12001473,10038071,WA,Issued,acma-radio
FM,12903842,12001469,10038071,WA,Issued,acma-radio
FM,12903843,12001471,10038071,WA,Issued,acma-radio
FM,12903846,12001470,10038071,WA,Issued,acma-radio
FM,12903847,12001472,10038071,WA,Issued,acma-radio
FM,12903857,12001478,10041399,WA,Issued,acma-radio
FM,12903858,12001474,10041399,WA,Issued,acma-radio
FM,12903860,12001476,10041399,WA,Issued,acma-radio
FM,12903861,12001475,10041399,WA,Issued,acma-radio
FM,12903862,12001477,10041399,WA,Issued,acma-radio
FM,1385193,10009902,15839,QLD,Issued,acma-radio
FM,12712298,12001378,10038431,WA,Issued,acma-radio
FM,1991654,1137982,9017828,QLD,Issued,acma-radio
FM,1385026,12000206,24073,SA,Issued,acma-radio
FM,1154750,10003436,24073,SA,Issued,acma-radio
FM,1902881,1131022,24073,SA,Issued,acma-radio
FM,1152305,10003261,24073,SA,Issued,acma-radio
FM,10462125,1130967,24073,SA,Issued,acma-radio
FM,1153127,10003435,24073,SA,Issued,acma-radio
FM,1150217,10003434,24073,SA,Issued,acma-radio
FM,1158267,1133296,150174,QLD,Issued,acma-radio
FM,1932272,1133960,150174,QLD,Issued,acma-radio
FM,1563154,1132585,150174,QLD,Issued,acma-radio
FM,1567119,1132683,150174,QLD,Issued,acma-radio
FM,1198778,10002758,20047,QLD,Issued,acma-radio
FM,1155900,10009797,153007,NSW,Issued,acma-radio
FM,1150259,3155601,8533,NSW,Issued,acma-radio
FM,1150260,2210001,8533,NSW,Issued,acma-radio
FM,1150263,7361601,8533,NSW,Issued,acma-radio
FM,1150266,6298001,8533,NSW,Issued,acma-radio
FM,1189262,10011708,8533,NSW,Issued,acma-radio
FM,1151606,10002420,41335,VIC,Issued,acma-radio
FM,1155301,10007944,17433,QLD,Issued,acma-radio
FM,10656302,10007942,100043,QLD,Issued,acma-radio
FM,1154765,6408001,17430,QLD,Issued,acma-radio
FM,1170100,6411001,17437,QLD,Issued,acma-radio
FM,1170273,6409001,17437,QLD,Issued,acma-radio
FM,1150318,2012001,17442,QLD,Issued,acma-radio
FM,1150324,7419001,17442,QLD,Issued,acma-radio
FM,1189259,10013404,17442,QLD,Issued,acma-radio
FM,1150328,3018001,17442,QLD,Issued,acma-radio
FM,1170354,6405001,17437,QLD,Issued,acma-radio
FM,1960432,10010930,151206,WA,Issued,acma-radio
FM,10265851,10004981,151680,WA,Issued,acma-radio
FM,10278570,1138069,151680,WA,Issued,acma-radio
FM,1171015,10005150,10009035,WA,Issued,acma-radio
FM,1198542,10000604,151680,WA,Issued,acma-radio
FM,1991546,1137935,404976,QLD,Issued,acma-radio
FM,1910394,1133122,404976,QLD,Issued,acma-radio
FM,10895285,12000723,404976,QLD,Issued,acma-radio
FM,10895326,12000724,404976,QLD,Issued,acma-radio
FM,1152296,10004225,15080,QLD,Issued,acma-radio
FM,1151597,10005769,15080,QLD,Issued,acma-radio
FM,1170741,10004226,153008,QLD,Issued,acma-radio
FM,1156906,10010451,15082,QLD,Issued,acma-radio
FM,1153128,10003888,15082,QLD,Issued,acma-radio
FM,1198749,10003887,15082,QLD,Issued,acma-radio
FM,1934125,1134131,199251,TAS,Issued,acma-radio
FM,1147347,1131062,199251,TAS,Issued,acma-radio
FM,10589765,10011371,199251,TAS,Issued,acma-radio
FM,1198339,6625005,34450,TAS,Issued,acma-radio
FM,1384872,4222002,199251,TAS,Issued,acma-radio
FM,1198341,6586003,34450,TAS,Issued,acma-radio
FM,1970164,1137568,141749,WA,Issued,acma-radio
FM,1958269,1137116,140968,SA,Issued,acma-radio
FM,1958268,1137115,140968,SA,Issued,acma-radio
FM,1152319,10000538,25661,SA,Issued,acma-radio
FM,10300688,10000539,10007121,SA,Issued,acma-radio
FM,1151029,10014413,25661,SA,Issued,acma-radio
FM,1185147,10011282,136444,SA,Issued,acma-radio
FM,1150211,10000543,25661,SA,Issued,acma-radio
FM,1150215,10000544,25661,SA,Issued,acma-radio
FM,1150216,10002907,25661,SA,Issued,acma-radio
FM,10212667,10010805,140968,SA,Issued,acma-radio
FM,10961370,12000758,9015766,WA,Issued,acma-radio
FM,1985459,1137802,9015766,WA,Issued,acma-radio
FM,1985457,1137801,9015766,WA,Issued,acma-radio
FM,1985066,1137799,9015766,WA,Issued,acma-radio
FM,1985065,1137800,9015766,WA,Issued,acma-radio
FM,1385150,3057001,101219,NSW,Issued,acma-radio
FM,12299825,10003497,151842,QLD,Issued,acma-radio
FM,1170829,10011116,141226,VIC,Issued,acma-radio
FM,10139574,10010688,12042,VIC,Issued,acma-radio
FM,1385201,10010212,22946,SA,Issued,acma-radio
FM,1159349,10014383,32344,WA,Issued,acma-radio
FM,1159348,10014384,32344,WA,Issued,acma-radio
FM,1150251,10000876,30113,WA,Issued,acma-radio
FM,1171727,10013000,9080,NSW,Issued,acma-radio
FM,1158096,10001012,31575,WA,Issued,acma-radio
FM,1153850,1359029,31575,WA,Issued,acma-radio
FM,1385281,10003104,151564,NT,Issued,acma-radio
FM,1171416,10003030,151564,NT,Issued,acma-radio
FM,1171023,10007989,9012368,QLD,Issued,acma-radio
FM,12459719,12000526,9012367,QLD,Issued,acma-radio
FM,12459812,12000527,9012367,QLD,Issued,acma-radio
FM,12459813,12000528,9012367,QLD,Issued,acma-radio
FM,12459814,12000529,9012367,QLD,Issued,acma-radio
FM,12460643,12000530,9012369,QLD,Issued,acma-radio
FM,12460646,12000531,9012369,QLD,Issued,acma-radio
FM,12460647,12000532,9012369,QLD,Issued,acma-radio
FM,12460645,12000533,9012369,QLD,Issued,acma-radio
FM,1150185,3198003,34258,TAS,Issued,acma-radio
FM,1384938,12000115,33822,TAS,Issued,acma-radio
FM,1170766,10010803,33822,TAS,Issued,acma-radio
FM,10480859,1137758,141498,VIC,Issued,acma-radio
FM,10480859,1137758,10036924,VIC,Issued,acma-radio
FM,1154946,10005713,150894,VIC,Issued,acma-radio
FM,1384926,10003779,150894,VIC,Issued,acma-radio
FM,1385226,10003785,199273,VIC,Issued,acma-radio
FM,1170124,10005711,199273,VIC,Issued,acma-radio
FM,1170122,10008349,201687,NSW,Issued,acma-radio
FM,10100207,12000062,9022869,WA,Issued,acma-radio
FM,10100224,12000059,9022869,WA,Issued,acma-radio
FM,10100231,12000060,9022869,WA,Issued,acma-radio
FM,10100205,12000063,9022869,WA,Issued,acma-radio
FM,10100232,12000061,9022869,WA,Issued,acma-radio
FM,1159613,10013265,152971,TAS,Issued,acma-radio
FM,10584053,12000275,152971,TAS,Issued,acma-radio
FM,1159418,10013957,35898,NSW,Issued,acma-radio
FM,1991589,1137671,141961,WA,Issued,acma-radio
FM,1991588,1137672,141961,WA,Issued,acma-radio
FM,1991586,1137673,141961,WA,Issued,acma-radio
FM,1991587,1137674,141961,WA,Issued,acma-radio
FM,1991593,1137667,141963,WA,Issued,acma-radio
FM,1991592,1137668,141963,WA,Issued,acma-radio
FM,1991591,1137669,141963,WA,Issued,acma-radio
FM,1991590,1137670,141963,WA,Issued,acma-radio
FM,12295652,12000492,10009940,WA,Issued,acma-radio
FM,12295653,12000493,10009940,WA,Issued,acma-radio
FM,12295654,12000494,10009940,WA,Issued,acma-radio
FM,12295655,12000495,10009940,WA,Issued,acma-radio
FM,12295656,12000496,10009940,WA,Issued,acma-radio
FM,12295657,12000497,10009940,WA,Issued,acma-radio
FM,12295658,12000498,10009940,WA,Issued,acma-radio
FM,12295659,12000499,10009940,WA,Issued,acma-radio
FM,12295660,12000500,10009940,WA,Issued,acma-radio
FM,12295661,12000501,10009940,WA,Issued,acma-radio
FM,10459543,10014381,405072,QLD,Issued,acma-radio
FM,1192781,1130959,41036,WA,Issued,acma-radio
FM,1153129,10000038,41036,WA,Issued,acma-radio
FM,1150245,10000040,41036,WA,Issued,acma-radio
FM,1153130,10000039,41036,WA,Issued,acma-radio
FM,1152323,10004581,151284,WA,Issued,acma-radio
FM,1158939,10005204,142299,WA,Issued,acma-radio
FM,1158357,10000171,142299,WA,Issued,acma-radio
FM,1198525,10001304,29358,WA,Issued,acma-radio
FM,1198565,10000166,29358,WA,Issued,acma-radio
FM,1150314,1297001,37599,QLD,Issued,acma-radio
FM,1151831,8561001,37599,QLD,Issued,acma-radio
FM,1150326,1299001,37599,QLD,Issued,acma-radio
FM,1150329,1298001,37599,QLD,Issued,acma-radio
FM,1955668,1136739,140666,VIC,Issued,acma-radio
FM,10301833,12000211,24650,SA,Issued,acma-radio
FM,1189260,10010704,24650,SA,Issued,acma-radio
FM,1152238,10007690,24650,SA,Issued,acma-radio
FM,1198424,3104001,24650,SA,Issued,acma-radio
FM,1384942,10010703,24650,SA,Issued,acma-radio
FM,1198434,5686001,24650,SA,Issued,acma-radio
FM,1945106,1135701,9009827,QLD,Issued,acma-radio
FM,1159522,10014616,9009827,QLD,Issued,acma-radio
FM,1564128,1132640,18056,QLD,Issued,acma-radio
FM,1198698,1347001,18023,QLD,Issued,acma-radio
FM,1171002,3066001,48482,VIC,Issued,acma-radio
FM,1170738,10004035,142634,QLD,Issued,acma-radio
FM,1158228,10005451,401200,QLD,Issued,acma-radio
FM,1153477,10004034,15491,QLD,Issued,acma-radio
FM,1567605,10003833,401200,QLD,Issued,acma-radio
FM,1198779,10003890,15491,QLD,Issued,acma-radio
FM,10679104,1137829,700695,TAS,Issued,acma-radio
FM,10679107,1137828,700695,TAS,Issued,acma-radio
FM,1170803,10011376,700695,TAS,Issued,acma-radio
FM,1198334,5570006,33506,TAS,Issued,acma-radio
FM,1985761,10010906,150392,QLD,Issued,acma-radio
FM,1143108,1130739,150392,QLD,Issued,acma-radio
FM,10168072,1133173,150392,QLD,Issued,acma-radio
FM,1170802,10010793,153394,TAS,Issued,acma-radio
FM,1198332,6683001,33476,TAS,Issued,acma-radio
FM,1153131,5570005,33476,TAS,Issued,acma-radio
FM,10679095,1137811,33476,TAS,Issued,acma-radio
FM,10679099,1137827,33476,TAS,Issued,acma-radio
FM,1171145,10003499,40915,QLD,Issued,acma-radio
FM,10583905,12000326,10013586,TAS,Issued,acma-radio
FM,10583882,12000274,10013586,TAS,Issued,acma-radio
FM,1159656,1133271,35078,QLD,Issued,acma-radio
FM,1158884,10008581,130337,QLD,Issued,acma-radio
FM,1170007,10008593,152915,QLD,Issued,acma-radio
FM,1155132,10008599,35078,QLD,Issued,acma-radio
FM,1159179,10008580,9000581,QLD,Issued,acma-radio
FM,1155180,10008444,35078,QLD,Issued,acma-radio
FM,1158883,10008579,130337,QLD,Issued,acma-radio
FM,1159178,10008598,9000581,QLD,Issued,acma-radio
FM,1170734,10004791,51170,VIC,Issued,acma-radio
FM,12299380,10003500,40992,QLD,Issued,acma-radio
FM,11027565,1130728,152741,QLD,Issued,acma-radio
FM,1934127,1134130,140516,TAS,Issued,acma-radio
FM,1147348,1131064,140516,TAS,Issued,acma-radio
FM,10584092,10011366,140516,TAS,Issued,acma-radio
FM,1156059,10010491,140516,TAS,Issued,acma-radio
FM,1198325,6586005,199243,TAS,Issued,acma-radio
FM,1198338,6625007,199243,TAS,Issued,acma-radio
FM,1172250,10010700,150378,SA,Issued,acma-radio
FM,1151030,10014410,25228,SA,Issued,acma-radio
FM,1198419,10002908,25224,SA,Issued,acma-radio
FM,1156482,10010681,25224,SA,Issued,acma-radio
FM,1172210,10003501,21650,QLD,Issued,acma-radio
FM,1170537,10008378,8000009,VIC,Issued,acma-radio
FM,12915857,1138064,139855,WA,Issued,acma-radio
FM,12915855,1138063,139855,WA,Issued,acma-radio
FM,1171076,10004036,14835,QLD,Issued,acma-radio
FM,1198759,10003893,151460,QLD,Issued,acma-radio
FM,1385153,4842001,205385,NSW,Issued,acma-radio
FM,1198644,3007601,9957,NSW,Issued,acma-radio
FM,1198627,6304601,9957,NSW,Issued,acma-radio
FM,1198630,5006601,9957,NSW,Issued,acma-radio
FM,1153132,7730001,9957,NSW,Issued,acma-radio
FM,1189254,10011668,9957,NSW,Issued,acma-radio
FM,1153493,10005877,40555,VIC,Issued,acma-radio
FM,1139497,10005788,40555,VIC,Issued,acma-radio
FM,1172231,10007006,51636,VIC,Issued,acma-radio
FM,1150202,5570008,33378,TAS,Issued,acma-radio
FM,1150204,6683003,33378,TAS,Issued,acma-radio
FM,1159543,10007583,40784,VIC,Issued,acma-radio
FM,1198459,10007631,40938,VIC,Issued,acma-radio
FM,1913563,3058001,40561,NSW,Issued,acma-radio
FM,1170504,4825001,4045,NSW,Issued,acma-radio
FM,1170504,4825001,150106,NSW,Issued,acma-radio
FM,1198602,3006001,48711,NSW,Issued,acma-radio
FM,1170783,6228001,4045,NSW,Issued,acma-radio
FM,1170783,6228001,3453,NSW,Issued,acma-radio
FM,1158406,4826001,48711,NSW,Issued,acma-radio
FM,1171050,10009024,48711,NSW,Issued,acma-radio
FM,1156394,6229001,48711,NSW,Issued,acma-radio
FM,1198295,6917901,48711,NSW,Issued,acma-radio
FM,1385147,10002290,4024,NSW,Issued,acma-radio
FM,1384838,4104001,4045,NSW,Issued,acma-radio
FM,1384838,4104001,48711,NSW,Issued,acma-radio
FM,1171857,10004307,4045,NSW,Issued,acma-radio
FM,1385130,3044001,4045,NSW,Issued,acma-radio
FM,1180804,3032004,48711,NSW,Issued,acma-radio
FM,1180804,3032004,4045,NSW,Issued,acma-radio
FM,1384837,3033004,4045,NSW,Issued,acma-radio
FM,1384837,3033004,48711,NSW,Issued,acma-radio
FM,1198645,3005001,48711,NSW,Issued,acma-radio
FM,1384831,4103001,48711,NSW,Issued,acma-radio
FM,1384831,4103001,4045,NSW,Issued,acma-radio
FM,1385152,3059001,3424,NSW,Issued,acma-radio
FM,1187964,1130177,153380,NSW,Issued,acma-radio
FM,1150842,10004316,9951,NSW,Issued,acma-radio
FM,1150905,2003003,9951,NSW,Issued,acma-radio
FM,1183080,1130634,36077,NSW,Issued,acma-radio
FM,1562553,10010804,139603,TAS,Issued,acma-radio
FM,1170764,10010806,33885,TAS,Issued,acma-radio
FM,10072867,10013416,153593,QLD,Issued,acma-radio
FM,1151745,10004187,153593,QLD,Issued,acma-radio
FM,1158276,10004427,153593,QLD,Issued,acma-radio
FM,1188047,1131541,153593,QLD,Issued,acma-radio
FM,1198717,10003895,151544,QLD,Issued,acma-radio
FM,1198760,10003894,151544,QLD,Issued,acma-radio
FM,1385160,12001062,10033632,NSW,Issued,acma-radio
FM,1170098,12001064,6481,NSW,Issued,acma-radio
FM,1170017,12001065,6477,NSW,Issued,acma-radio
FM,1904831,1131089,6531,NSW,Issued,acma-radio
FM,1384836,4865001,6532,NSW,Issued,acma-radio
FM,1198642,10005068,6531,NSW,Issued,acma-radio
FM,1153033,10007940,6531,NSW,Issued,acma-radio
FM,1385012,12000843,6532,NSW,Issued,acma-radio
FM,1981570,1133019,137970,NSW,Issued,acma-radio
FM,1198636,10007718,6531,NSW,Issued,acma-radio
FM,1188045,1131976,14905,QLD,Issued,acma-radio
FM,1191496,1132517,9000392,QLD,Issued,acma-radio
FM,1191495,1132518,9000392,QLD,Issued,acma-radio
FM,1191497,1132516,9000392,QLD,Issued,acma-radio
FM,10220646,12000136,7469,NSW,Issued,acma-radio
FM,1170347,10007771,139370,NSW,Issued,acma-radio
FM,1385129,10008623,151246,NSW,Issued,acma-radio
FM,1170018,10007773,151246,NSW,Issued,acma-radio
FM,11619165,12000591,10028480,NSW,Issued,acma-radio
FM,10220668,10004938,7469,NSW,Issued,acma-radio
FM,1991556,1137948,16377,QLD,Issued,acma-radio
FM,1153458,10008156,16377,QLD,Issued,acma-radio
FM,1991557,1137949,16377,QLD,Issued,acma-radio
FM,1991558,1137950,16377,QLD,Issued,acma-radio
FM,1991560,1137977,16377,QLD,Issued,acma-radio
FM,1991559,1137951,16377,QLD,Issued,acma-radio
FM,1952115,1136509,153621,QLD,Issued,acma-radio
FM,1949583,1136506,153621,QLD,Issued,acma-radio
FM,1949582,1136505,153621,QLD,Issued,acma-radio
FM,1941904,1135192,153621,QLD,Issued,acma-radio
FM,1198735,10003897,151518,QLD,Issued,acma-radio
FM,1198781,10003896,151518,QLD,Issued,acma-radio
FM,12713086,12001375,10040221,NSW,Issued,acma-radio
FM,12713087,12001376,10040221,NSW,Issued,acma-radio
FM,12713088,12001377,10040221,NSW,Issued,acma-radio
FM,1171694,10010801,152342,TAS,Issued,acma-radio
FM,1928029,1133679,139356,WA,Issued,acma-radio
FM,1158783,10000767,139356,WA,Issued,acma-radio
FM,1928028,1133703,139356,WA,Issued,acma-radio
FM,1384886,10000763,139356,WA,Issued,acma-radio
FM,1961644,1137220,9013610,WA,Issued,acma-radio
FM,1961645,1137221,9013610,WA,Issued,acma-radio
FM,1961646,1137223,9013610,WA,Issued,acma-radio
FM,1961647,1137224,9013610,WA,Issued,acma-radio
FM,10475769,1136808,140733,NSW,Issued,acma-radio
FM,1991727,1133742,142704,NSW,Issued,acma-radio
FM,1991725,1133741,142704,NSW,Issued,acma-radio
FM,1145258,10003571,151719,NT,Issued,acma-radio
FM,10402152,10003111,151719,NT,Issued,acma-radio
FM,1153487,10004020,2267,NT,Issued,acma-radio
FM,1171009,10004021,139111,NT,Issued,acma-radio
FM,1198391,10003179,2267,NT,Issued,acma-radio
FM,1151785,10005948,6987,NSW,Issued,acma-radio
FM,1152259,10004378,280256,NSW,Issued,acma-radio
FM,1151784,10005947,6987,NSW,Issued,acma-radio
FM,1145532,1133268,280256,NSW,Issued,acma-radio
FM,1145531,1133269,280256,NSW,Issued,acma-radio
FM,1171004,6482001,136271,VIC,Issued,acma-radio
FM,12226024,12001234,141154,QLD,Issued,acma-radio
FM,1952116,1136510,140169,QLD,Issued,acma-radio
FM,1949586,1136508,140169,QLD,Issued,acma-radio
FM,1949585,1136507,140169,QLD,Issued,acma-radio
FM,1941905,1135193,140169,QLD,Issued,acma-radio
FM,1198718,10003899,151541,QLD,Issued,acma-radio
FM,1198761,10003898,151541,QLD,Issued,acma-radio
FM,1198593,4009003,142425,NSW,Issued,acma-radio
FM,1198597,4858001,142425,NSW,Issued,acma-radio
FM,1384855,4138002,142425,NSW,Issued,acma-radio
FM,1151722,10005303,142425,NSW,Issued,acma-radio
FM,1170210,10008389,9734,NSW,Issued,acma-radio
FM,1150330,10002489,30731,WA,Issued,acma-radio
FM,1991721,1138058,142723,WA,Issued,acma-radio
FM,1991720,1138059,142723,WA,Issued,acma-radio
FM,1153480,10004037,9013685,QLD,Issued,acma-radio
FM,1198780,10003973,9013685,QLD,Issued,acma-radio
FM,1159107,10013932,153103,WA,Issued,acma-radio
FM,1159108,10013934,153103,WA,Issued,acma-radio
FM,1159106,10013936,153103,WA,Issued,acma-radio
FM,1171022,10007950,152635,QLD,Issued,acma-radio
FM,1139589,10000482,25773,SA,Issued,acma-radio
FM,1384900,10000945,151511,WA,Issued,acma-radio
FM,10580365,1134446,139850,VIC,Issued,acma-radio
FM,10265117,1136658,40411,WA,Issued,acma-radio
FM,1158599,10000687,40637,WA,Issued,acma-radio
FM,1147228,1359013,40637,WA,Issued,acma-radio
FM,1171016,10005154,40637,WA,Issued,acma-radio
FM,1158598,10013254,40637,WA,Issued,acma-radio
FM,1198533,10000683,40411,WA,Issued,acma-radio
FM,1159283,10014333,49584,WA,Issued,acma-radio
FM,1159282,10014334,49584,WA,Issued,acma-radio
FM,1159284,10014332,49584,WA,Issued,acma-radio
FM,1170243,10008610,14541,QLD,Issued,acma-radio
FM,1170524,10008129,130214,QLD,Issued,acma-radio
FM,1170241,10008608,400311,QLD,Issued,acma-radio
FM,10239429,1137676,14542,QLD,Issued,acma-radio
FM,1947590,1133429,14541,QLD,Issued,acma-radio
FM,1170242,10008607,10013572,QLD,Issued,acma-radio
FM,1170157,10008576,14541,QLD,Issued,acma-radio
FM,10652290,3070001,10035787,QLD,Issued,acma-radio
FM,1198619,10005929,40565,NSW,Issued,acma-radio
FM,1912679,1130961,19494,QLD,Issued,acma-radio
FM,1155471,10010371,480225,QLD,Issued,acma-radio
FM,10054602,6429001,19490,QLD,Issued,acma-radio
FM,1155514,6433001,19490,QLD,Issued,acma-radio
FM,1150312,3020602,19494,QLD,Issued,acma-radio
FM,1384842,4185001,480225,QLD,Issued,acma-radio
FM,1384870,4168001,480225,QLD,Issued,acma-radio
FM,1385194,3072001,19489,QLD,Issued,acma-radio
FM,1150325,3611001,19494,QLD,Issued,acma-radio
FM,1153133,7326001,19494,QLD,Issued,acma-radio
FM,1155513,6430001,19490,QLD,Issued,acma-radio
FM,1171750,5552001,19494,QLD,Issued,acma-radio
FM,1910240,1130966,19403,QLD,Issued,acma-radio
FM,1153312,10007307,19403,QLD,Issued,acma-radio
FM,1153311,10007308,19403,QLD,Issued,acma-radio
FM,1153310,10007309,19403,QLD,Issued,acma-radio
FM,10288557,10013420,10006841,VIC,Issued,acma-radio
FM,1976820,1137662,9021342,WA,Issued,acma-radio
FM,1976819,1137663,9021342,WA,Issued,acma-radio
FM,1976818,1137664,9021342,WA,Issued,acma-radio
FM,1976817,1137665,9021342,WA,Issued,acma-radio
FM,1170153,10008237,11564,ACT,Issued,acma-radio
FM,10221600,10008236,152957,ACT,Issued,acma-radio
FM,1171652,10008235,9651,ACT,Issued,acma-radio
FM,1159374,10012794,9621,ACT,Issued,acma-radio
FM,1901266,10008239,150963,ACT,Issued,acma-radio
FM,1901265,10008240,150963,ACT,Issued,acma-radio
FM,1159539,10008241,150963,ACT,Issued,acma-radio
FM,1157401,10008242,150963,ACT,Issued,acma-radio
FM,1157400,10008244,150963,ACT,Issued,acma-radio
FM,1906230,1132461,152495,QLD,Issued,acma-radio
FM,1171000,10014772,10027985,QLD,Issued,acma-radio
FM,1154766,10008094,152716,QLD,Issued,acma-radio
FM,1153134,10005285,20647,QLD,Issued,acma-radio
FM,1153135,10005286,20647,QLD,Issued,acma-radio
FM,1962956,1137275,9900,NSW,Issued,acma-radio
FM,1184267,1131964,9900,NSW,Issued,acma-radio
FM,11978122,1130788,9899,NSW,Issued,acma-radio
FM,1143012,1130713,9900,NSW,Issued,acma-radio
FM,1143011,1130712,9900,NSW,Issued,acma-radio
FM,1171127,10014133,9899,NSW,Issued,acma-radio
FM,1562571,6508001,24886,SA,Issued,acma-radio
FM,1939729,1134528,24981,SA,Issued,acma-radio
FM,1198421,2192001,24886,SA,Issued,acma-radio
FM,11262729,1132353,9950,NSW,Issued,acma-radio
FM,1159249,10011305,9949,NSW,Issued,acma-radio
FM,1198617,10003096,9950,NSW,Issued,acma-radio
FM,1198623,10003097,9950,NSW,Issued,acma-radio
FM,1159324,10013482,9950,NSW,Issued,acma-radio
FM,1384833,4136002,9950,NSW,Issued,acma-radio
FM,12762327,12001396,10038632,NSW,Issued,acma-radio
FM,12762550,12001397,10038632,NSW,Issued,acma-radio
FM,12762551,12001398,10038632,NSW,Issued,acma-radio
FM,1170123,10008225,140617,NSW,Issued,acma-radio
FM,1154098,4133003,41059,NSW,Issued,acma-radio
FM,1154054,10003032,10014755,NT,Issued,acma-radio
FM,12642984,12001360,10033338,NSW,Issued,acma-radio
FM,12642988,12001361,10033338,NSW,Issued,acma-radio
FM,12642990,12001362,10033338,NSW,Issued,acma-radio
FM,12642977,12001357,10026681,NSW,Issued,acma-radio
FM,12642980,12001358,10026681,NSW,Issued,acma-radio
FM,12642982,12001359,10026681,NSW,Issued,acma-radio
FM,12984062,12001530,10042804,WA,Issued,acma-radio
FM,12984064,12001531,10042804,WA,Issued,acma-radio
FM,12984065,12001532,10042804,WA,Issued,acma-radio
FM,12984066,12001533,10042804,WA,Issued,acma-radio
FM,1934338,1131179,11949,VIC,Issued,acma-radio
FM,1153136,10003788,11949,VIC,Issued,acma-radio
FM,1198461,10003786,11949,VIC,Issued,acma-radio
FM,1198466,10003787,11949,VIC,Issued,acma-radio
FM,1150265,10005037,35653,NSW,Issued,acma-radio
FM,1150272,2460001,35653,NSW,Issued,acma-radio
FM,1153031,10007938,35653,NSW,Issued,acma-radio
FM,1150275,10005033,35653,NSW,Issued,acma-radio
FM,1935067,1131968,35653,NSW,Issued,acma-radio
FM,1990196,1136742,10019183,NSW,Issued,acma-radio
FM,1153866,1359031,31062,WA,Issued,acma-radio
FM,1153608,10008630,31062,WA,Issued,acma-radio
FM,1172251,10010844,25767,SA,Issued,acma-radio
FM,1170774,10010687,25767,SA,Issued,acma-radio
FM,11133873,12000198,41274,SA,Issued,acma-radio
FM,1157335,10010685,41274,SA,Issued,acma-radio
FM,1159566,1130147,153140,NT,Issued,acma-radio
FM,12191155,12001231,153140,NT,Issued,acma-radio
FM,1172079,10003465,1377,NT,Issued,acma-radio
FM,1566260,10012905,34807,NSW,Issued,acma-radio
FM,1384834,6446001,10017884,NSW,Issued,acma-radio
FM,1171072,10014315,10017884,NSW,Issued,acma-radio
FM,1152939,10010747,9883,NSW,Issued,acma-radio
FM,1170812,10010765,9885,NSW,Issued,acma-radio
FM,1198596,10010748,9883,NSW,Issued,acma-radio
FM,1980007,10005512,34807,NSW,Issued,acma-radio
FM,1198608,10010749,9883,NSW,Issued,acma-radio
FM,1189248,10011304,9883,NSW,Issued,acma-radio
FM,1198592,10010750,9883,NSW,Issued,acma-radio
FM,1385124,3039001,34807,NSW,Issued,acma-radio
FM,1182783,10014580,136555,NSW,Issued,acma-radio
FM,1192782,10001902,41262,WA,Issued,acma-radio
FM,10764953,10003589,24041,SA,Issued,acma-radio
FM,11163831,12000208,10042823,SA,Issued,acma-radio
FM,1159560,10003588,10042823,SA,Issued,acma-radio
FM,1198591,10007714,41209,NSW,Issued,acma-radio
FM,1152599,10004784,151299,NSW,Issued,acma-radio
FM,1198594,10007713,41209,NSW,Issued,acma-radio
FM,1170003,10007763,153034,NSW,Issued,acma-radio
FM,12689329,12000593,151299,NSW,Issued,acma-radio
FM,1171001,10004342,133819,NSW,Issued,acma-radio
FM,1152704,10004343,153247,NSW,Issued,acma-radio
FM,1156144,10013228,153040,NSW,Issued,acma-radio
FM,1159252,10003540,11067,NSW,Issued,acma-radio
FM,10212157,10004897,137476,NSW,Issued,acma-radio
FM,1153137,10002954,11067,NSW,Issued,acma-radio
FM,1151374,10004896,137476,NSW,Issued,acma-radio
FM,1198651,10002955,11067,NSW,Issued,acma-radio
FM,1158610,10013185,131850,WA,Issued,acma-radio
FM,1158611,10013184,131850,WA,Issued,acma-radio
FM,1158609,10013169,131850,WA,Issued,acma-radio
FM,1171126,10007570,36134,NSW,Issued,acma-radio
FM,1198690,10003901,151510,QLD,Issued,acma-radio
FM,1198691,10003900,151510,QLD,Issued,acma-radio
FM,1385045,12000672,11926,VIC,Issued,acma-radio
FM,1154771,10007600,153284,VIC,Issued,acma-radio
FM,1154755,10005800,12002,VIC,Issued,acma-radio
FM,1151423,10005811,12003,VIC,Issued,acma-radio
FM,1170704,10013935,26566,WA,Issued,acma-radio
FM,1186424,10010200,26573,WA,Issued,acma-radio
FM,1150194,6625002,34260,TAS,Issued,acma-radio
FM,1150196,6586001,34260,TAS,Issued,acma-radio
FM,1158246,10000939,151506,WA,Issued,acma-radio
FM,1384904,10000937,151506,WA,Issued,acma-radio
FM,1153868,1359009,151506,WA,Issued,acma-radio
FM,1180740,10008269,250713,NSW,Issued,acma-radio
FM,1385233,10001825,2163,WA,Issued,acma-radio
FM,1154056,10001520,2163,WA,Issued,acma-radio
FM,1171003,6485001,134032,VIC,Issued,acma-radio
FM,1157808,10010735,403248,VIC,Issued,acma-radio
FM,10163824,10010637,403248,VIC,Issued,acma-radio
FM,1170863,10010734,43871,VIC,Issued,acma-radio
FM,1153283,6744001,51181,VIC,Issued,acma-radio
FM,1192576,10011096,51181,VIC,Issued,acma-radio
FM,1150580,10005946,51181,VIC,Issued,acma-radio
FM,10266290,12000237,153176,VIC,Issued,acma-radio
FM,10093184,10010739,153176,VIC,Issued,acma-radio
FM,1170828,10011115,152959,VIC,Issued,acma-radio
FM,1150232,3925002,51181,VIC,Issued,acma-radio
FM,1385182,6743001,153176,VIC,Issued,acma-radio
FM,1976561,8151001,41042,NT,Issued,acma-radio
FM,1154057,10003466,41042,NT,Issued,acma-radio
FM,1170414,10008128,10035934,QLD,Issued,acma-radio
FM,1170240,10008575,34528,QLD,Issued,acma-radio
FM,1170008,10008601,152914,QLD,Issued,acma-radio
FM,1947589,1133418,34528,QLD,Issued,acma-radio
FM,1385149,3056001,40562,NSW,Issued,acma-radio
FM,1170523,5165001,41360,VIC,Issued,acma-radio
FM,1156142,10013229,41336,NSW,Issued,acma-radio
FM,1158271,10003674,55783,QLD,Issued,acma-radio
FM,1903220,1132934,55783,QLD,Issued,acma-radio
FM,1991647,1132938,55783,QLD,Issued,acma-radio
FM,1991646,1132937,55783,QLD,Issued,acma-radio
FM,1153481,10004038,151823,QLD,Issued,acma-radio
FM,1198750,10002329,151823,QLD,Issued,acma-radio
FM,1159615,10013262,33507,TAS,Issued,acma-radio
FM,1156019,10009981,150554,TAS,Issued,acma-radio
FM,1156020,10009990,150554,TAS,Issued,acma-radio
FM,10437432,1130160,134697,NSW,Issued,acma-radio
FM,10559686,1137757,142273,NSW,Issued,acma-radio
FM,1151604,10001835,41169,NSW,Issued,acma-radio
FM,1977617,1137677,9018860,WA,Issued,acma-radio
FM,1977618,1137678,9018860,WA,Issued,acma-radio
FM,1977619,1137679,9018860,WA,Issued,acma-radio
FM,1977620,1137680,9018860,WA,Issued,acma-radio
FM,1977621,1137681,9018860,WA,Issued,acma-radio
FM,11152676,12000800,10020501,WA,Issued,acma-radio
FM,11152678,12000801,10020501,WA,Issued,acma-radio
FM,11152684,12000802,10020501,WA,Issued,acma-radio
FM,11152697,12000803,10020501,WA,Issued,acma-radio
FM,11152709,12000804,10020501,WA,Issued,acma-radio
FM,11147299,12000795,10020502,WA,Issued,acma-radio
FM,11147301,12000796,10020502,WA,Issued,acma-radio
FM,11147303,12000797,10020502,WA,Issued,acma-radio
FM,11147305,12000798,10020502,WA,Issued,acma-radio
FM,11147307,12000799,10020502,WA,Issued,acma-radio
FM,1947140,1136418,140455,WA,Issued,acma-radio
FM,1947141,1136419,140455,WA,Issued,acma-radio
FM,1947142,1136420,140455,WA,Issued,acma-radio
FM,1947138,1136416,140455,WA,Issued,acma-radio
FM,1947139,1136417,140455,WA,Issued,acma-radio
FM,10074176,12000033,9026962,WA,Issued,acma-radio
FM,10074178,12000034,9026962,WA,Issued,acma-radio
FM,10074179,12000035,9026962,WA,Issued,acma-radio
FM,10074180,12000036,9026962,WA,Issued,acma-radio
FM,10074184,12000037,9026962,WA,Issued,acma-radio
FM,12890629,12001421,10041200,WA,Issued,acma-radio
FM,12890806,12001449,10041200,WA,Issued,acma-radio
FM,12890819,12001450,10041200,WA,Issued,acma-radio
FM,12890820,12001451,10041200,WA,Issued,acma-radio
FM,12890821,12001452,10041200,WA,Issued,acma-radio
FM,1157012,1132749,137450,WA,Issued,acma-radio
FM,1567125,1132748,137450,WA,Issued,acma-radio
FM,1567126,1132750,137450,WA,Issued,acma-radio
FM,1157013,1132747,137450,WA,Issued,acma-radio
FM,1567127,1132751,137450,WA,Issued,acma-radio
FM,12893726,12001422,10041201,WA,Issued,acma-radio
FM,12893727,12001453,10041201,WA,Issued,acma-radio
FM,12893728,12001454,10041201,WA,Issued,acma-radio
FM,12893729,12001455,10041201,WA,Issued,acma-radio
FM,12893730,12001456,10041201,WA,Issued,acma-radio
FM,12060325,12001143,10021922,WA,Issued,acma-radio
FM,12060332,12001149,10021922,WA,Issued,acma-radio
FM,12060333,12001150,10021922,WA,Issued,acma-radio
FM,12060863,12001151,10021922,WA,Issued,acma-radio
FM,12060335,12001152,10021922,WA,Issued,acma-radio
FM,12061364,12001159,10021927,WA,Issued,acma-radio
FM,12061366,12001160,10021927,WA,Issued,acma-radio
FM,12061369,12001161,10021927,WA,Issued,acma-radio
FM,12061370,12001162,10021927,WA,Issued,acma-radio
FM,12061371,12001163,10021927,WA,Issued,acma-radio
FM,1960174,1137158,9017751,WA,Issued,acma-radio
FM,1960175,1137159,9017751,WA,Issued,acma-radio
FM,1960176,1137160,9017751,WA,Issued,acma-radio
FM,1960177,1137161,9017751,WA,Issued,acma-radio
FM,1960178,1137162,9017751,WA,Issued,acma-radio
FM,1990154,1137894,9021797,WA,Issued,acma-radio
FM,1990153,1137895,9021797,WA,Issued,acma-radio
FM,1990151,1137896,9021797,WA,Issued,acma-radio
FM,1192763,6479001,38531,VIC,Issued,acma-radio
FM,1158090,6480001,38531,VIC,Issued,acma-radio
FM,1150223,3015001,38531,VIC,Issued,acma-radio
FM,1150221,3324002,38531,VIC,Issued,acma-radio
FM,1153138,7601001,38531,VIC,Issued,acma-radio
FM,1991669,1137980,29306,WA,Issued,acma-radio
FM,1154859,10009259,29306,WA,Issued,acma-radio
FM,1564476,10014875,29306,WA,Issued,acma-radio
FM,12463342,12001317,11157,NSW,Issued,acma-radio
FM,1385205,1099001,44203,SA,Issued,acma-radio
FM,1153723,10008625,38307,WA,Issued,acma-radio
FM,1906356,1132568,151525,QLD,Issued,acma-radio
FM,1198676,3017601,151525,QLD,Issued,acma-radio
FM,1151789,10000958,151525,QLD,Issued,acma-radio
FM,1150310,6066001,151525,QLD,Issued,acma-radio
FM,1198702,2041601,151525,QLD,Issued,acma-radio
FM,1152703,10004345,151262,NSW,Issued,acma-radio
FM,1159253,10003545,40731,NSW,Issued,acma-radio
FM,12458751,12001336,40731,NSW,Issued,acma-radio
FM,1385283,10003106,151670,NT,Issued,acma-radio
FM,1564122,1132677,153349,QLD,Issued,acma-radio
FM,1990197,1135013,24365,SA,Issued,acma-radio
FM,11679272,1133274,10014157,NSW,Issued,acma-radio
FM,11679342,1133275,10014157,NSW,Issued,acma-radio
FM,10582249,12000561,31734,WA,Issued,acma-radio
FM,10582251,12000562,31734,WA,Issued,acma-radio
FM,10582393,1359011,31734,WA,Issued,acma-radio
FM,10582396,1130588,31734,WA,Issued,acma-radio
FM,11022237,1130729,15427,QLD,Issued,acma-radio
FM,11878974,10008374,201984,NSW,Issued,acma-radio
FM,1154059,10000900,151509,WA,Issued,acma-radio
FM,1158277,10004429,18298,QLD,Issued,acma-radio
FM,1152297,10004227,18298,QLD,Issued,acma-radio
FM,1151943,10004185,18298,QLD,Issued,acma-radio
FM,1150335,10003902,151644,QLD,Issued,acma-radio
FM,10914014,12000734,10018390,WA,Issued,acma-radio
FM,1198436,10002909,25185,SA,Issued,acma-radio
FM,1158736,1132690,137198,WA,Issued,acma-radio
FM,1158734,1132691,137198,WA,Issued,acma-radio
FM,1188074,1132348,10016137,VIC,Issued,acma-radio
FM,1940974,1135031,9011622,QLD,Issued,acma-radio
FM,1189234,1130149,151054,NSW,Issued,acma-radio
FM,1384879,4137001,9468,NSW,Issued,acma-radio
FM,1384873,4128001,9468,NSW,Issued,acma-radio
FM,1170298,10009255,151054,NSW,Issued,acma-radio
FM,1385156,2006001,151054,NSW,Issued,acma-radio
FM,1171747,10008291,8955,NSW,Issued,acma-radio
FM,10215103,10008135,400413,QLD,Issued,acma-radio
FM,1910661,1133143,400413,QLD,Issued,acma-radio
FM,1194411,10014865,153651,WA,Issued,acma-radio
FM,1194412,10014864,153651,WA,Issued,acma-radio
FM,1194413,10014880,153651,WA,Issued,acma-radio
FM,1194414,10014881,153651,WA,Issued,acma-radio
FM,10582397,12000559,10007240,WA,Issued,acma-radio
FM,10582224,12000558,10007240,WA,Issued,acma-radio
FM,11181786,1134450,37157,VIC,Issued,acma-radio
FM,1920978,1133375,9010170,NSW,Issued,acma-radio
FM,1151033,1130762,10022072,SA,Issued,acma-radio
FM,1198428,10002910,25516,SA,Issued,acma-radio
FM,1154060,10013224,17511,QLD,Issued,acma-radio
FM,1157842,12000480,36912,SA,Issued,acma-radio
FM,11176971,12000481,36912,SA,Issued,acma-radio
FM,1198441,10002911,25162,SA,Issued,acma-radio
FM,1156521,10000573,25155,SA,Issued,acma-radio
FM,1922535,1133523,151457,QLD,Issued,acma-radio
FM,10072869,10013417,151457,QLD,Issued,acma-radio
FM,1152324,10005313,32403,WA,Issued,acma-radio
FM,1385232,10001781,32403,WA,Issued,acma-radio
FM,1198559,10001778,32403,WA,Issued,acma-radio
FM,1385187,10009903,151427,QLD,Issued,acma-radio
FM,1154576,10008587,700555,TAS,Issued,acma-radio
FM,10954072,12000754,10012070,WA,Issued,acma-radio
FM,1153753,10001181,31536,WA,Issued,acma-radio
FM,1198522,10001180,31537,WA,Issued,acma-radio
FM,1198560,10001179,31537,WA,Issued,acma-radio
FM,1172211,10003526,40990,QLD,Issued,acma-radio
FM,10913122,12000608,8129,NSW,Issued,acma-radio
FM,1975408,1137621,141885,WA,Issued,acma-radio
FM,1975405,1137622,141885,WA,Issued,acma-radio
FM,1975406,1137623,141885,WA,Issued,acma-radio
FM,1975407,1137624,141885,WA,Issued,acma-radio
FM,1975412,1137625,141886,WA,Issued,acma-radio
FM,1975410,1137626,141886,WA,Issued,acma-radio
FM,1975413,1137627,141886,WA,Issued,acma-radio
FM,1975411,1137628,141886,WA,Issued,acma-radio
FM,10091928,12000064,10002287,WA,Issued,acma-radio
FM,10091917,12000068,10002287,WA,Issued,acma-radio
FM,10091927,12000065,10002287,WA,Issued,acma-radio
FM,10091925,12000066,10002287,WA,Issued,acma-radio
FM,10091924,12000067,10002287,WA,Issued,acma-radio
FM,1950953,1136600,9015032,WA,Issued,acma-radio
FM,1950954,1136601,9015032,WA,Issued,acma-radio
FM,1950956,1136602,9015032,WA,Issued,acma-radio
FM,1950957,1136603,9015032,WA,Issued,acma-radio
FM,1950958,1136604,9015032,WA,Issued,acma-radio
FM,1154963,10009266,601361,WA,Issued,acma-radio
FM,1158591,10000725,601361,WA,Issued,acma-radio
FM,1154966,10009267,601361,WA,Issued,acma-radio
FM,1183629,1131291,9001655,WA,Issued,acma-radio
FM,1183630,1131207,9001655,WA,Issued,acma-radio
FM,1183631,1131292,9001655,WA,Issued,acma-radio
FM,1172252,1133140,23304,SA,Issued,acma-radio
FM,12268149,12000181,9000265,VIC,Issued,acma-radio
FM,1385181,5185001,42211,VIC,Issued,acma-radio
FM,1959793,1137151,141199,QLD,Issued,acma-radio
FM,11191060,12000829,142682,NT,Issued,acma-radio
FM,1171026,10011203,45513,VIC,Issued,acma-radio
FM,1172329,1133682,139351,QLD,Issued,acma-radio
FM,12839281,12001167,134467,VIC,Issued,acma-radio
FM,1170809,10009215,10010522,NSW,Issued,acma-radio
FM,1170154,10008261,9013911,NSW,Issued,acma-radio
FM,1156516,10009658,11913,VIC,Issued,acma-radio
FM,1152708,10007274,11913,VIC,Issued,acma-radio
FM,1170085,6806001,17622,QLD,Issued,acma-radio
FM,1155300,6807001,17622,QLD,Issued,acma-radio
FM,10308421,10003034,10007954,NT,Issued,acma-radio
FM,1384916,10001606,151729,WA,Issued,acma-radio
FM,1171924,10005358,44729,WA,Issued,acma-radio
FM,12298958,10003527,41052,QLD,Issued,acma-radio
FM,1171963,10010769,9561,NSW,Issued,acma-radio
FM,1151363,10004755,9564,NSW,Issued,acma-radio
FM,1198613,10002787,9561,NSW,Issued,acma-radio
FM,1151662,10005189,9561,NSW,Issued,acma-radio
FM,1151838,10005958,9561,NSW,Issued,acma-radio
FM,1922537,1133524,152949,QLD,Issued,acma-radio
FM,1922538,1133525,152949,QLD,Issued,acma-radio
FM,10722591,10003035,54080,NT,Issued,acma-radio
FM,1385284,10003109,2944,NT,Issued,acma-radio
FM,10387907,10003036,151643,NT,Issued,acma-radio
FM,1186104,9249001,2715,NT,Issued,acma-radio
FM,1153488,10004022,2715,NT,Issued,acma-radio
FM,1152914,1133876,2715,NT,Issued,acma-radio
FM,1155203,10009257,2715,NT,Issued,acma-radio
FM,1153878,1777010,2715,NT,Issued,acma-radio
FM,1153879,4225002,2715,NT,Issued,acma-radio
FM,1152217,10007648,2715,NT,Issued,acma-radio
FM,1171078,10004023,2715,NT,Issued,acma-radio
FM,1171077,10004039,14984,QLD,Issued,acma-radio
FM,11785337,10001522,151732,WA,Issued,acma-radio
DR,1901330,1132972,23181,SA,Issued,acma-radio
DR,1911857,1132973,23181,SA,Issued,acma-radio
DR,1901421,1137051,51030,VIC,Issued,acma-radio
DR,1901422,1137054,51030,VIC,Issued,acma-radio
DR,1911854,1137055,51030,VIC,Issued,acma-radio
DR,1901423,1132986,12749,QLD,Issued,acma-radio
DR,1901424,1132987,12749,QLD,Issued,acma-radio
DR,1911853,1132988,12749,QLD,Issued,acma-radio
DR,1901423,1136905,405182,QLD,Issued,acma-radio
DR,1901424,1136906,405182,QLD,Issued,acma-radio
DR,1911853,1137048,405182,QLD,Issued,acma-radio
DR,1901419,1137042,198392,NSW,Issued,acma-radio
DR,1901420,1137043,198392,NSW,Issued,acma-radio
DR,1911855,1137044,198392,NSW,Issued,acma-radio
DR,10503410,12000069,9580,ACT,Issued,acma-radio
DR,10224957,12000071,9580,ACT,Issued,acma-radio
DR,1901419,1137040,55315,NSW,Issued,acma-radio
DR,1901420,1137046,55315,NSW,Issued,acma-radio
DR,1911855,1137047,55315,NSW,Issued,acma-radio
DR,10503674,12000070,139711,NT,Issued,acma-radio
DR,10224729,12000072,139711,NT,Issued,acma-radio
DR,10224729,12000571,1055,NT,Issued,acma-radio
DR,12295932,12001001,13564,QLD,Issued,acma-radio
DR,11331530,12000073,403573,QLD,Issued,acma-radio
DR,10501814,1132489,32830,TAS,Issued,acma-radio
DR,10224884,1132491,32830,TAS,Issued,acma-radio
DR,12643483,12001235,139978,TAS,Issued,acma-radio
DR,10675046,12000551,150148,WA,Issued,acma-radio
DR,1901421,1132980,12013,VIC,Issued,acma-radio
DR,1901422,1132981,12013,VIC,Issued,acma-radio
DR,1911854,1132982,12014,VIC,Issued,acma-radio
DR,1901421,1133415,11597,VIC,Issued,acma-radio
DR,1901422,1133416,11597,VIC,Issued,acma-radio
DR,1911854,1133417,11597,VIC,Issued,acma-radio
DR,1901419,1137041,153007,NSW,Issued,acma-radio
DR,1901420,1137056,153007,NSW,Issued,acma-radio
DR,1911855,1137057,153007,NSW,Issued,acma-radio
DR,1901331,1132978,26624,WA,Issued,acma-radio
DR,1911856,1132979,26624,WA,Issued,acma-radio
DR,1901331,1136904,34678,WA,Issued,acma-radio
DR,1911856,1137037,34678,WA,Issued,acma-radio
DR,1901331,1137045,130852,WA,Issued,acma-radio
DR,1911856,1137049,130852,WA,Issued,acma-radio
DR,1901421,1137050,300609,VIC,Issued,acma-radio
DR,1901422,1137052,300609,VIC,Issued,acma-radio
DR,1911854,1137053,300609,VIC,Issued,acma-radio
DR,1901419,12000679,131097,NSW,Issued,acma-radio
DR,1901420,12000680,131097,NSW,Issued,acma-radio
DR,1911855,12000670,131097,NSW,Issued,acma-radio
DR,1901419,1132983,4045,NSW,Issued,acma-radio
DR,1901420,1132984,4045,NSW,Issued,acma-radio
DR,1911855,1132985,4045,NSW,Issued,acma-radio
DR,1901419,1136902,3397,NSW,Issued,acma-radio
DR,1901420,1136903,3397,NSW,Issued,acma-radio
DR,1911855,1137038,3397,NSW,Issued,acma-radio
DR,1901419,1136907,53537,NSW,Issued,acma-radio
DR,1901420,1136908,53537,NSW,Issued,acma-radio
DR,1911855,1137039,53537,NSW,Issued,acma-radio
DR,10224884,12000241,32964,TAS,Issued,acma-radio
DR,10224957,12000239,150963,ACT,Issued,acma-radio
DR,1901421,1138060,100353,VIC,Issued,acma-radio
DR,1901422,1138061,100353,VIC,Issued,acma-radio
DR,1911854,1138062,100353,VIC,Issued,acma-radio
